figure_name,embryo_image,,Contrast RR ,Correlation RR,Energy RR,Homogeneity RR,Contrast TE,Correlation TE,Energy TE ,Homogeneity TE,DC1,Mean DC1,LC1,Mean LC1,DC2,Mean DC2,LC2,Mean LC2,Radius ER,Sum ER,Mean grey ER,Deviation RR,Mean grey RR,Mode value RR,Dark RR,Mean Count RR,Bright RR,Deviation TE,Mean grey TE, Mode grey TE,Dark TE,Mean Count TE,Bright TE,WSN,Area ICM,Convex ICM,Eccen ICM,Mean ICM,MFA Classification,TGA Classification,BLC Classification,Modal value
blq1,,,0.36574122,0.971707785,0.135565391,0.883239821,0.622231427,0.938426636,0.380962395,0.877831721,1,90.90825688,2,200.9311927,0,0,0,0,144,0.218807346,102.850587,85.37253637,105.2581618,10,0.300110799,0.028936587,0.046690201,78.69183304,52.8964659,255,1.319230075,0.072328584,0.106985493,497,0.135990833,0.167375781,0.722542245,62.68034641,1,1,1,1
blq2,,,0.274494028,0.976492344,0.161102719,0.912793916,0.510196807,0.947825753,0.420069759,0.898653112,2,93.02293578,0,0,0,0,0,0,164,0.171912902,108.6922444,81.7601365,112.5845751,10,0.301287187,0.033648454,0.021773576,77.66056938,49.22960095,255,1.237408535,0.061849063,0.0875928,555,0.105806044,0.127980467,0.76790772,113.099843,1,1,1,1
blq3,,,0.235216486,0.976233436,0.163195588,0.90655194,0.312740292,0.974001132,0.356004987,0.923473258,5,119.4330275,19,192.3998069,0,0,5,195.1876751,145,0.246381693,100.835263,75.18106995,83.1572435,10,0.34956188,0.065326633,0.036792,85.77465132,61.30985022,255,1.245423095,0.078634378,0.138380344,378,0.112744944,0.140184958,0.647765004,126.5243846,2,3,2,2
blq4,,,0.338098279,0.961875726,0.142757465,0.886401506,0.343975341,0.964994874,0.457060465,0.917729957,21,92.97946702,15,177.253832,2,109.477591,1,159.2044944,177,0.182894324,112.4879904,72.43540311,112.7619743,10,0.242160505,0.054590929,0.008717778,77.96128729,49.54315499,255,1.216860154,0.021411326,0.070103659,687,0.053238362,0.065845367,0.854332552,44.71540435,2,3,2,2
blq5,,,0.402373194,0.943381049,0.134080994,0.863124803,0.286403137,0.968095359,0.434428304,0.912532256,20,85.7587156,17,138.3130059,1,77.18137255,1,115.3098996,169,0.225093826,95.82717995,64.56288681,90.8529889,10,0.276549362,0.069645462,0.005195955,74.74546345,47.11213447,255,1.224458686,0.048714124,0.0776115,625,0.053974531,0.06710135,0.826388894,126.1456607,2,2,1,2
blq6,,,0.319450789,0.969724418,0.142106167,0.885232228,0.54542724,0.95090057,0.362200601,0.885368394,5,91.49174312,11,178.9841535,0,0,1,232.8696629,145,0.214633972,103.468014,77.67255773,93.92538067,10,0.325244312,0.049872478,0.030580036,82.35197775,58.84869673,255,1.270523472,0.064064039,0.09525012,707,0.10059593,0.13433039,0.804895616,80.97813639,1,2,2,2
blq7,,,0.272272414,0.97541186,0.131711004,0.905899725,0.329115719,0.960718933,0.495059913,0.925876792,0,0,1,180.0917431,0,0,0,0,165,0.153408412,115.9740878,80.11991929,118.9101689,10,0.259213548,0.069209017,0.03210486,72.00567699,41.56902553,255,1.242840851,0.034229561,0.061725695,673,0.06764266,0.086076348,0.872318302,162.9033046,1,2,1,1
blq8,,,0.394673991,0.965249293,0.139798582,0.868654585,0.514282938,0.951864651,0.32552525,0.877019483,6,105.5048309,10,186.1155963,0,0,0,0,125,0.246560291,98.60269996,80.45068149,92.12143507,10,0.336853764,0.056603774,0.043866936,80.69664677,60.85159917,255,1.394841976,0.083738776,0.120248408,608,0.01480079,0.019236882,0.707561003,35.28851541,2,2,2,2
blq9,,,0.304184036,0.963361532,0.156313041,0.895366315,0.372008763,0.960812348,0.447075155,0.913482835,10,107.0231911,8,191.5416667,1,118.3239875,2,189.0560224,173,0.166126513,111.2637933,70.42000149,113.2889196,162,0.23324875,0.051457132,0.008811995,76.69255257,49.29139256,255,1.224190696,0.027666282,0.065359477,746,0.052857947,0.072193657,0.923552163,103.3513206,2,2,2,2
blq10,,,0.311838928,0.962491956,0.153371365,0.893192183,0.331804696,0.963504409,0.429474742,0.9084195,6,73.9648318,3,225.4036697,0,0,1,189.0364146,167,0.171829586,101.6875524,69.76256323,100.6338973,10,0.273230707,0.054124541,0.006486139,75.14416065,48.19702585,255,1.22857288,0.044640891,0.072702332,490,0.090892311,0.119654279,0.900666483,65.5314321,1,1,1,1
blq11,,,0.312006861,0.968825031,0.133967785,0.885699379,0.328083596,0.961381489,0.518956262,0.922532256,24,98.68382798,26,192.3394495,3,124.8749064,0,0,170,0.161996602,108.7447588,75.8952632,104.6052261,10,0.28260591,0.058326807,0.013656105,72.44699053,40.17495534,10,1.235329299,0.035599858,0.062940548,641,0.090495822,0.113032498,0.79659965,77.40745301,1,1,1,1
blq12,,,0.200020629,0.974189901,0.182728692,0.936478129,0.315603469,0.965680257,0.467675537,0.928717419,0,0,1,131.8025478,0,0,0,0,183,0.136652072,109.0881944,68.05875341,107.1000758,10,0.251242918,0.065852186,0.001849925,75.58366448,46.17912835,255,1.185981681,0.031423029,0.065312624,493,0.051367263,0.066245321,0.72428119,129.4812654,2,2,1,2
blq13,,,0.292981515,0.969201084,0.134717528,0.895036383,0.487844219,0.953684168,0.392087837,0.896737934,10,90.65748393,15,189.804893,0,0,0,0,147,0.23232836,100.9586833,74.15509808,98.36642481,10,0.294159043,0.067558058,0.018491106,80.46489536,53.56912719,255,1.307287243,0.069475115,0.118250868,520,0.095744572,0.118813094,0.838746547,94.55010661,1,1,1,1
blq14,,,0.297435897,0.975950647,0.160004056,0.913211044,0.503187546,0.95328596,0.37968117,0.897409015,0,0,0,0,0,0,0,0,143,0.202405176,106.8434841,84.08516824,106.1588692,10,0.325706772,0.033188692,0.041998685,80.72401855,57.15569098,10,1.308086785,0.049283366,0.069112426,417,0.147261489,0.181499597,0.813444565,166.8760493,1,1,1,1
blq15,,,0.302550014,0.97192522,0.157211261,0.891793044,0.537427793,0.949727771,0.333496252,0.89074273,9,99.73752013,11,202.954736,0,0,1,189.1146067,130,0.237564651,95.89833187,78.41177429,88.42039845,10,0.351948461,0.062672876,0.040614824,80.48594239,58.18915937,255,1.343685445,0.107139106,0.115262071,528,0.116403952,0.169730605,0.881366397,38.13949895,3,3,3,3
blq16,,,0.243384207,0.970809243,0.148273073,0.91034286,0.299984947,0.963949562,0.467634535,0.917432349,6,65.21865443,10,188.7799263,0,0,3,169.5406162,183,0.145805299,104.9081329,70.09655026,108.4338512,150,0.242459504,0.065216529,0.008965289,72.00253555,43.24713079,255,1.205990083,0.038267769,0.064502479,676,0.064827121,0.09121943,0.912999703,116.0658757,2,2,2,2
blq17,,,0.315808626,0.969978357,0.123881034,0.893992829,0.333845942,0.969377515,0.40976398,0.913877869,0,0,0,0,0,0,0,0,160,0.211899886,114.2082723,78.37730417,113.0730917,10,0.2622757,0.080776492,0.037241853,81.88041951,55.94222738,255,1.237771972,0.036631643,0.087336245,493,0.077531522,0.100521228,0.865831423,144.4822671,2,2,2,2
blq18,,,0.289237596,0.969898218,0.1162797,0.894908609,0.457960238,0.950330927,0.436243865,0.901448495,14,97.84993447,19,176.8778368,1,84.90965732,0,0,170,0.165058545,102.1383124,74.47624555,101.1572233,10,0.25154433,0.063257044,0.023322204,75.39745376,47.54218115,255,1.228270512,0.044273479,0.070095644,662,0.037313491,0.046950287,0.680500349,55.84924101,2,1,2,2
blq19,,,0.260852464,0.966262573,0.156360301,0.909592601,0.268494025,0.971997434,0.417188853,0.919360431,1,74.32110092,4,154.2018349,0,0,1,147.3438202,164,0.172232443,104.129441,67.63574939,101.7642116,10,0.26705122,0.073118624,0.001958376,77.18297752,50.62397479,255,1.225747298,0.039523581,0.088037886,473,0.074471177,0.098896262,0.844823524,90.79023085,2,2,2,2
blq20,,,0.22800328,0.968512589,0.181813668,0.924374044,0.354193598,0.95694941,0.461626397,0.918243049,1,43.24203822,0,0,0,0,0,0,181,0.125969527,106.2449874,66.11194531,110.555371,150,0.234174371,0.082583298,0.001443335,71.71379765,43.84981699,255,1.207132256,0.037104615,0.056644109,669,0.045749203,0.060525899,0.911338792,129.1051047,2,1,1,1
blq21,,,0.335368591,0.955965687,0.133858288,0.877788592,0.322662451,0.966838295,0.434071977,0.913722529,22,78.99749059,26,154.1242061,1,86.94080997,3,163.4183007,175,0.199955774,103.2074367,66.98196538,96.78609442,10,0.267676391,0.073135463,0.004859796,77.69516523,49.90172494,255,1.195390647,0.034629776,0.08018664,643,0.05461182,0.074147517,0.770836474,53.90290479,2,2,1,2
blq22,,,0.28668451,0.959021677,0.128333219,0.893498124,0.356895165,0.956443605,0.442720373,0.902709028,11,58.43478261,7,191.3643892,1,61.57209302,0,0,168,0.163113516,91.45856984,64.14598314,89.62380675,10,0.25577676,0.077417743,0.003215327,71.50531172,43.5366184,255,1.2472803,0.058442316,0.072203249,594,0.070755802,0.099258084,0.896007371,69.96287989,3,3,3,3
blq23,,,0.269687592,0.973461745,0.1683713,0.920466542,0.38999593,0.964026604,0.446576308,0.915047445,0,0,1,238.9541284,0,0,0,0,176,0.155393921,119.6174869,77.32279885,120.0458302,10,0.261710779,0.046270607,0.010760265,81.54278485,53.14883808,255,1.205384536,0.02272427,0.075277814,633,0.070836451,0.086950836,0.911300744,78.82779487,2,2,2,2
blq24,,,0.324054726,0.971732697,0.1304973,0.899099532,0.474096457,0.95566258,0.379195489,0.90308724,0,0,0,0,0,0,0,0,146,0.196726142,106.6475715,81.13427765,106.8842603,10,0.290388852,0.055666939,0.03163288,80.86561224,55.3981885,255,1.282938541,0.075963466,0.113462538,425,0.087147569,0.110792899,0.751028883,44.74528414,2,3,2,2
blq25,,,0.306537757,0.968559178,0.16066834,0.906218754,0.431188356,0.962586197,0.413024023,0.908727227,2,48.17431193,1,241.1834862,0,0,0,0,159,0.179155546,118.0222512,75.755818,118.7589707,10,0.253934678,0.057889732,0.01040191,83.92845761,57.1056235,255,1.251120728,0.036212618,0.099710842,495,0.059232713,0.078199156,0.90345553,83.20529211,2,2,2,2
blq26,,,0.305091998,0.971653123,0.143291286,0.907960332,0.343242193,0.968962835,0.429273639,0.914969855,0,0,0,0,0,0,0,0,169,0.186354105,115.7688982,78.91634307,114.3883525,10,0.269697913,0.051123605,0.021144421,82.27497172,53.93278095,255,1.218738219,0.033421298,0.088986871,439,0.064268845,0.082205431,0.817987567,109.6917348,2,2,1,2
blq27,,,0.314294135,0.959840075,0.130150672,0.890662551,0.342287342,0.962916183,0.438700219,0.910554257,7,70.01179554,10,157.1495413,2,65.88651685,2,147.4001848,176,0.168567774,101.1457375,67.655064,96.11265249,10,0.260198764,0.082426858,0.009277609,75.69266638,48.02392026,255,1.199219037,0.03872521,0.070316055,634,0.054351538,0.071635632,0.840929429,59.53950007,2,3,2,2
blq28,,,0.297932919,0.970336995,0.135282504,0.89565224,0.316668433,0.97051233,0.433691545,0.915919917,23,92.12917454,14,174.6635611,4,91.39269663,1,164.9205176,169,0.207306544,113.8977978,76.6085422,113.2672065,10,0.257470209,0.055827829,0.01360455,81.19693132,52.97379567,255,1.222458981,0.029716927,0.09265846,412,0.062189582,0.080251709,0.811662288,51.6347464,2,3,2,2
blq29,,,0.354449918,0.96596098,0.130727126,0.884594925,0.534033734,0.948033078,0.374781608,0.892770325,0,0,0,0,0,0,0,0,133,0.19742087,97.77110716,77.09385216,97.97351837,10,0.299297959,0.064195918,0.025991837,78.99866591,54.9301958,10,1.395722449,0.080555102,0.100212245,418,0.162154509,0.243176362,0.864341591,163.2752259,3,3,3,3
blq30,,,0.310193871,0.974810028,0.136521323,0.901938437,0.388079342,0.964643101,0.417524365,0.905647308,1,56.05504587,1,98.95412844,0,0,0,0,169,0.19673002,117.3035864,84.13667034,115.9339606,10,0.282319002,0.045419528,0.049107509,82.01678846,55.01001153,255,1.202675015,0.034158895,0.081233916,658,0.083782533,0.112586211,0.680209067,84.80146095,1,1,1,1
blq31,,,0.306948716,0.973651256,0.144803844,0.895485815,0.533665317,0.949751949,0.341024809,0.887658643,11,92.24933687,7,196.887287,0,0,1,215.3172691,135,0.212940144,103.4031592,81.51109333,100.9433226,10,0.320308355,0.040947536,0.027589651,80.65685405,58.49728445,255,1.317530664,0.087824974,0.118005056,508,0.080901809,0.108487686,0.754725528,120.8675448,2,2,2,2
blq32,,,0.309116005,0.975757458,0.143881189,0.912621987,0.382171415,0.965285163,0.437335197,0.917209386,0,0,0,0,0,0,1,211.4929972,172,0.192165176,124.4617209,85.82770379,129.6818104,10,0.25454233,0.044743708,0.056320205,82.01142963,53.54002159,255,1.213157525,0.027636739,0.083472637,542,0.063838991,0.079373753,0.907210303,137.2496434,2,3,2,2
blq33,,,0.261388829,0.979142493,0.151165601,0.91540774,0.293305942,0.972982035,0.409694841,0.923060454,6,88.85990338,1,222.8807339,2,72.54831461,2,198.9629213,164,0.202068077,111.7822387,84.34249444,108.1329025,10,0.308675604,0.038544393,0.031725685,81.7895456,54.69411479,255,1.212804216,0.049173031,0.093058449,403,0.094095956,0.114177512,0.799783109,168.2840247,2,2,2,2
blq34,,,0.274351609,0.975219382,0.14922757,0.909600127,0.343253652,0.963807268,0.469729206,0.921219375,30,101.7262997,14,179.1422018,4,105.8256303,2,196.3966292,177,0.170813809,120.1020782,80.38305157,126.0246041,191,0.239826621,0.050751168,0.016005274,76.45805342,47.33630109,10,1.212024295,0.024604076,0.054552596,517,0.06454228,0.093933339,0.896530655,158.3187528,2,3,2,2
blq35,,,0.369591268,0.964273725,0.132100236,0.876657783,0.332102774,0.964210324,0.442579096,0.91692667,26,86.61079746,18,175.0433673,6,91.78256795,0,0,170,0.195237406,109.0799593,77.37335058,111.8667763,173,0.256431348,0.046289576,0.018660989,75.84808275,48.37567546,255,1.232254318,0.037370365,0.06436993,599,0.07601586,0.10423569,0.917209623,47.54251301,2,3,1,
blq36,,,0.264984181,0.972734884,0.158362522,0.924257667,0.304001416,0.971679432,0.439545747,0.934988806,0,0,0,0,0,0,0,0,177,0.193257759,117.9473553,75.57610584,117.2501988,10,0.252034871,0.064147234,0.017175324,81.26743258,52.8927124,255,1.190952594,0.025864188,0.08016597,399,0.061245319,0.080457705,0.814968544,124.7948598,1,2,1,1
blq37,,,0.267587804,0.976946345,0.142059275,0.914700335,0.35311934,0.963191336,0.455485356,0.915406695,1,15.10810811,6,197.3381643,1,28.96404494,1,195.8629213,182,0.192327438,119.1589296,82.29323147,126.3051564,10,0.246937434,0.054408351,0.036965477,76.84692048,47.79250051,255,1.194581975,0.033973353,0.066725704,570,0.04205496,0.056030105,0.75593823,157.9168423,1,2,1,1
blq38,,,0.28420771,0.966931478,0.150337727,0.906230464,0.407216819,0.957399403,0.456229301,0.907175632,1,23.01834862,0,0,0,0,0,0,179,0.156646493,112.095089,71.29144239,114.9209135,175,0.229418283,0.063726522,0.005989704,76.79083532,47.91486791,255,1.212206652,0.033230933,0.06016356,699,0.037852936,0.053324796,0.93354824,142.0033457,3,3,3,3
blq39,,,0.257905085,0.972826169,0.158528677,0.915365024,0.330251282,0.967119336,0.461398008,0.923319186,0,0,0,0,0,0,0,0,182,0.15030446,116.6316584,74.73728215,119.7659569,174,0.236740061,0.058728817,0.0077017,78.62604434,48.90952348,255,1.200364959,0.03220223,0.072548941,615,0.056609562,0.081730736,0.866498208,145.8068401,1,2,1,1
blq40,,,0.275591089,0.972446392,0.148920145,0.906526566,0.322683903,0.967426777,0.460719419,0.919839749,0,0,0,0,0,0,0,0,181,0.183984494,118.1842374,76.83423267,122.6840185,180,0.237074659,0.058863578,0.012445364,78.13190193,48.77207818,255,1.204422598,0.02634768,0.070845985,484,0.054119219,0.07112792,0.832552002,157.1839358,2,3,2,2
blq41,,,0.332930826,0.972681959,0.142266565,0.882433374,0.550567676,0.950256367,0.348740859,0.885379357,22,118.8205342,15,183.1155963,1,123.8687616,2,209.0644258,139,0.222377043,106.0561066,83.40455317,101.890789,10,0.327204095,0.057508079,0.046012182,82.17375967,59.48101761,255,1.294117647,0.079784952,0.106179759,669,0.101078121,0.149712614,0.920624367,39.99237326,2,3,2,2
blq42,,,0.249555226,0.970966022,0.16076906,0.911344853,0.290374332,0.967113413,0.470688372,0.929033995,7,63.8757764,5,212.4055046,2,49.71962617,1,164.1214953,188,0.157479818,111.0824036,71.26512542,113.6152662,169,0.237993229,0.062246845,0.009996922,73.86525957,45.32602311,255,1.188377962,0.031480456,0.045527855,512,0.052042942,0.062137478,0.805121789,152.0506158,2,3,2,2
blq43,,,0.293359804,0.977840637,0.162708261,0.920596418,0.416147358,0.963928119,0.434844442,0.912749491,0,0,0,0,0,0,0,0,179,0.158663188,128.0980392,87.47445093,129.5255509,10,0.267137988,0.033174824,0.039346884,83.9413379,55.73158675,255,1.176787443,0.022864678,0.076828122,617,0.056188392,0.07919566,0.847334297,192.1260957,1,2,1,1
blq44,,,0.234618752,0.979009733,0.167107573,0.932315492,0.258911298,0.974324369,0.477932874,0.940634611,0,0,0,0,0,0,0,0,195,0.164240367,125.0388842,80.92899718,129.7327994,10,0.241585665,0.04848939,0.021610497,78.79584517,48.48122204,255,1.167000369,0.022427042,0.061509379,398,0.049927966,0.063760977,0.910974335,161.6940852,1,1,1,1
blq45,,,0.265892521,0.981930027,0.173903009,0.925709061,0.34051208,0.966769931,0.492531063,0.928685019,0,0,0,0,0,0,0,0,202,0.150659711,135.9653098,92.33253651,147.0273454,222,0.242831916,0.036317611,0.122273372,79.06545615,47.17584617,255,1.162969919,0.023231839,0.059192193,634,0.044257778,0.059017823,0.770253513,71.39083218,2,2,2,2
blq46,,,0.391619271,0.958624488,0.114834973,0.865358079,0.355080883,0.962348123,0.421013626,0.911379533,18,108.8430173,12,158.9293937,2,108.7134935,2,134.2226891,168,0.219198942,109.3355937,74.30488857,111.1209329,171,0.245647647,0.081482716,0.012694711,76.54501253,49.84621074,255,1.211162016,0.044164931,0.073619325,813,0.04659393,0.064177743,0.915785395,169.9177452,2,3,1,
blq47,,,0.288955932,0.974653532,0.161517138,0.910768712,0.294185224,0.968747034,0.463858681,0.92499609,2,57.97101449,1,187.8807339,1,32.44817927,1,143.7647059,185,0.155746307,120.3809608,81.40919868,127.7572744,10,0.24921314,0.045400239,0.013463342,76.29775758,47.15694656,255,1.190683573,0.031667116,0.06089336,431,0.054764375,0.069355873,0.882387647,158.0330638,1,2,1,1
blq48,,,0.256789594,0.979442187,0.169967516,0.920510292,0.324174425,0.969586014,0.445759559,0.915170316,4,87.85144928,5,198.3014493,0,0,0,0,178,0.191755485,120.5555644,84.63152948,123.7314062,10,0.272894268,0.036354575,0.019409042,80.84596047,51.59485023,255,1.197351371,0.032894268,0.081480954,690,0.075960889,0.092814222,0.799168536,177.4757536,1,1,1,1
blq49,,,0.252868217,0.977656751,0.175261488,0.921981477,0.373703194,0.959815176,0.482412972,0.920593942,10,69.43623188,4,201.9891304,1,37.77871148,1,193.3875969,196,0.139326862,122.3306493,81.31914214,129.2455602,185,0.242922264,0.038708182,0.022692906,75.66650422,45.61874922,255,1.17482147,0.024116732,0.046986236,694,0.036271393,0.046441828,0.851561081,181.1891627,2,2,1,2
blq50,,,0.298701995,0.973090369,0.125988896,0.898343354,0.441211234,0.958436764,0.423709807,0.90529437,6,58.1763285,19,166.4393593,0,0,4,153.4516807,164,0.193771853,112.2932881,79.99241316,114.2665527,10,0.25239901,0.051273834,0.017892432,80.63226411,52.30821386,255,1.241681354,0.04733928,0.091260304,514,0.033477564,0.048625933,0.795886938,149.3358968,3,3,2,3
blq51,,,0.22809853,0.978802607,0.162481956,0.935047803,0.32692751,0.964435519,0.449610136,0.943122043,0,0,0,0,0,0,0,0,175,0.164346642,117.533682,79.57028161,126.1515481,10,0.244182406,0.059882828,0.008228858,75.482894,47.85424586,255,1.21113281,0.031305437,0.06049403,245,0.064754225,0.083056088,0.819003664,47.88749008,3,3,3,3
blq52,,,0.289970411,0.973783614,0.167790765,0.910923752,0.500189949,0.948204214,0.425775146,0.902459969,0,0,0,0,0,0,0,0,167,0.162675994,111.0421503,79.88503319,116.0989517,10,0.282985317,0.035817711,0.009839286,77.25314803,49.10561011,255,1.22671002,0.055784179,0.080492472,617,0.07201727,0.092513382,0.905856691,105.0678627,1,1,1,1
blq53,,,0.19764728,0.98034063,0.155963092,0.930910368,0.411263629,0.955109127,0.419930916,0.917345442,0,0,0,0,0,0,0,0,161,0.144511043,101.9894605,76.18412393,105.241431,10,0.289556043,0.068083432,0.00942636,75.30096236,47.34359139,255,1.245872454,0.075691985,0.083975188,339,0.115186488,0.140151873,0.912898953,127.9342243,1,3,2,
blq54,,,0.249364494,0.975329879,0.198449963,0.924911768,0.486880579,0.945318542,0.460567075,0.906395155,2,39.30275229,0,0,1,35.32773109,0,0,181,0.13811468,114.5008633,76.97783605,122.8231506,174,0.249288545,0.04301412,0.004248308,74.2113711,44.90155079,255,1.209923612,0.04331368,0.060211598,724,0.045549424,0.062013902,0.828077166,161.8401391,2,2,1,2
blq55,,,0.25529081,0.980269969,0.187658313,0.922478056,0.387612253,0.962557815,0.412838321,0.919560639,0,0,0,0,0,0,0,0,162,0.17679031,113.5093311,85.85004893,117.3579731,10,0.314778316,0.023816979,0.021293448,79.73625934,52.11849054,255,1.222291809,0.061946251,0.089134079,374,0.09878537,0.118998037,0.86438115,45.37351575,1,1,1,1
blq56,,,0.252272118,0.980735457,0.168032367,0.930701935,0.37160675,0.962810656,0.459072636,0.927695578,0,0,0,0,0,0,0,0,189,0.155773218,125.8763588,86.76805601,132.1148976,10,0.264274181,0.039359468,0.046085299,78.23215251,49.27373724,255,1.166640362,0.027656036,0.052446916,460,0.071061932,0.092050581,0.853455444,105.6809821,1,1,1,1
blq57,,,0.265211023,0.979443364,0.187414013,0.920592546,0.34469517,0.96387437,0.52347277,0.925111352,3,47.96618357,1,221.2568807,1,15.025,0,0,211,0.142771504,134.1553929,87.14449048,147.2074735,219,0.224842782,0.040388459,0.069486405,76.27460923,42.9837453,10,1.173127299,0.024853734,0.051441663,725,0.030887336,0.039566847,0.748158159,183.1569835,1,1,1,1
blq58,,,0.329780214,0.968564656,0.146168632,0.896692245,0.477520665,0.946291109,0.415501671,0.908832555,0,0,5,184.1926606,0,0,1,194.7352025,145,0.220402156,97.44879731,77.67283362,105.1793137,10,0.292745133,0.04762506,0.011615868,73.79039469,47.20934855,255,1.351354764,0.080199995,0.083406985,308,0.12298782,0.158544632,0.927532819,126.3072469,2,2,2,2
blq59,,,0.273610571,0.9745697,0.144050825,0.90939023,0.399364647,0.957389873,0.438677681,0.91670408,0,0,0,0,0,0,0,0,170,0.182725295,109.2766335,78.90519084,113.3190755,10,0.26730214,0.046725053,0.019015822,76.16608631,48.05749167,255,1.225754423,0.049112111,0.072208513,485,0.071050038,0.087057053,0.709653867,159.6679043,1,2,1,1
blq60,,,0.280239582,0.974610062,0.151564197,0.921307747,0.383434256,0.96208088,0.408428966,0.920228569,0,0,0,0,0,0,0,0,145,0.193029776,110.2303971,80.01364639,120.9655059,10,0.264791293,0.069139668,0.015302644,78.0584101,52.81308892,10,1.336405646,0.062649933,0.056286457,210,0.017909322,0.027000136,0.906611336,164.2725146,3,3,3,3
blq61,,,0.307810419,0.97261234,0.126717201,0.904575458,0.385487376,0.963180748,0.420782638,0.920575095,0,0,0,0,0,0,0,0,162,0.184492138,107.9909517,80.26241124,107.0663118,10,0.270183647,0.052257363,0.037724032,80.02062116,52.37251387,255,1.241264345,0.046326143,0.085505351,302,0.102380811,0.134000289,0.557674717,154.3048568,2,3,2,2
blq62,,,0.249613245,0.971688096,0.145447512,0.911370535,0.439239791,0.95227538,0.450850113,0.908578879,0,0,2,167.5642202,0,0,0,0,169,0.16899033,104.5844993,71.91995861,108.474012,10,0.254175613,0.072726975,0.006097461,75.36227219,46.10330284,255,1.254224787,0.053238047,0.071399302,639,0.080644022,0.095057631,0.913129968,125.7661996,1,1,1,1
blq63,,,0.308643933,0.974775403,0.161258764,0.927733973,0.398295033,0.959283693,0.373765372,0.929416631,0,0,0,0,0,0,0,0,143,0.238222627,105.6847399,83.82313665,109.0138856,10,0.315345168,0.034661407,0.029270217,77.18808415,54.1786642,255,1.283523997,0.082498356,0.061880342,222,0.150755173,0.196936307,0.729778831,165.535154,1,2,1,1
blq64,,,0.287493107,0.96931303,0.137800727,0.9028245,0.383675637,0.958980077,0.463263679,0.91485312,1,96.74522293,0,0,0,0,0,0,177,0.169675863,109.9715269,74.05351149,114.535341,166,0.241003918,0.06471107,0.01153696,75.96750828,46.27133674,255,1.226214055,0.044123813,0.067790484,497,0.055387446,0.074729208,0.895342922,86.1846613,1,2,1,1
blq65,,,0.286134163,0.971123789,0.140661537,0.906005565,0.465256798,0.94741933,0.441846092,0.91056628,0,0,0,0,0,0,0,0,166,0.167079191,104.6565475,75.83843904,111.316007,10,0.258983144,0.057195985,0.008384842,74.13506509,45.48308248,255,1.253163685,0.057919113,0.082471032,583,0.081160056,0.106111152,0.792651878,147.2478248,1,1,1,1
blq66,,,0.224256718,0.977249459,0.177830852,0.928935293,0.413702554,0.952766137,0.454477355,0.917911556,0,0,0,0,0,0,1,212.541573,178,0.115402906,110.4619242,76.05915913,118.1227341,10,0.257814169,0.054126023,0.004713421,73.61085032,44.62365404,255,1.210936276,0.053584906,0.061530794,518,0.073344,0.093845333,0.890124868,146.5285049,1,1,1,1
blq67,,,0.264301875,0.976535539,0.143993389,0.918665046,0.365112704,0.956221001,0.458400695,0.923339996,0,0,0,0,0,0,0,0,182,0.134554251,111.0288459,80.76739514,118.5462035,10,0.266017255,0.063129788,0.027693918,72.03345647,44.0714508,255,1.193776919,0.039018369,0.055924539,591,0.07520673,0.092876766,0.781216076,117.0002719,1,1,1,1
blq68,,,0.218616401,0.974122989,0.148931241,0.917889569,0.343500724,0.958074036,0.456143655,0.92060077,0,0,0,0,0,0,0,0,170,0.183430202,97.43937139,70.08113736,100.7570846,10,0.266415058,0.06449896,0.00525798,71.29813097,43.03547654,255,1.25285076,0.059466783,0.058724859,368,0.115757947,0.138329156,0.578453018,132.4586769,2,2,1,2
blq69,,,0.257737039,0.975620944,0.144503575,0.918377287,0.326897051,0.964148009,0.467009631,0.925230991,0,0,1,189.866242,0,0,0,0,179,0.161832279,106.9765396,77.91776964,109.9384758,176,0.258581268,0.042489024,0.01743607,74.90868708,45.33158361,255,1.219837563,0.05009188,0.057596544,335,0.093126667,0.128214509,0.837015917,65.76397703,2,2,1,2
blq70,,,0.236963985,0.977564982,0.154011294,0.920699503,0.387347053,0.95517474,0.442159656,0.922405009,0,0,0,0,0,0,0,0,170,0.171909367,105.071423,78.07047508,110.8654699,10,0.280753536,0.045596039,0.01116111,73.28361366,44.94827751,255,1.227867292,0.067998903,0.068644054,454,0.094777353,0.118667608,0.874114411,147.1266476,1,1,1,1
blq71,,,0.301438399,0.966504426,0.128215432,0.895315505,0.480553201,0.944312926,0.447211669,0.903986001,0,0,0,0,0,0,0,0,169,0.16887888,102.3900976,72.71058128,108.0625809,10,0.252159517,0.088741005,0.017325313,73.02248341,44.26674533,255,1.249995902,0.061548296,0.06384304,730,0.072091582,0.085422404,0.815918674,120.8475185,1,2,1,1
blq72,,,0.331902648,0.96993898,0.145218981,0.891240074,0.43684838,0.955436686,0.400214422,0.912791705,0,0,2,173.3669725,0,0,0,0,147,0.237881732,97.85597969,78.90993711,97.63978743,10,0.309641098,0.034531292,0.020286831,77.64566319,50.89904367,255,1.309252833,0.077847072,0.110388507,288,0.101919995,0.116720595,0.534572602,44.68602904,1,1,1,1
blq73,,,0.251919087,0.977775565,0.141410851,0.912773044,0.459040557,0.947730077,0.432801738,0.907783162,2,86.65942029,4,189.6880734,0,0,0,0,166,0.175650317,102.1740674,80.24258008,106.3840843,10,0.279437338,0.041614297,0.022812968,73.81794393,45.69093929,255,1.244072933,0.06007128,0.075274186,465,0.123010365,0.14714978,0.827392109,136.6320026,1,1,1,1
blq74,,,0.276701992,0.977563645,0.148532511,0.919440553,0.384416676,0.965081017,0.456281057,0.916624688,0,0,0,0,0,0,0,0,180,0.160373166,124.0493944,84.63258362,129.1353768,10,0.248490209,0.050690289,0.035087962,81.82361835,51.30072703,255,1.202249831,0.031633062,0.079310678,571,0.060692978,0.082629611,0.869503488,163.3839183,2,2,1,2
blq75,,,0.274238821,0.975301264,0.157143711,0.912882632,0.406201334,0.960590001,0.426255058,0.916846488,0,0,0,0,0,0,0,0,159,0.174245106,106.9866752,79.78879544,109.5968678,10,0.291175843,0.039531138,0.006404161,79.43857993,50.61828658,255,1.264181335,0.064080421,0.092394574,484,0.131417905,0.168162086,0.894937175,165.4988275,1,2,1,1
blq76,,,0.315184579,0.969965786,0.126412843,0.897612445,0.45045584,0.958259336,0.421947519,0.904678051,8,72.24818841,10,161.0192661,2,89.41774492,1,181.3505618,163,0.185877447,110.8195692,77.99006029,110.365378,10,0.259049344,0.050973291,0.028356722,81.30267867,53.18255148,255,1.244382073,0.044961521,0.097256677,594,0.038202058,0.057290485,0.758840821,155.749945,2,2,2,2
blq77,,,0.239587733,0.975233763,0.14647581,0.911596876,0.295290026,0.968667381,0.452781991,0.918463706,15,65.72911548,15,182.8195719,3,74.67927773,3,206.3921569,179,0.180360038,110.5421384,75.29966673,112.8956641,10,0.2562948,0.058311942,0.01737996,76.22750876,47.46304796,255,1.20322911,0.0391505,0.063221535,469,0.041631194,0.053739912,0.709968344,160.2638161,1,2,1,1
blq78,,,0.3138359,0.972470033,0.143104774,0.888064389,0.416671596,0.961189588,0.410252926,0.910735281,0,0,1,179.3761468,0,0,0,0,160,0.191707103,114.3816688,81.24558224,116.5501039,10,0.291031826,0.052325471,0.028794264,81.33739173,54.03392262,255,1.24103278,0.051028775,0.093819721,632,0.07586951,0.097319028,0.894045883,165.9216653,1,1,1,1
blq79,,,0.290453745,0.975322795,0.137055312,0.904178999,0.458675471,0.959350065,0.373354521,0.907434073,0,0,0,0,0,0,0,0,144,0.227910247,110.805048,82.45731406,109.9465073,10,0.29361746,0.046432529,0.038109717,82.81571648,58.85560101,255,1.289778144,0.059831482,0.104898348,420,0.084637503,0.101995777,0.861196351,176.2431992,1,2,2,2
blq80,,,0.278800395,0.974136004,0.133931046,0.909104412,0.319224472,0.965000758,0.46339282,0.925853328,0,0,0,0,0,0,0,0,172,0.182201853,115.6495469,79.26742638,118.7146584,10,0.256883469,0.069736587,0.032110434,74.90941052,46.16591424,255,1.215947884,0.037834856,0.054203128,469,0.070140564,0.090622115,0.878946517,66.02122917,1,2,2,2
blq81,,,0.272248244,0.973653565,0.1463674,0.905484634,0.438931093,0.949752014,0.425833491,0.899979019,0,0,2,196.233945,0,0,0,0,168,0.15312122,99.62465583,76.63339322,99.4814494,10,0.300408163,0.049429404,0.013394419,73.46694995,46.23015371,255,1.22300708,0.060741358,0.064489796,656,0.108653045,0.13436223,0.74879291,147.4223326,1,1,1,1
blq82,,,0.29271036,0.968960517,0.148139548,0.903805681,0.383193683,0.962814424,0.449951135,0.914200838,0,0,0,0,0,0,0,0,174,0.16538951,115.1065203,74.58486567,117.4086966,10,0.241366258,0.063574013,0.009477812,79.6268691,50.42576552,255,1.221577919,0.032218504,0.079486442,482,0.056493106,0.077110974,0.928908594,152.218557,2,2,1,2
blq83,,,0.299874205,0.972606067,0.142600891,0.9078555,0.372868616,0.961378558,0.442335457,0.915991022,0,0,0,0,0,0,0,0,157,0.172940322,115.2844452,79.66186282,116.3107812,10,0.27523071,0.061964671,0.02657997,77.08328074,48.33590345,255,1.242848459,0.05019433,0.073735011,535,0.074029783,0.089279168,0.767216161,142.8068624,1,1,1,1
blq84,,,0.262005859,0.975048455,0.145351389,0.913835597,0.394817719,0.962250295,0.433088788,0.918443161,0,0,0,0,0,0,0,0,169,0.181472633,117.8832692,78.6629038,121.6540019,10,0.251421921,0.063629956,0.024996312,80.16908587,52.22239343,255,1.22180334,0.037322362,0.076759167,351,0.058454754,0.068435217,0.693348794,85.90416107,2,2,1,2
blq85,,,0.200548831,0.978004119,0.150278305,0.928176781,0.269235204,0.970855559,0.458408152,0.929792423,0,0,0,0,0,0,0,0,187,0.147253254,108.3108985,72.91963626,105.935247,10,0.263556793,0.058847033,0.008615415,75.82625495,47.07005728,255,1.174468404,0.033737467,0.061906129,450,0.074128029,0.085355036,0.71926709,65.40047166,2,2,2,2
blq86,,,0.285278515,0.973598962,0.149625594,0.907070895,0.386064306,0.961593544,0.445421353,0.911693994,0,0,0,0,0,0,0,0,176,0.183344686,118.668217,79.51776062,123.5927541,10,0.249878892,0.049955227,0.024206926,78.6699,50.0126947,255,1.206059805,0.031517447,0.072224424,705,0.057584586,0.080680902,0.932684462,158.6323492,3,2,3,3
blq87,,,0.224565071,0.982075424,0.175647532,0.940029147,0.290208796,0.966751275,0.500296944,0.945125648,0,0,0,0,0,0,0,0,186,0.124127607,124.1568644,85.15322912,131.4762874,10,0.260748794,0.042204954,0.046455382,73.15477212,42.72525321,255,1.188587301,0.03469786,0.043007148,328,0.083806455,0.1036392,0.779703025,125.3154562,1,1,1,1
blq88,,,0.299111146,0.968743198,0.128713755,0.89524081,0.414387254,0.954442152,0.428560153,0.914584248,0,0,0,0,0,0,0,0,159,0.175831556,102.6789897,74.73134661,110.0549787,10,0.258747501,0.072813367,0.012420191,75.07085616,46.24765895,255,1.2720798,0.078130761,0.090997302,485,0.090183061,0.12223406,0.896193168,148.7237844,2,2,2,2
blq89,,,0.253206374,0.974191547,0.146757731,0.905566621,0.424778761,0.952780988,0.440749405,0.90697419,1,111.5217391,5,181.1333333,0,0,0,0,170,0.160113177,107.9374527,75.7368629,114.1123853,10,0.256592636,0.057418429,0.011435299,74.69920988,46.2151739,255,1.232173675,0.051644328,0.075579426,636,0.062592624,0.082595573,0.891543857,157.6278666,1,2,1,1
blq90,,,0.25615254,0.973484535,0.145486727,0.915816277,0.406791372,0.956780057,0.447835863,0.91090025,0,0,0,0,0,0,0,0,173,0.160021736,109.0281453,75.23740197,112.2649135,148,0.249903883,0.05384083,0.021945406,76.15350108,47.55088427,255,1.228296809,0.043029604,0.066820454,520,0.097669356,0.120562957,0.881561037,107.960498,1,1,1,1
blq91,,,0.273912351,0.976585858,0.140730102,0.904844109,0.375513196,0.9599236,0.444469906,0.921960158,3,96.19877676,1,156.6811594,2,94.25770308,0,0,171,0.1843391,115.8238061,82.39202633,125.7992572,10,0.25274202,0.050443644,0.035666101,76.05120768,47.3315847,255,1.226885288,0.053919779,0.070998873,494,0.049731049,0.064356474,0.924678691,45.43064342,2,2,2,2
blq92,,,0.272118604,0.976357583,0.145493607,0.900405138,0.466862677,0.94864197,0.373294297,0.894765899,8,92.88043478,12,179.02657,0,0,0,0,148,0.175881325,100.0085952,81.08232645,101.783605,10,0.314907793,0.03733492,0.025008923,74.74553075,50.86561333,255,1.265080309,0.088970851,0.065675193,559,0.085875535,0.110707987,0.79800261,43.45581505,1,1,2,1
blq93,,,0.253266396,0.980530483,0.164290795,0.930077242,0.375698012,0.963308182,0.491907034,0.930154183,0,0,0,0,0,0,0,0,182,0.151371131,132.0767637,87.03108703,137.8271298,10,0.249920847,0.050227327,0.069464672,79.23866724,47.6338687,255,1.194969669,0.021491622,0.066273223,579,0.069000287,0.095450509,0.88845818,165.7256363,1,1,1,1
blq94,,,0.281829184,0.969503449,0.1400717,0.90723628,0.414336721,0.949395395,0.429945683,0.914407944,1,53.21656051,0,0,0,0,0,0,166,0.169562738,101.3892078,73.43435937,106.2396136,10,0.264475474,0.063962397,0.007902756,71.62656586,45.01111709,255,1.236962174,0.063135965,0.064737177,475,0.053035284,0.06775919,0.840520753,47.87052342,2,2,2,2
blq95,,,0.286200514,0.973275576,0.143506794,0.903028623,0.390084225,0.947081469,0.53824153,0.922588146,7,42.14547837,11,167.7974684,5,62.28571429,0,0,159,0.133072948,110.8994719,78.70345284,111.7134778,10,0.27182115,0.043525129,0.02513709,67.6242363,35.4744302,255,1.256338952,0.042978331,0.046696558,661,0.014034916,0.016911992,0.59395133,147.829849,2,2,1,2
blq96,,,0.260700827,0.974451068,0.140221804,0.906625638,0.296758593,0.965857364,0.506038447,0.927820583,8,69.01605505,4,182.662844,2,85.31587302,1,175.2730924,197,0.125678641,115.1773312,77.12315766,114.9407772,10,0.25393747,0.06098868,0.013095979,73.34221032,42.05583127,255,1.155416509,0.021282242,0.047300677,730,0.038944279,0.052100821,0.542091037,154.0756598,1,1,1,1
blq97,,,0.262150483,0.977771332,0.135356466,0.907861727,0.381561885,0.956419508,0.475588113,0.917440671,0,0,0,0,1,114.3826248,0,0,186,0.147598774,117.1351777,82.7943747,126.7339699,10,0.250047492,0.065260065,0.045490812,73.38274276,44.16041005,10,1.200516711,0.036258406,0.046187358,766,0.010243261,0.012225195,0.496508384,171.0708812,1,1,1,1
blq98,,,0.269740957,0.9759072,0.153520438,0.914695647,0.44319627,0.952669782,0.432679481,0.912098254,0,0,0,0,0,0,0,0,169,0.14626585,110.5352341,80.46930613,115.4566212,10,0.285072694,0.053188874,0.015456736,75.99054444,48.24998019,255,1.218967693,0.049828714,0.072054943,515,0.098258911,0.120408948,0.756260891,159.1987543,1,1,1,1
blq99,,,0.240629183,0.976834447,0.180737015,0.923439672,0.294265518,0.965880024,0.536015239,0.931577223,0,0,0,0,0,0,0,0,206,0.100610107,122.4723013,77.90766046,125.8092777,173,0.23955487,0.037235434,0.005699393,73.03557077,40.26050169,255,1.150664178,0.019623227,0.042321601,857,0.038332818,0.045544772,0.894765027,169.6981828,1,2,1,1
blq100,,,0.21776976,0.976503808,0.191054151,0.934271977,0.275513024,0.967219982,0.498926302,0.939315107,0,0,1,173.6376812,0,0,0,0,204,0.100710935,115.091741,73.81676193,117.5693045,165,0.247275479,0.048407543,0.005424475,72.0497934,42.85104152,255,1.15761441,0.020656244,0.02881261,633,0.045427314,0.053629392,0.795502726,151.546697,2,2,2,2
blq101,,,0.288785667,0.975407503,0.162341047,0.912962287,0.470442571,0.952761149,0.459959834,0.910791954,0,0,0,0,0,0,0,0,183,0.140225917,123.179073,82.71561734,131.0763372,190,0.245289256,0.043464463,0.025877686,78.06485379,48.80088572,255,1.195319008,0.028892562,0.054042975,662,0.048763704,0.065636701,0.920756856,177.1465136,2,3,2,2
blq102,,,0.314420804,0.969692048,0.141837796,0.895643039,0.428793922,0.95293001,0.438281692,0.912622914,0,0,1,189.1834862,0,0,0,0,163,0.16819423,104.1177657,77.41589125,110.4532005,10,0.281376188,0.057600724,0.015373472,74.80682049,46.14910296,255,1.261892259,0.064173834,0.079529199,493,0.086981727,0.107137156,0.85543043,57.18023761,1,1,1,1
blq103,,,0.254908371,0.974391935,0.168086595,0.91394092,0.289845789,0.964608328,0.510242297,0.928796103,0,0,0,0,0,0,0,0,207,0.120091429,116.1407993,76.47848815,123.3093004,174,0.239147313,0.054155604,0.003297262,71.25458555,40.6560219,255,1.168476646,0.029368632,0.040563985,741,0.055101899,0.079524665,0.733801745,160.6844449,1,1,1,1
blq104,,,0.248640453,0.97897083,0.154602907,0.926106567,0.336208885,0.965273904,0.468316013,0.931686412,0,0,0,0,0,0,0,0,187,0.165531336,126.1522184,83.21126446,135.7759243,198,0.231754673,0.053515464,0.045574299,77.1942664,47.99675122,10,1.187341582,0.024884816,0.054277117,492,0.046500787,0.057404062,0.769116249,159.5130883,2,3,2,2
blq105,,,0.259751244,0.975448593,0.174123007,0.918862177,0.434767153,0.959172118,0.387071838,0.913018412,0,0,0,0,0,0,0,0,146,0.21391392,100.2212539,77.54533726,95.76963441,10,0.340907403,0.04465236,0.013143239,80.95145371,54.29431632,255,1.295784758,0.077176308,0.115021905,177,0.158342035,0.192285026,0.807560107,100.0102514,1,2,1,1
blq106,,,0.209572377,0.975354642,0.162286922,0.929717678,0.21152303,0.975394168,0.498922208,0.9435473,0,0,1,181.3944954,0,0,0,0,202,0.143865085,104.5377411,70.49771064,103.155784,10,0.266808889,0.062009411,0.003919607,73.02616945,42.17125282,255,1.168073574,0.030142188,0.058365401,424,0.095898373,0.123998905,0.803790894,64.49064631,1,1,1,1
blq107,,,0.270468662,0.973021468,0.147291034,0.910999973,0.399114053,0.955097799,0.479420804,0.914172292,0,0,0,0,0,0,0,0,167,0.155302902,111.3301706,76.54449627,112.9771907,10,0.264665906,0.053523723,0.017591276,74.02537269,43.59691695,255,1.241653517,0.047649549,0.062147511,566,0.07325956,0.095017976,0.881827548,58.78213299,1,2,1,1
blq108,,,0.279652057,0.976516522,0.137263508,0.913927293,0.419720512,0.955112223,0.482498551,0.919468559,0,0,0,0,0,0,0,0,190,0.140832285,119.5380219,83.15550331,127.4841776,192,0.243339998,0.051735492,0.03860107,75.76202867,45.24859894,10,1.195507717,0.032937824,0.053998396,713,0.065125219,0.090608727,0.936878805,114.4959491,2,2,2,2
blq109,,,0.291729084,0.973016058,0.146309721,0.900848947,0.466784544,0.949301342,0.432813261,0.904885491,0,0,1,193.4594595,1,29.21573034,0,0,171,0.172745788,105.1291355,78.67694,106.8224473,10,0.289392232,0.040110474,0.014285488,75.21607836,47.15901136,255,1.216234663,0.058872081,0.062951382,712,0.078275949,0.107703287,0.843717215,160.1694932,1,1,1,1
blq110,,,0.233800245,0.978207743,0.177546555,0.928424788,0.45220334,0.952829688,0.439694604,0.910120685,0,0,1,223.1621622,0,0,0,0,175,0.143933234,111.066584,78.85559503,113.905383,10,0.275994693,0.032065712,0.006603956,76.95532818,48.26007176,255,1.204752463,0.046943248,0.073463425,581,0.074940695,0.091692922,0.813915411,157.3825951,2,2,2,2
blq111,,,0.21891472,0.976254662,0.17237751,0.924543143,0.322160149,0.959032569,0.471180921,0.925049442,0,0,0,0,0,0,0,0,179,0.115249617,109.0741244,73.55567364,116.6514559,172,0.247246445,0.057945578,0.002501347,69.72100758,42.14025109,10,1.214991501,0.044471469,0.033291414,575,0.014074453,0.015229244,0.480350482,177.6519145,1,1,1,1
blq112,,,0.226380558,0.973112598,0.152123569,0.914902475,0.390433702,0.949406506,0.465607321,0.916543424,2,62.42201835,9,175.5507246,1,37.54517134,2,190.5140056,179,0.133787311,104.2154273,70.66327585,112.7831362,163,0.23772251,0.075285107,0.006312334,69.25656467,40.92502099,255,1.223961621,0.055730898,0.04765111,624,0.061753759,0.101942601,0.936114985,145.1865102,3,3,3,3
blq113,,,0.323108384,0.965057526,0.193713121,0.896634017,0.347747663,0.962973301,0.345767326,0.908336508,1,60.81081081,5,177.3594203,1,69.67191011,0,0,127,0.266702201,83.42597135,71.97484344,71.67059355,10,0.3859385,0.059392525,0.024539877,74.96643333,53.63966005,10,1.40430577,0.126350258,0.042794234,244,0.208911967,0.274201988,0.66842468,51.33513166,3,3,3,3
blq114,,,0.257990225,0.970833327,0.153481567,0.909970934,0.423928757,0.950674428,0.429647181,0.907795991,0,0,1,201.8535032,0,0,0,0,165,0.198433623,100.5858039,71.78879852,103.3090982,10,0.277551163,0.053027783,0.006162357,73.06247309,45.80038987,255,1.244848655,0.061641078,0.065002363,540,0.082528058,0.108898942,0.877530592,137.5568046,1,1,1,1
blq115,,,0.247292419,0.97678847,0.153219533,0.916031503,0.409233037,0.954918047,0.443523205,0.911971792,0,0,0,0,0,0,0,0,184,0.149856489,112.5018376,78.59726672,113.5844075,10,0.274889546,0.043568924,0.016317168,75.02037957,47.78728033,255,1.167798355,0.031995725,0.051388654,615,0.066836261,0.083942605,0.564298804,162.89001,2,2,2,2
blq116,,,0.277385892,0.97127526,0.139082156,0.909361272,0.370502609,0.960862098,0.433212713,0.917375285,0,0,0,0,0,0,0,0,166,0.193866846,101.9439125,74.35269893,100.975999,10,0.270277716,0.050309051,0.006577022,76.52669895,48.35541844,255,1.242058505,0.053477041,0.078752088,452,0.096533307,0.128351231,0.751433721,60.43899773,1,2,1,1
blq117,,,0.213186078,0.977330966,0.168647274,0.927273767,0.295110528,0.963454341,0.50862565,0.93132379,0,0,1,185.2229299,0,0,0,0,212,0.110853203,113.4048198,74.36002479,117.0889538,170,0.242738234,0.054225397,0.009063117,70.81615477,40.85110295,255,1.151502854,0.024492961,0.037866696,773,0.050502168,0.062700956,0.85865893,117.9705378,1,2,2,2
blq118,,,0.255217267,0.979418977,0.160733261,0.92647113,0.314156123,0.969905619,0.435053488,0.931600166,0,0,0,0,0,0,0,0,178,0.163374428,120.4249554,84.61104087,121.8476468,10,0.285496618,0.041908152,0.037864009,80.09005397,52.54105931,255,1.178255607,0.031698113,0.062114632,316,0.099548444,0.126656,0.810385931,169.7151225,1,1,1,1
blq119,,,0.283236233,0.969677522,0.141786996,0.90145854,0.461609792,0.950852941,0.437075269,0.903749424,0,0,0,0,0,0,0,0,169,0.161623542,106.1942343,73.97886678,107.7886377,10,0.260764805,0.05392647,0.012604698,76.20771036,47.98960984,255,1.233375404,0.047189759,0.07153043,569,0.088662916,0.105485331,0.861700371,63.81345133,1,1,1,1
blq120,,,0.252621514,0.975959728,0.136916985,0.911030829,0.441512851,0.950054732,0.42759756,0.903475001,0,0,4,193.1949541,0,0,1,168.0292135,171,0.183653298,102.4838022,77.69810819,102.4190092,10,0.28702719,0.053427723,0.024999603,74.14299587,46.87239532,255,1.211171251,0.052300757,0.066856082,694,0.076794991,0.105155731,0.420464621,139.5514588,2,2,2,2
blq121,,,0.272125203,0.973078597,0.175276455,0.915814112,0.339066977,0.967592684,0.410393834,0.922255596,0,0,0,0,0,0,0,0,162,0.205353783,108.387064,76.39179709,106.4123671,10,0.297058336,0.031755973,0.00596806,80.49379267,53.08953407,255,1.226731014,0.061577852,0.088452541,306,0.093557956,0.119763024,0.789823333,117.0119924,2,2,2,2
blq122,,,0.289736569,0.968356087,0.153157035,0.899153215,0.411332039,0.956990273,0.426099948,0.905158516,1,85.25688073,1,216.3623188,0,0,0,0,162,0.192848925,102.9098717,72.97522689,104.1625007,10,0.281640848,0.041960618,0.005139163,76.8396276,48.5619243,255,1.252537346,0.061872571,0.085486931,594,0.079286692,0.097450892,0.789496222,57.00343053,1,1,1,1
blq123,,,0.270562771,0.973798679,0.153220508,0.906175684,0.405546178,0.951979507,0.44011855,0.913050067,1,92.73913043,0,0,1,118.6968577,0,0,172,0.161102418,110.302,77.62797392,117.9819869,10,0.264056617,0.052367636,0.011514006,72.42328121,45.93868201,255,1.218859848,0.044556234,0.052086425,647,0.069803975,0.09549287,0.898353545,136.3027832,2,2,2,2
blq124,,,0.256267361,0.972995376,0.147011766,0.916930998,0.386722515,0.955259682,0.444252058,0.915907285,0,0,0,0,0,0,0,0,165,0.167999807,103.3188995,74.36383258,110.8882373,10,0.256613155,0.055076067,0.008718335,73.23179999,44.63094391,255,1.261409989,0.065422524,0.078184906,330,0.093250466,0.116805281,0.86210032,144.9506955,1,1,1,1
blq125,,,0.242591362,0.976986746,0.170801171,0.922303051,0.378844514,0.955849805,0.495448919,0.919811143,0,0,0,0,0,0,0,0,196,0.135639651,116.1599872,78.616373,123.815885,171,0.234279975,0.038586771,0.019160936,72.70923225,42.4878304,10,1.190207614,0.031633205,0.042825134,705,0.069351946,0.097684717,0.88421006,108.5325651,1,1,1,1
blq126,,,0.261660813,0.975982366,0.140724906,0.910948888,0.424534831,0.954227684,0.446399055,0.91243142,0,0,0,0,0,0,0,0,177,0.163132674,112.8372509,79.63610517,118.5500875,10,0.257716607,0.056557128,0.022481169,75.75312315,47.09783402,255,1.204022033,0.043747922,0.066821842,501,0.092906583,0.112176469,0.855496168,161.2734798,1,2,1,1
blq127,,,0.32403633,0.970855214,0.119780482,0.885006347,0.42071658,0.951340897,0.448873434,0.900450221,25,110.0190826,28,184.8157981,1,147.2966292,5,157.1865169,160,0.193373256,104.0607882,80.0084802,106.3086934,10,0.272267621,0.056490235,0.044241486,73.14750757,44.74673339,255,1.249817515,0.052840535,0.061635422,652,0.124845919,0.182312786,0.835055471,130.7869399,1,2,1,1
blq128,,,0.263348946,0.967438997,0.146450389,0.912468396,0.341978729,0.95642344,0.439747976,0.913314927,5,74.55963303,14,174.3217562,1,116.9252336,3,134.147923,168,0.178124516,95.64897305,68.915939,98.30572262,10,0.267488546,0.075018742,0.013794252,69.94178135,42.78394297,255,1.238533944,0.069554352,0.059475219,416,0.077405277,0.09727435,0.859632717,124.8499231,1,1,1,1
blq129,,,0.413983549,0.962488506,0.157413531,0.859508981,0.459230259,0.952874261,0.37532416,0.902380605,9,105.6215781,15,192.1182245,0,0,2,171.5308123,138,0.271827015,93.12776198,79.03845245,86.87853908,10,0.348312637,0.046165084,0.047450694,77.42413931,53.27830744,255,1.348634039,0.085434624,0.091541271,425,0.146291296,0.167043953,0.767625408,133.6700181,1,1,1,1
blq130,,,0.491144279,0.940079326,0.106939604,0.824187574,0.52976656,0.939622245,0.390055361,0.881932341,18,85.84454638,33,169.4026734,2,69.13435374,3,167.3393258,146,0.296104651,88.72932535,68.88310564,83.56441672,255,0.271874459,0.097918368,0.033563526,73.83782321,48.79260991,255,1.318432712,0.078042623,0.081012846,748,0.043155054,0.054993228,0.865934208,73.88811691,3,3,3,3
blq131,,,0.288161114,0.969437701,0.143667974,0.89670313,0.308662813,0.968245511,0.421515843,0.922891483,23,88.56322298,45,185.550195,4,87.017507,6,166.8748074,172,0.229694411,100.2610307,73.55452077,91.10651627,10,0.313127841,0.071568061,0.02424659,77.53045218,50.72303207,255,1.188957803,0.045212392,0.069958912,286,0.097868239,0.118237218,0.71277089,123.7985422,2,2,2,2
blq132,,,0.25105364,0.970675173,0.241793481,0.913967627,0.349754501,0.966490067,0.289976302,0.896600789,4,88.0412844,10,210.0652174,0,0,2,198.9103641,118,0.272108774,87.48615663,69.40988923,62.37255648,10,0.440237812,0.06216409,0.027110583,79.67715423,63.65211408,255,1.39510107,0.119429251,0.11391201,212,0.188835063,0.241522491,0.72994999,45.08657057,2,3,2,2
blq133,,,0.356912503,0.96451893,0.130748331,0.881733822,0.343699036,0.961434627,0.377786518,0.904726267,13,77.03316867,18,175.0688073,3,84.84194757,4,140.4103641,143,0.248465079,94.64714066,76.08323473,92.05430638,10,0.304562788,0.060433925,0.039053254,74.05105921,51.54296091,10,1.308560158,0.070374753,0.061065089,282,0.088675087,0.114302607,0.705234401,121.9093223,2,3,2,2
blq134,,,0.312250833,0.969891354,0.134002028,0.888133737,0.356526982,0.965939265,0.382618158,0.903557846,14,90.09436435,25,187.4557798,2,134.6280899,6,161.4070962,149,0.247697022,103.1185253,77.38976359,97.50689631,10,0.305934794,0.064318887,0.033653061,80.26939847,55.81496219,255,1.266307265,0.057224206,0.093887839,371,0.098299316,0.128889729,0.783140674,81.54545455,2,2,2,2
blq135,,,0.318045778,0.966332308,0.130380253,0.884432407,0.381652737,0.956706746,0.445516665,0.91124106,18,82.91626409,24,182.3565417,5,104.765109,3,160.2110177,167,0.195969047,100.8655863,74.05858497,103.8250097,10,0.275110501,0.063794476,0.018577791,73.76890606,45.29812696,255,1.252095717,0.0598486,0.067825027,434,0.097745749,0.130648669,0.848413019,52.74885057,2,2,2,2
blq136,,,0.365620148,0.949931926,0.116831202,0.870466628,0.430662376,0.958064282,0.386495301,0.898121199,4,100.0942029,21,176.3832676,0,0,2,192.0644258,139,0.279561123,92.32262899,65.35546168,82.36429409,255,0.255340444,0.120764105,0.026594984,79.32532917,54.46076451,255,1.365151992,0.064256913,0.102090423,386,0.063338208,0.09649809,0.958870647,51.70896725,3,3,3,3
blq137,,,0.374365482,0.960513558,0.135178925,0.874496086,0.456299798,0.956710778,0.372716611,0.893991026,7,114.1061599,16,206.5851449,0,0,2,179.3992933,144,0.251887872,96.62586653,73.79702297,86.82491175,10,0.316653354,0.075214512,0.033136644,80.29126112,55.6341949,255,1.292664073,0.075832925,0.095184107,429,0.095449289,0.157179387,0.862127373,84.43641618,3,3,3,3
blq138,,,0.323489245,0.966767871,0.154600201,0.893450552,0.493957174,0.950259794,0.372232521,0.898799074,5,105.9321101,15,174.4464832,0,0,1,180.1865169,147,0.230162986,95.63906394,74.28924873,87.52561334,10,0.334101774,0.0525856,0.015336456,78.28659193,53.49064054,255,1.269698367,0.088621418,0.096726443,553,0.105819188,0.14607682,0.825618387,138.0906723,1,2,1,1
blq139,,,0.384969533,0.964630946,0.12787122,0.867376573,0.465692137,0.952982727,0.388021743,0.889909864,19,79.33284954,30,188.3182796,3,99.32586368,3,177.6946779,151,0.235441263,102.7948919,79.10993601,100.4308753,10,0.304238449,0.05981447,0.037600234,78.10691979,53.22654275,255,1.27321938,0.058556636,0.087666494,374,0.085383488,0.110286197,0.755934169,146.3056376,2,3,2,2
blq140,,,0.277399922,0.971438241,0.146544919,0.908094166,0.378462586,0.957581244,0.451093484,0.916423059,2,136.5642202,9,190.166157,0,0,1,202.2382022,170,0.192616031,101.9764882,75.09942266,105.1834003,10,0.284108321,0.058918405,0.020870631,74.12764551,45.08672044,255,1.241205787,0.061386107,0.070482734,605,0.100053538,0.120778082,0.847949473,139.9094223,1,1,1,1
blq141,,,0.313969938,0.971871944,0.131879135,0.897198276,0.317755694,0.957751832,0.478694065,0.918802958,0,0,3,235.7492355,0,0,0,0,173,0.194853,106.4294645,80.48616739,113.1454764,10,0.27210405,0.05408024,0.044347558,68.33369776,39.74368884,255,1.229048311,0.051848916,0.047430308,389,0.084023188,0.108060407,0.610234317,52.99244155,1,2,1,1
blq142,,,0.293697727,0.971246397,0.117616948,0.899094647,0.353523432,0.957774837,0.45668295,0.91953301,0,0,2,238.7826087,0,0,0,0,179,0.183847032,105.689413,77.140969,109.0869559,10,0.250108712,0.070403569,0.036316963,71.97376095,44.58417092,255,1.206595688,0.040553241,0.046556972,449,0.081116451,0.105622357,0.808548017,149.7096019,1,2,1,1
blq143,,,0.376685796,0.964927096,0.113682697,0.869774658,0.322229909,0.966382886,0.408732533,0.917017592,20,82.58550725,30,196.6556575,5,123.9092135,6,166.2906704,148,0.264613985,100.4732318,78.71329625,102.3284236,10,0.274812612,0.07010113,0.044378346,76.79840884,50.71069233,255,1.315812017,0.062296252,0.086781678,275,0.101496599,0.126742252,0.860995982,151.9814318,1,2,1,1
blq144,,,0.406721915,0.963813021,0.120338107,0.864007571,0.536558699,0.947479025,0.371365839,0.885916636,8,91.07568807,19,204.3630816,2,78.76890756,1,197.5323475,136,0.272187995,99.29253414,80.3462463,100.1834804,10,0.296724764,0.062879643,0.0507921,79.15152546,54.663839,255,1.36848692,0.079576326,0.108391075,429,0.080643828,0.111028448,0.82122054,105.2320984,2,3,2,2
blq145,,,0.406132699,0.955075629,0.143696139,0.859891463,0.394403262,0.956532435,0.39224317,0.907968439,7,107.4364351,28,154.8591133,1,87.60504202,1,132.8823529,143,0.259641494,87.34781163,71.88731024,80.73641026,10,0.333096647,0.071689678,0.026482577,74.7112502,49.14576793,255,1.333175542,0.092149901,0.084365549,433,0.135060468,0.177855415,0.913253288,111.5116205,2,3,2,2
blq146,,,0.518485971,0.91900355,0.135226385,0.825194589,0.581617933,0.94806817,0.360816477,0.875851772,8,91.75039872,24,155.0279479,1,123.8711485,1,135.8516854,135,0.288566032,86.88347314,60.57161765,65.89232546,10,0.311351081,0.126026029,0.021909429,82.39901796,57.18739376,255,1.368028464,0.081739022,0.12824194,569,0.104548557,0.168137355,0.508157051,76.9064361,3,3,3,3
blq147,,,0.38946767,0.962506957,0.158904834,0.86118938,0.485931487,0.95170023,0.393813006,0.894081604,8,103.5458716,21,197.2280472,2,126.4663866,6,178.7315593,121,0.278763019,94.26975772,77.13112039,78.64315547,10,0.358114204,0.067793779,0.057502757,78.53854142,51.99874305,255,1.341107287,0.075912994,0.088308998,450,0.115960402,0.155517493,0.778418563,156.7994883,3,3,2,3
blq148,,,0.356949474,0.963226466,0.1168059,0.873963979,0.343390911,0.957910942,0.441563481,0.914082319,16,84.1662844,34,187.9439328,3,45.71086142,5,165.96989,165,0.212627496,98.3223917,75.03764495,101.9485653,10,0.26962063,0.071182227,0.030601705,71.1405165,44.29584908,255,1.255562753,0.060082982,0.058227272,596,0.077544519,0.106674001,0.933701069,133.23928,2,2,2,2
blq149,,,0.458655617,0.957783771,0.126579929,0.837460354,0.535260353,0.953384974,0.359470942,0.881746796,18,82.84380032,25,184.2011009,3,103.8169935,1,184.3438202,136,0.247819116,99.12365028,78.82415912,88.1915082,255,0.320655658,0.054149751,0.055309667,83.54031023,59.59600223,255,1.350660847,0.067214066,0.113335979,511,0.095334254,0.140940707,0.858876806,148.5031587,1,2,1,1
blq150,,,0.391468868,0.949935968,0.174386703,0.857788466,0.513380489,0.954257396,0.360384164,0.891678736,9,82.85025641,15,189.7486239,2,72.08722741,1,134.2689076,131,0.239571732,86.42298263,66.81534214,63.76902295,10,0.365308984,0.107759653,0.036421463,82.50401276,58.94352696,255,1.399815328,0.075442016,0.109914162,395,0.144894315,0.235217386,0.798809645,108.0364479,3,3,3,3
blq151,,,0.333381157,0.97040213,0.111056736,0.884929118,0.409950421,0.956162418,0.412743757,0.907451958,6,107.7844037,17,201.8404775,1,87.11204482,0,0,148,0.21722499,104.2054812,81.00712783,113.5582629,10,0.253825104,0.067602617,0.058774539,75.56279494,49.37260557,10,1.325234979,0.070696014,0.0697442,422,0.102786596,0.15079869,0.925459295,110.6349642,3,2,3,3
blq152,,,0.461215107,0.95687956,0.134368417,0.84185898,0.540308748,0.95562063,0.342967063,0.87812791,14,103.9862385,22,189.6025132,1,136.7259684,2,169.5280899,133,0.293153166,99.5500178,77.86927376,86.1451102,10,0.33035102,0.059428571,0.047771429,85.75706627,61.89317195,255,1.344979592,0.083265306,0.162481633,566,0.0718498,0.102357649,0.608423069,153.7424606,1,2,1,1
blq153,,,0.359242731,0.964655495,0.105421203,0.870999505,0.513411596,0.942887871,0.408634611,0.888440001,13,112.8149387,25,176.9592212,2,141.2370787,2,136.3678373,150,0.231319331,102.067393,76.96730076,110.5400746,10,0.244820402,0.081156567,0.038185939,73.91437392,47.58711871,10,1.317826973,0.073441542,0.066619354,518,0.092864653,0.154273248,0.927249749,148.4488889,2,2,2,2
blq154,,,0.329054726,0.968363754,0.118253801,0.88590106,0.403969665,0.959956357,0.398995238,0.898044411,11,110.8348624,17,192.6546141,0,0,2,180.0672269,146,0.238135098,99.61712781,77.51428316,99.14663003,10,0.278087176,0.073711047,0.042399941,78.63168703,52.09423602,255,1.322962303,0.069057697,0.105739957,529,0.087530112,0.120377167,0.885426452,89.81100874,2,3,2,2
blq155,,,0.371207637,0.959082065,0.106674612,0.865863641,0.472184297,0.949750239,0.426955168,0.897449609,21,99.24683268,33,187.6057826,2,115.0146067,4,189.4495798,162,0.209004571,102.2223064,72.8614464,102.3562048,10,0.247011365,0.108935512,0.031663873,76.15039827,48.66546214,255,1.262226234,0.055333493,0.066182836,645,0.055266088,0.072240308,0.910811326,43.4207936,3,3,3,3
blq156,,,0.32406639,0.971493406,0.132741161,0.896271838,0.412533187,0.953718837,0.426374084,0.908931797,0,0,0,0,0,0,0,0,166,0.187513586,109.2998238,81.33835337,115.7439955,10,0.279506207,0.063222052,0.045505415,74.16858945,47.56932668,255,1.227578726,0.056421205,0.060088497,476,0.076135746,0.101452099,0.891023401,50.24232409,2,2,2,2
blq157,,,0.312951441,0.972630154,0.130859599,0.893350301,0.475628975,0.950609943,0.430331812,0.896382829,1,108.6687898,5,169.159633,1,152.0202247,1,186.6414566,164,0.190564611,113.2920255,81.55503807,121.7268066,10,0.260606384,0.057059944,0.041695597,76.96290524,49.28286994,255,1.251775891,0.045487725,0.072353077,482,0.057553837,0.06907291,0.916968574,155.0174603,2,2,2,2
blq158,,,0.299901161,0.96856022,0.128883235,0.896982391,0.358766488,0.960941718,0.472161192,0.919104983,0,0,5,186.7100917,1,124.0382022,0,0,188,0.152580525,113.2676836,74.96359871,116.7537827,10,0.24166205,0.089578332,0.023551862,75.22553794,45.56162133,255,1.191800554,0.029338258,0.057654663,618,0.046646371,0.059567377,0.919791493,56.1067601,1,2,1,1
blq159,,,0.378147939,0.963802388,0.112970155,0.868728545,0.454088785,0.953464214,0.416597682,0.896103149,26,106.0811574,35,193.9258191,1,109.8068536,6,169.5135387,161,0.228064164,103.0554051,77.69059833,101.3611252,10,0.272633571,0.073686775,0.041622159,77.50161497,50.58904708,255,1.249882873,0.050430089,0.078540507,480,0.075627145,0.092001273,0.788104403,157.1017739,2,2,2,2
blq160,,,0.272169778,0.976698113,0.130659071,0.912826544,0.338299737,0.960750418,0.504578255,0.927428876,0,0,1,228.4202899,0,0,0,0,154,0.161235312,109.7372612,82.07227174,111.2951094,10,0.276629458,0.052235219,0.043048657,72.86342615,41.00399142,255,1.275739287,0.0437964,0.062650216,436,0.086516834,0.115888803,0.928801176,117.6873159,3,3,3,3
blq161,,,0.341031432,0.969426697,0.120162571,0.875672833,0.45334891,0.952617584,0.418814725,0.897541305,20,99.84174312,34,191.2512142,5,130.8449438,5,188.68,161,0.207839004,106.383032,80.41407885,108.9006016,10,0.279773617,0.069751317,0.05179813,76.57607097,50.00415369,255,1.252956279,0.051442064,0.066022001,588,0.084115204,0.105795444,0.910052427,144.6567836,1,2,1,1
blq162,,,0.324832686,0.96943184,0.151628227,0.886543725,0.424542014,0.951905063,0.382245176,0.896989232,9,127.0275229,28,202.8066841,0,0,4,199.6196629,142,0.234391251,92.89504177,78.16708426,93.2086499,10,0.337673495,0.074659722,0.04762544,73.10649525,49.4132153,10,1.323122768,0.08824398,0.05307525,490,0.146423553,0.202071692,0.87735864,154.5503236,1,2,1,1
blq163,,,0.347729601,0.968016622,0.127453424,0.872101121,0.39243462,0.959741794,0.465870453,0.908522804,12,93.12844037,17,175.3453859,0,0,5,188.5,132,0.197774497,102.5810968,79.14234422,102.3459924,10,0.298478488,0.065374069,0.046737363,77.42521026,46.81452322,255,1.286927613,0.038147007,0.072290034,518,0.099210278,0.137605184,0.847969558,147.9716521,2,2,1,2
blq164,,,0.254925027,0.976195983,0.138285172,0.907522243,0.340647692,0.96428576,0.480603244,0.920619167,16,88.31612319,19,181.9575085,4,110.961236,0,0,166,0.182673557,113.7021923,78.74896981,113.6827321,10,0.267399897,0.054523583,0.022934275,76.64444036,46.1407168,255,1.23107688,0.033682763,0.061350748,622,0.07716638,0.104730287,0.91764596,120.4925753,3,3,3,3
blq165,,,0.266037331,0.976907543,0.136449852,0.913205406,0.456370425,0.953382185,0.423356242,0.902885544,3,57.32721713,2,189.4311927,1,80.29131653,1,170.5910112,164,0.180362978,109.3674401,81.47378682,113.0675284,10,0.273015364,0.047748758,0.033238975,77.55316824,49.99484705,255,1.240559739,0.055315209,0.07080418,629,0.076979296,0.105149947,0.905929891,104.3008955,2,2,2,2
blq166,,,0.314184397,0.96945212,0.116509442,0.892088388,0.414776828,0.955496271,0.434255213,0.905707141,14,95.10662526,35,195.5519958,2,94.27030812,4,162.9502801,163,0.213684186,104.864,77.21274966,108.4231598,10,0.255138072,0.069406971,0.034531462,75.73454669,48.15892071,255,1.261711182,0.050285197,0.068972386,529,0.08752783,0.118244066,0.857793539,117.0694951,1,2,2,2
blq167,,,0.328167509,0.971198633,0.116456702,0.885471822,0.331072943,0.960824115,0.450369358,0.914175801,18,103.7268094,16,201.127867,0,0,3,168.2973783,170,0.204324107,107.506052,81.40612685,116.7953904,10,0.255366849,0.066144094,0.054821696,72.30421249,44.5840882,255,1.24273802,0.048918566,0.060531282,472,0.07077847,0.09634469,0.854423063,93.20598553,1,2,1,1
blq168,,,0.295159059,0.970318761,0.114041233,0.889362198,0.448741188,0.949352179,0.438189662,0.900888405,17,105.2191042,32,177.3862723,1,79.28971963,7,182.8635634,166,0.178214724,102.33166,76.0243635,106.1665261,10,0.250340042,0.064840481,0.030819029,73.86751083,46.0680169,255,1.250081782,0.058297894,0.064513352,558,0.070754296,0.100210226,0.865458833,155.3019387,2,2,2,2
blq169,,,0.385380704,0.966930151,0.118316155,0.878086413,0.543389003,0.951929542,0.371736106,0.888561342,5,114.7192661,7,202.7432712,0,0,0,0,135,0.240081629,106.7366814,82.0190175,107.1531787,10,0.280016229,0.065977966,0.059267813,82.80934402,58.74074432,10,1.373240536,0.062763334,0.108954152,471,0.10602124,0.156631266,0.828796515,163.3962733,2,2,2,2
blq170,,,0.408965266,0.966297223,0.120911878,0.887678842,0.475897436,0.956083703,0.432274601,0.913967745,0,0,0,0,0,0,0,0,163,0.194012206,119.3095574,84.31034348,126.5750294,10,0.253508375,0.065387053,0.064970575,81.2877804,53.05811124,255,1.255645088,0.03943866,0.075364418,493,0.063247217,0.084200798,0.853974029,166.799814,2,3,2,2
blq171,,,0.334341316,0.971135873,0.13471656,0.880129824,0.483811772,0.951939922,0.382389169,0.88860614,8,87.70527523,15,181.5082569,1,51.00898876,3,163.1865633,147,0.229912569,102.9611061,81.27487193,102.4253925,10,0.309932296,0.046276299,0.037321944,78.52471885,53.44291722,255,1.290955859,0.068019122,0.082481982,538,0.094693219,0.124151517,0.909010432,45.45305594,2,2,2,2
blq172,,,0.319678264,0.970398268,0.127289271,0.890366589,0.408525996,0.954462047,0.432897039,0.907918493,0,0,2,204.7173913,0,0,0,0,167,0.195603816,108.4922851,79.33867534,113.8274992,10,0.27001304,0.071770902,0.040000677,74.48807499,47.7113059,255,1.236498501,0.043540111,0.056647869000000003,403,0.089231115,0.118482614,0.761095192,159.0839104,1,2,1,1
blq173,,,0.332236842,0.972357585,0.145603043,0.885871119,0.366680883,0.96160407,0.412578362,0.909669803,4,92.88768116,11,178.1934946,0,0,1,190.0952381,150,0.22174174,102.0300444,82.80352713,106.9872714,10,0.318422197,0.041207848,0.035873721,76.59764155,49.45232156,255,1.31054692,0.080149264,0.08575811,433,0.100795,0.129273494,0.843275664,58.2539729,1,1,2,1
blq174,,,0.403729466,0.962156629,0.108387485,0.864434326,0.37367075,0.955236408,0.429138595,0.907862058,25,104.8679176,14,182.1415465,1,142.5064695,2,185.7014787,162,0.233832354,99.62693019,78.51923906,104.7594172,10,0.265026064,0.062719888,0.041094881,71.94912506,45.06137316,255,1.261949935,0.063548785,0.067453812,587,0.088823534,0.124140452,0.875721963,149.5682297,1,2,1,1
blq175,,,0.263897867,0.973936471,0.157703851,0.91717663,0.404989118,0.952804655,0.471522642,0.919413986,0,0,0,0,0,0,0,0,182,0.15191888,115.9299304,77.34202662,127.1167733,10,0.237115754,0.071636544,0.016168203,72.86061421,43.85895013,255,1.212910411,0.041889734,0.052221283,503,0.063317631,0.081948885,0.932986137,66.81567614,2,2,2,2
blq176,,,0.375117623,0.965091076,0.136713548,0.871789723,0.436086843,0.964791941,0.352038673,0.893694256,16,106.6381881,19,182.754225,2,136.0359551,2,184.5033445,132,0.302215361,103.1208056,78.34120236,92.47589295,10,0.323498948,0.059206789,0.037889672,86.71281691,62.77394498,255,1.363259715,0.074442848,0.177486719,399,0.125635231,0.162256989,0.834956706,75.55635063,3,3,3,3
blq177,,,0.363204946,0.962019454,0.11013801,0.86491072,0.379337819,0.956384117,0.467375693,0.905450748,27,103.4989782,44,188.7068511,3,133.4220355,1,192.7985213,177,0.203783759,108.6217127,75.10387005,117.1996559,147,0.231230754,0.093090835,0.0298255,73.26486691,43.48856824,255,1.235452298,0.049111596,0.067298934,700,0.050801774,0.067965701,0.94709683,61.33319185,1,2,1,1
blq178,,,0.283304208,0.970257341,0.181657772,0.890362768,0.478521464,0.954380764,0.345223624,0.890478972,10,116.8834862,19,179,0,0,4,173.5692482,132,0.255411531,91.4426694,73.28862203,77.56657423,10,0.382037489,0.052591132,0.019479435,79.9338315,57.58401885,255,1.349861339,0.093421097,0.102275385,365,0.159410156,0.192286082,0.855068961,151.8843894,2,2,3,2
blq179,,,0.324878976,0.96910748,0.120995816,0.889982217,0.465577222,0.953456432,0.426097898,0.899816388,18,97.88667688,18,187.3970438,1,148.5707865,2,200.3067227,166,0.189419564,106.341627,77.7810649,104.603106,10,0.26934798,0.057178768,0.033160586,78.46130557,50.81428611,255,1.235429831,0.047003323,0.071710198,614,0.079130851,0.113440638,0.663892002,152.5748282,1,2,1,1
blq180,,,0.391706005,0.961694181,0.11525977,0.864155856,0.363321799,0.964132035,0.378869207,0.898952226,24,102.574159,26,180.9943543,1,107.5919003,1,194.5823293,145,0.29302677,102.2056728,77.0842893,100.8547259,10,0.281987829,0.077750562,0.039266685,79.08977476,54.0191808,255,1.29511881,0.067271029,0.116638469,590,0.084781265,0.106429551,0.890061972,114.7147622,2,3,2,2
blq181,,,0.322502938,0.970799248,0.14420961,0.879805516,0.417332449,0.966311368,0.362359828,0.897825955,10,109.433945,21,177.7294686,1,84.57303371,2,152.9187675,138,0.248911512,104.768,79.43851765,94.46930606,10,0.331512053,0.04899927,0.043769175,86.56448995,61.8576,255,1.323447772,0.06550767,0.152636961,420,0.099189888,0.127825338,0.807240958,38.73679333,2,2,2,2
blq182,,,0.311605785,0.96502518,0.134585946,0.889756735,0.35242616,0.961894308,0.454462532,0.914249272,19,75.96567506,24,175.0241546,2,90.81123596,1,153.951938,150,0.227655231,103.9302103,72.07009653,100.459974,10,0.27370995,0.059073531,0.015156514,75.59799282,45.39688749,255,1.247375264,0.052494712,0.085524656,565,0.060793769,0.083290059,0.72441661,133.0204393,2,3,2,2
blq183,,,0.343792462,0.968441453,0.112803515,0.88568221,0.396606067,0.959592736,0.443257366,0.912802516,0,0,0,0,0,0,0,0,164,0.188718376,112.6348699,79.78507783,120.8313661,188,0.234221724,0.055938329,0.037529598,77.56320845,48.79558399,10,1.267389485,0.05041927,0.073545906,548,0.063475322,0.087285834,0.93385306,50.86340442,3,3,3,3
blq184,,,0.342139993,0.966092712,0.128985691,0.887626625,0.440551711,0.958452349,0.383128084,0.894069846,3,81.83091787,6,203.4923547,0,0,1,182.1977528,145,0.219160709,103.8821374,76.38529146,102.9748491,10,0.286356405,0.061766117,0.030428525,80.68625435,55.07932137,255,1.302946895,0.066690235,0.115880912,460,0.072998817,0.093631194,0.830319183,148.1367288,2,2,2,2
blq185,,,0.331268657,0.967489759,0.129389135,0.871965766,0.519457282,0.949000063,0.387068183,0.883504097,19,97.30462287,32,182.7697821,2,93.86966292,7,178.6100873,146,0.227532733,95.74334266,76.29542181,90.39875251,10,0.307591396,0.065047895,0.038068365,78.83146451,52.50803604,255,1.31016559,0.074181332,0.100566818,526,0.100826087,0.136082133,0.877802185,68.03219852,3,3,3,3
blq186,,,0.227615679,0.979881093,0.140416763,0.926257,0.297150997,0.965754539,0.463855753,0.928624164,0,0,0,0,0,0,0,0,176,0.193353526,112.7842875,81.24324639,123.0875795,10,0.245944716,0.065046021,0.048311093,73.12817991,44.59398869,10,1.227697773,0.043951204,0.053625167,323,0.084669539,0.113396444,0.867240302,165.829758,2,2,2,2
blq187,,,0.355706682,0.967497756,0.118119512,0.878588073,0.373870897,0.958354213,0.469285577,0.90944093,16,78.44913295,14,185.9572087,4,101.244382,1,178.0921348,179,0.189400393,113.4281634,80.0735063,122.1883881,255,0.238970949,0.060247724,0.04115642,74.26882367,44.92830858,255,1.226276144,0.040244638,0.053907335,623,0.058798697,0.09242308,0.675330883,164.3764509,2,2,1,2
blq188,,,0.347056056,0.96710238,0.175312692,0.874734627,0.503642644,0.949478468,0.346120875,0.887143597,9,103.0091743,24,188.3123089,1,61.83733826,1,177.5327103,132,0.264710184,91.62695716,77.13468273,83.58144275,10,0.378963547,0.048782118,0.031942263,78.00856592,55.1871214,255,1.35584216,0.108690568,0.092285075,503,0.136210965,0.183583264,0.636910172,145.8090567,2,2,2,2
blq189,,,0.286046191,0.972373451,0.123649486,0.890522909,0.383234944,0.950368326,0.408176558,0.907567264,7,126.6959371,27,186.3151432,2,142.394382,4,194.3690888,150,0.217582491,93.01970895,77.34274531,99.3417962,10,0.281060415,0.068519494,0.040429477,69.32914785,44.3427031,255,1.302946361,0.086193082,0.064604748,365,0.12751447,0.154784249,0.808021511,142.3210543,2,3,3,3
blq190,,,0.350174129,0.971071821,0.127381295,0.900819622,0.431974922,0.955496888,0.454198627,0.912051888,0,0,0,0,0,0,0,0,138,0.170704624,109.1255858,83.14014886,102.717111,10,0.284893938,0.050691815,0.044553353,77.03469978,47.0940706,10,1.333704611,0.058983689,0.086730526,381,0.088549785,0.118142678,0.786266801,32.10376662,3,2,3,3
blq191,,,0.297523568,0.970969881,0.123739619,0.89810401,0.342176124,0.945896877,0.526230127,0.922160257,1,76.13761468,1,226.2568807,1,111.0337079,0,0,136,0.171769624,105.0762856,77.1930201,108.7720367,10,0.264510257,0.069733249,0.027211837,62.77752415,33.28962441,10,1.365866181,0.066325935,0.044435109,455,0.012347285,0.021366549,0.985981363,150.737489,3,3,3,3
blq192,,,0.312621161,0.97404288,0.140167106,0.895783249,0.364779506,0.952533066,0.52117931,0.92107452,0,0,2,188.7431193,0,0,0,0,155,0.156551493,115.3427991,83.06826177,113.6025843,10,0.290995614,0.043590916,0.03768057,68.97790286,37.80220998,255,1.259157649,0.046080374,0.046994869,506,0.093122777,0.123345704,0.914883228,60.19796579,2,3,2,2
blq193,,,0.342445546,0.970023215,0.138267316,0.875048049,0.525314875,0.953412867,0.355336038,0.886539438,14,106.1887287,23,195.6625449,1,139.8543417,4,177.6151685,135,0.235208737,103.3213057,81.25374666,98.48041572,10,0.323210886,0.068412347,0.062576074,82.56446342,59.67128702,255,1.342654724,0.073000218,0.093161886,466,0.107314328,0.137989248,0.804005839,144.4205065,1,2,1,1
blq194,,,0.314208119,0.971435894,0.140530039,0.906007514,0.408498448,0.961194944,0.453091684,0.913124443,3,62.37060703,5,189.715942,1,100.6162465,1,212.4539326,178,0.17562098,124.1572624,80.38904006,130.6428907,195,0.234118904,0.06741189,0.041409754,80.17001184,51.40152351,255,1.21001068,0.025717337,0.064464222,701,0.053852444,0.071729778,0.845679452,171.6700119,2,3,2,2
blq195,,,0.33650324,0.972204173,0.155871184,0.889036902,0.480305887,0.956063478,0.357226595,0.899496085,6,101.2415902,11,181.7747036,1,138.4005602,0,0,130,0.263537984,97.65334446,82.67882019,93.82532124,10,0.345436084,0.036728406,0.042050348,81.47236323,57.11858798,255,1.401246455,0.098631,0.113791534,384,0.11578731,0.154956899,0.781896588,148.0769999,2,2,2,2
blq196,,,0.326187935,0.97259743,0.14937064,0.894067085,0.467985352,0.956739581,0.345618486,0.891265179,1,69.98089172,2,201.9855072,1,66.48988764,0,0,135,0.216590447,104.0017689,82.82680294,99.71636341,10,0.337942012,0.053899691,0.061202834,80.83388579,59.92722599,10,1.322337006,0.070191317,0.068942917,441,0.103099819,0.125034422,0.658199973,163.9080246,2,3,2,2
blq197,,,0.323294473,0.970647727,0.128118771,0.878107427,0.479788487,0.952084161,0.393441382,0.891928582,12,103.1093272,32,195.5510614,2,119.3333333,2,182.3586957,142,0.229166069,96.30056562,79.46013087,95.28279954,10,0.302961153,0.071894548,0.054739725,78.04379616,51.84439811,255,1.346881795,0.080190072,0.09723751,434,0.104063872,0.138679214,0.773889867,72.11408834,3,3,3,3
blq198,,,0.314516684,0.971899326,0.1413734,0.889794544,0.534659593,0.953894044,0.345254713,0.889881987,4,83.37385321,18,196.5821256,0,0,5,188.0672646,131,0.247324982,101.6498877,80.4939497,95.2204097,10,0.328955918,0.061010225,0.056359222,83.52869445,60.73527987,255,1.367737081,0.082999897,0.107246674,499,0.11078887,0.143893821,0.773569297,115.3789438,2,2,3,2
blq199,,,0.394448758,0.960269663,0.124971144,0.851306058,0.584956175,0.945623251,0.350913779,0.877391064,14,102.2975098,22,180.371345,1,104.3862928,5,181.4983146,126,0.287032271,93.151696,75.56634464,89.12349061,10,0.307819914,0.072566645,0.041472165,80.76355188,56.41839018,255,1.447745072,0.100960611,0.148181012,410,0.11087812,0.147969118,0.877001104,56.18396168,3,3,3,3
blq200,,,0.294184077,0.973928691,0.118712096,0.899176929,0.476508956,0.947060055,0.443977746,0.903258407,8,106.1077982,17,160.3637345,3,122.5798319,2,163.858427,161,0.187270004,105.0582972,80.67712312,114.6610821,10,0.253574708,0.072093851,0.040216638,74.36811981,45.32752011,255,1.291280148,0.070931954,0.071719046,560,0.085878174,0.121756779,0.928307995,105.8695173,2,3,2,2
blq201,,,0.352033317,0.973725883,0.162413414,0.871137417,0.560004608,0.949829482,0.326271566,0.876272451,11,89.83794466,14,197.9648033,4,142.5179775,2,209.6582633,124,0.274794838,97.75951089,87.14965459,92.56330886,10,0.369710739,0.039677066,0.079191854,82.09991937,60.09218312,255,1.412998499,0.098543551,0.121465374,441,0.143079577,0.230933244,0.888935367,162.6608824,2,2,2,2
blq202,,,0.308588186,0.965695092,0.215667722,0.880162737,0.532853797,0.960411623,0.328185237,0.890252553,6,73.20289855,14,192.0792923,1,153.2436975,1,125.6510903,123,0.270507648,92.7987172,71.25301205,65.32724246,10,0.425140479,0.075213319,0.037336108,90.08441552,66.37156185,255,1.419105099,0.096149844,0.228387097,442,0.118775365,0.167191171,0.801479966,74.5064141,3,3,3,3
blq203,,,0.334591371,0.95745431,0.165143984,0.871873544,0.618322248,0.940683951,0.330178634,0.876871958,4,108.3876812,8,180.4174312,0,0,0,0,119,0.242851494,83.95547366,66.72529787,70.44148272,10,0.357212273,0.0821417,0.020824656,78.99659181,56.08315975,10,1.49349808,0.141792772,0.123883567,539,0.151251344,0.190676619,0.817891063,109.709009,3,3,2,3
blq204,,,0.345946816,0.966795933,0.12355942,0.880581644,0.496723922,0.94786043,0.399470053,0.890274821,8,96.92923434,10,155.8651376,3,118.6229205,0,0,148,0.203840978,106.7820985,77.82614445,106.5982464,10,0.281976145,0.080423983,0.033859115,76.63333933,50.75491185,255,1.281609853,0.059728486,0.084819487,546,0.10031348,0.139602926,0.254409341,68.78134921,2,3,2,2
blq205,,,0.260681348,0.976170097,0.12436096,0.909106799,0.33193491,0.957792558,0.499540316,0.926094556,16,93.25172018,23,204.3100189,0,0,2,156.0191011,161,0.151412403,111.3329772,79.88107268,115.3320783,10,0.257745005,0.084503742,0.051727101,69.8198207,39.61862811,255,1.222499961,0.035744973,0.040713025,537,0.066566784,0.087542088,0.90867897,143.3585431,2,3,2,2
blq206,,,0.312490855,0.975652475,0.137771852,0.889520639,0.473607929,0.957316983,0.378466231,0.893612774,15,108.2724458,25,187.6194495,2,113.9313725,0,0,147,0.234891455,106.5417652,85.61140223,103.8438205,10,0.316775462,0.049673615,0.071950302,82.14059644,56.42924204,255,1.279332185,0.070154578,0.105365333,569,0.096224316,0.140085129,0.926993016,64.40967434,3,3,2,3
blq207,,,0.394527363,0.963433154,0.115605991,0.866722637,0.424576372,0.958151839,0.391635862,0.895673968,17,81.97787372,16,193.209289,2,122.4247191,1,207.2434109,146,0.242824032,103.0828875,78.90215253,104.8441623,10,0.273631841,0.054330338,0.038192124,78.95128597,53.1177714,255,1.310635875,0.065493428,0.105343927,432,0.088222826,0.108528655,0.766252181,152.3857963,3,3,2,3
blq208,,,0.538601533,0.955348368,0.146856572,0.842799101,0.553609747,0.949245377,0.313516453,0.884318404,7,132.2892999,10,164.1440367,2,66.88095238,1,194.7280899,118,0.298009744,96.06786781,82.84219853,89.31709869,10,0.36019025,0.045707491,0.059357907,81.44329285,61.57079221,255,1.467871581,0.114340071,0.121093936,369,0.116708958,0.175040369,0.839930486,142.9890631,3,2,2,2
blq209,,,0.383638672,0.957865844,0.15977019,0.863108788,0.674976267,0.938425618,0.315365185,0.865370918,5,88.81100917,13,158.7311221,0,0,0,0,120,0.273834922,88.92668196,71.75801906,73.05143912,10,0.366064592,0.073645331,0.03405252,81.18437249,60.26573414,255,1.456736183,0.114274132,0.113103013,485,0.132079128,0.207793563,0.813211008,113.6147856,3,3,3,3
blq210,,,0.432425639,0.958678565,0.115919512,0.863426696,0.573770492,0.94627514,0.353765751,0.888146488,2,78.37614679,13,176.1362032,1,137.5231054,1,195.3395639,121,0.242520783,100.4187047,77.89243826,100.382768,10,0.286493236,0.079084287,0.042705515,80.57731816,56.87709563,10,1.467679501,0.097898023,0.135483871,396,0.039147343,0.049747948,0.687843663,169.745401,3,3,2,3
blq211,,,0.425934999,0.957482608,0.115594978,0.859846412,0.696027122,0.938297986,0.334616554,0.86801398,4,74.14855072,14,201.8902692,0,0,2,195.0910364,124,0.256432399,99.39543346,75.93172646,95.2838249,10,0.288733823,0.06953629,0.03728346,82.39227261,60.61738432,255,1.448253479,0.081950586,0.106089497,531,0.07370001,0.100310006,0.806184388,99.59250095,3,3,3,3
blq212,,,0.349704674,0.965548514,0.102076389,0.860012275,0.501644737,0.945884741,0.401814723,0.889213652,15,102.111315,23,176.3689669,1,127.3401109,5,130.7042697,128,0.223034515,99.70223256,77.03166419,102.7465607,255,0.253056274,0.098183791,0.059721025,75.49630646,48.80201018,255,1.395033356,0.081362316,0.091225382,490,0.060293895,0.075190628,0.831990988,88.40389447,3,3,3,3
blq213,,,0.262347089,0.975735063,0.14153352,0.902614232,0.385291767,0.951586674,0.419080904,0.917386032,11,84.50197628,23,181.1379962,1,157.3662921,6,173.4897004,139,0.241141856,94.60340793,78.32167613,91.55273857,10,0.316128381,0.050529027,0.03557991,70.30194686,44.04075079,255,1.309941668,0.089947224,0.063053963,327,0.07320649,0.11978454,0.885397108,94.27310488,3,3,3,3
blq214,,,0.332312592,0.966868302,0.151891548,0.873846902,0.496132451,0.954690724,0.339127053,0.884789052,7,100.1834862,10,194.2478261,0,0,0,0,124,0.306675511,92.31508466,75.42066492,83.81386669,10,0.349263662,0.063694268,0.033591626,81.47297421,58.24037437,255,1.441356647,0.103087346,0.129295306,404,0.169675546,0.264949712,0.8351277,85.93063823,3,3,3,3
blq215,,,0.325559947,0.967130502,0.117843958,0.887247945,0.401207165,0.958488363,0.436355989,0.914065594,0,0,0,0,0,0,0,0,161,0.187773484,103.1127803,75.55874576,106.6044677,10,0.255673619,0.075579543,0.020764229,77.06533597,47.83608467,255,1.276175484,0.066584209,0.089559791,529,0.084760193,0.129015058,0.817402748,135.0281047,3,3,3,3
blq216,,,0.33606189,0.960379093,0.196658158,0.884032899,0.423882741,0.962634232,0.336800856,0.90181716,0,0,2,195.6376147,0,0,1,184.3081232,134,0.226518363,91.15141186,68.89959123,66.19512273,10,0.384085033,0.072329152,0.020843308,83.53925319,62.12171583,255,1.31504357,0.0747231,0.122027514,428,0.118709709,0.148648156,0.718268807,82.20464308,3,3,3,3
blq217,,,0.382333513,0.953806091,0.152195052,0.868142341,0.47240627,0.949075226,0.366658799,0.893360453,1,141.0573248,10,159.833945,0,0,0,0,137,0.260546368,84.61637752,68.49305934,72.09146287,10,0.346322673,0.086953925,0.02167876,75.52306371,51.96550336,255,1.348920541,0.092179522,0.083579683,530,0.102598749,0.141644049,0.87316144,126.236149,3,3,3,3
blq218,,,0.404389031,0.962292897,0.123998326,0.863903678,0.614852117,0.935808688,0.343143935,0.867336057,12,109.2201835,19,186.4669242,3,139.9856035,1,226.4382022,132,0.268893665,96.47787304,78.95525827,96.27381469,10,0.304921648,0.056901333,0.051889472,76.44862744,54.7682777,255,1.361422032,0.0920846,0.087239801,609,0.076340072,0.114347788,0.838735844,42.15570821,3,3,3,3
blq219,,,0.431544548,0.95594106,0.153847037,0.857773928,0.532190593,0.952794369,0.339868975,0.885926019,5,107.2229299,16,207.7173913,0,0,2,148.3853933,122,0.279943322,93.51718065,75.01891292,83.46490666,10,0.356187791,0.072493485,0.038831219,82.65893999,59.9456045,255,1.469904737,0.101499423,0.138322867,435,0.131330509,0.161445156,0.6234765,137.3502862,2,3,2,2
blq220,,,0.317770944,0.959638822,0.248238497,0.887555968,0.465565329,0.964371785,0.290843934,0.896234011,3,130.3673036,11,189.8413502,0,0,3,160.2741573,119,0.276725726,93.77630009,67.02011235,56.24142718,10,0.455689759,0.09810727,0.039289185,89.21634645,71.57359041,255,1.38701467,0.096487575,0.192003332,366,0.119956396,0.166058532,0.690216508,68.0647482,2,3,2,2
blq221,,,0.332442262,0.963954478,0.120910957,0.88320056,0.443095916,0.953152194,0.41791603,0.89809785,17,94.52770673,27,181.5993197,1,128.626506,1,167.4048059,163,0.203968001,99.39104379,73.00178618,95.68937981,10,0.27811679499999997,0.080144862,0.020316885,76.45863469,49.13979645,255,1.240941603,0.056097782,0.076994115,592,0.064347826,0.096677169,0.930311909,114.7275101,3,3,3,3
blq222,,,0.239232545,0.959388941,0.255968566,0.915245128,0.432892862,0.958342864,0.332610964,0.904236165,1,68.7027027,8,174.6025346,0,0,1,157.1550562,125,0.223784582,80.23407687,57.69087263,55.24081326,10,0.453383964,0.084529884,0.006328864,79.5210551,57.5899421,255,1.391993988,0.127289269,0.116490645,328,0.148671246,0.193142715,0.665445775,67.76157278,3,3,3,3
blq223,,,0.264945652,0.951287031,0.159840353,0.893770288,0.519553785,0.948855159,0.372393407,0.899021229,8,94.4076087,12,177.1594203,1,94.75280899,0,0,126,0.217399477,79.62251393,55.60081192,63.48952587,10,0.300952895,0.119864203,0.005053817,78.44260369,52.96706401,10,1.478762393,0.121445932,0.11280429,369,0.150610694,0.208521126,0.844512195,46.68737004,3,3,3,3
blq224,,,0.434683523,0.960381343,0.155665496,0.858699752,0.521987552,0.957303899,0.315879074,0.887080805,5,125.4101911,12,172.8455657,2,106.7608008,2,123.7685632,122,0.287321508,99.0887568,78.73404397,83.50753984,10,0.366611132,0.051903114,0.034388483,86.17371196,65.82858304,255,1.417403563,0.09329745,0.148575334,403,0.117422545,0.187251514,0.861281314,97.48325536,3,3,3,3
blq225,,,0.4,0.966748341,0.153324013,0.864813525,0.480544127,0.957330012,0.350584292,0.882135084,17,98.73707131,17,194.5251492,0,0,2,199.4968847,138,0.277660357,98.74099835,82.45702933,87.24140248,10,0.353805698,0.051102995,0.062264427,82.79542939,59.12140165,255,1.310913075,0.084908692,0.122279036,448,0.124424016,0.173743177,0.864291159,44.96859993,3,3,2,3
blq226,,,0.494120193,0.953541222,0.134235562,0.847443839,0.671464616,0.944453826,0.329078949,0.866463519,5,91.8089172,10,160.9211009,0,0,2,131.926513,129,0.264885242,102.2406698,78.00222352,89.45573524,10,0.33353652,0.060095378,0.04048191,85.45731136,64.1453315,255,1.365197748,0.070995733,0.125927785,532,0.101421887,0.150894707,0.887250397,52.7233359,3,3,2,3
blq227,,,0.372087133,0.944796466,0.205795704,0.857285666,0.616450216,0.947841893,0.285523765,0.86722164,5,107.9192661,12,142.3906728,0,0,1,204.8006231,116,0.325075391,88.97897341,62.07972463,59.35445903,10,0.42724209,0.082440521,0.017805945,84.6316042,66.87978111,255,1.433730698,0.113475177,0.181932498,402,0.138029555,0.2008857,0.888202681,92.44043238,3,3,3,3
blq228,,,0.288830507,0.96136086,0.164745048,0.891875599,0.506785205,0.949583523,0.361408601,0.89744587,2,108.7971014,6,180.146789,0,0,0,0,125,0.237474454,83.14691699,65.18163614,71.35477236,10,0.338159092,0.089672086,0.016811044,77.74365975,53.41450944,10,1.464775919,0.120723073,0.102923144,426,0.128826301,0.16507511,0.712913321,100.1807552,3,3,3,3
blq229,,,0.294545737,0.976174766,0.121447205,0.899836098,0.372895397,0.961631734,0.408492736,0.906538003,2,83.13761468,1,228.7297297,0,0,0,0,144,0.225331347,105.1787809,84.66244599,117.2495813,10,0.265247752,0.057435131,0.066556727,76.60253784,49.7595576,10,1.346208354,0.087067433,0.082918911,380,0.082547295,0.111693493,0.946455045,114.9769923,3,3,3,3
blq230,,,0.409673853,0.953637443,0.210468253,0.872569165,0.612837302,0.959661399,0.292913809,0.883263629,5,109.9302752,11,186.5221018,0,0,2,179.8269663,113,0.256761832,100.2350025,70.98212944,65.56949246,10,0.427050754,0.077914952,0.041371742,95.26092552,76.56590617,255,1.477805213,0.105185185,0.300631001,405,0.113802582,0.163798417,0.724535142,140.0891524,2,3,3,3
blq231,,,0.30282905,0.965961053,0.112313216,0.882509768,0.483335949,0.95276021,0.393913799,0.898434125,9,121.7502548,23,181.0189976,1,130.1596639,1,228.8696629,139,0.221289705,99.69598196,72.40327556,104.0879636,10,0.244416483,0.091652607,0.02962624,78.89251106,51.89256995,255,1.381909691,0.088020818,0.104721325,499,0.077554445,0.129918716,0.914992644,75.44174828,3,3,3,3
blq232,,,0.288683802,0.969368699,0.133407211,0.88729149,0.41970125,0.960394516,0.408921093,0.904655878,5,96.73027523,15,180.9993884,2,96.8744186,1,193.3302181,139,0.217533447,92.10312919,73.14934914,85.83007807,10,0.292830793,0.054162258,0.023592325,80.10111029,52.80190019,255,1.396436844,0.072292602,0.101575681,478,0.133920575,0.196714621,0.920661552,33.9508169,3,3,3,3
blq233,,,0.346691542,0.958562747,0.115731817,0.869291045,0.402867638,0.960207095,0.393480526,0.896646254,9,82.46381244,22,162.134808,0,0,1,138.3865169,146,0.242181917,92.76172931,69.48797921,85.37004035,10,0.267864657,0.105690453,0.029999257,78.80743947,51.97358321,255,1.317417886,0.073166506,0.115120913,472,0.072672946,0.113997994,0.911793165,48.49551857,3,3,3,3
blq234,,,0.312714356,0.964713826,0.151203409,0.883386752,0.606991212,0.946654221,0.356103907,0.884647986,6,93.55810398,18,212.6070853,0,0,1,169.6469501,124,0.248006792,90.11439296,71.02966808,78.62862591,10,0.328978863,0.085804698,0.031765995,82.6656704,58.14783065,10,1.473771755,0.098746399,0.152785103,475,0.170292752,0.245185092,0.884835935,105.1848435,3,3,3,3
blq235,,,0.332292018,0.958717371,0.139526675,0.876155632,0.465253604,0.960193674,0.367100181,0.894105177,11,108.0775646,20,172.0369565,0,0,0,0,140,0.255736009,98.33419406,68.28433994,84.82528485,10,0.311777386,0.081996585,0.016936816,84.39363096,58.87574671,255,1.317264354,0.076453627,0.136922259,633,0.092101878,0.137761323,0.816293934,90.51858149,3,3,3,3
blq236,,,0.344228895,0.967505052,0.114521017,0.889867059,0.564607785,0.932271335,0.424410705,0.893694624,5,91.71014493,11,173.3361134,1,95.83800623,3,161.5325843,152,0.208422436,99.25486608,78.33845766,108.6249421,255,0.254645242,0.067557143,0.036500694,71.81102178,45.17937239,255,1.324296326,0.07139236,0.069849457,567,0.068993281,0.085163282,0.944185763,78.70047235,3,3,3,3
blq237,,,0.332061069,0.935601217,0.13792295,0.872452884,0.366145619,0.950770833,0.318277123,0.895738306,3,72.87155963,10,135.2877095,0,0,1,115.9627907,111,0.214092527,76.44581397,54.99647188,69.2391469,10,0.289085718,0.11357147,0.004020745,67.27726186,52.12297046,10,1.58778626,0.139793718,0.028669658,272,0.031645461,0.050033574,0.973193285,120.1071817,3,3,3,3
blq238,,,0.341110248,0.917161384,0.152443142,0.860796824,0.370262948,0.960933295,0.406340698,0.917813849,3,74.91295117,11,122.7789825,0,0,0,0,126,0.281458439,74.5418168,49.09832843,60.65977393,10,0.288607693,0.14513329,0.001388835,75.26356483,48.87636704,10,1.529956406,0.122641873,0.082404228,483,0.161122534,0.251494397,0.894112355,74.78636018,3,3,3,3
blq239,,,0.440828402,0.954812203,0.129955484,0.854597959,0.509353207,0.952391403,0.366842037,0.895719723,7,133.3302752,10,193.1807339,0,0,0,0,130,0.2673238,94.69129858,74.9070951,90.91362347,10,0.313574455,0.074542208,0.033332166,80.42185903,55.72990862,255,1.415181541,0.095129722,0.107244144,588,0.091365733,0.128736784,0.847744109,151.1967098,3,3,3,3
blq240,,,0.286727457,0.921560955,0.209160926,0.88312702,0.589873894,0.932411618,0.315426343,0.877321529,2,103.9130435,10,124.4028986,0,0,2,138.3641457,116,0.262009535,70.69880624,46.26737238,48.78009154,10,0.391076908,0.148081082,0.00347065,72.77643015,52.34287214,10,1.498968865,0.185101353,0.109954228,489,0.138204155,0.200536499,0.844755683,55.95291145,3,3,3,3
blq241,,,0.322631988,0.963092915,0.146005441,0.872945643,0.47625498,0.953458273,0.360708467,0.890303794,6,107.1834862,16,158.8635321,0,0,2,174.3719101,126,0.269889732,86.79701909,70.48165453,76.47432584,10,0.329771228,0.066046835,0.028162494,78.48369003,55.00988873,10,1.466340033,0.098530149,0.088653987,407,0.209801065,0.302174535,0.844301533,92.06483645,2,2,2,2
blq242,,,0.359127458,0.950251507,0.215862071,0.874874328,0.394383988,0.962587179,0.33928504,0.908985539,2,137.0688073,7,168.1913499,0,0,2,168.947191,125,0.248841937,83.27494718,63.70227675,60.8427673,10,0.416281002,0.076341917,0.015031051,80.07449379,58.40497734,255,1.413551679,0.105652466,0.106680907,476,0.129586379,0.225839886,0.944435425,95.9939213,3,3,3,3
blq243,,,0.348994213,0.960620218,0.104938508,0.878440768,0.57280122,0.944214428,0.399668838,0.889347583,12,73.34903382,29,181.8924051,0,0,6,151.3823529,141,0.218194614,98.12299743,71.8857335,97.57967161,255,0.237164551,0.100243963,0.037005565,78.98929823,52.7910994,10,1.374167375,0.066801897,0.086702667,509,0.05177647,0.071257492,0.938826949,73.10424217,3,3,3,3
blq244,,,0.27835703,0.976676691,0.120874035,0.901692593,0.448571429,0.95244953,0.402821272,0.905531351,14,86.73984273,18,209.558104,4,85.17865169,1,195.3968992,151,0.17550949,103.822662,82.93216601,110.2392803,10,0.273870758,0.056130815,0.057231419,76.06742408,49.27773424,255,1.288785068,0.082500393,0.083017003,493,0.06163566,0.078395978,0.91045041,132.4841757,3,3,3,3
blq245,,,0.402946593,0.96321393,0.105300012,0.863762131,0.584023507,0.943543211,0.362919016,0.881009407,19,64.56674294,30,187.3062802,2,62.18347339,3,147.6771536,136,0.270208884,103.5267085,79.67512425,105.2184305,10,0.265071274,0.072586307,0.055187571,79.29461463,56.54351112,10,1.360184366,0.065901529,0.078813223,551,0.049810465,0.061123511,0.435415115,146.4518729,3,3,3,3
blq246,,,0.316987946,0.968769102,0.137562636,0.88679778,0.603034853,0.929820119,0.389651012,0.88155485,8,87.4162844,14,177.2975098,0,0,2,145.551756,149,0.207623326,89.65314197,75.92558204,85.08438937,10,0.316250088,0.066886042,0.03617354,73.13170629,48.0031176,255,1.293635791,0.077901468,0.078694952,683,0.095154694,0.145717442,0.832988591,127.5584606,2,3,2,2
blq247,,,0.375117623,0.914782633,0.18749528,0.861777337,0.545961164,0.949568101,0.338783809,0.886058941,1,87.94495413,19,136.7574371,0,0,2,115.2408964,132,0.245656166,82.03767584,50.25210256,52.14210298,10,0.364830098,0.147482375,0.006181296,81.12857876,59.52461363,255,1.348825554,0.085268469,0.093688396,711,0.029379815,0.039743286,0.694120881,53.31364216,3,3,3,3
blq248,,,0.357037236,0.958202158,0.108417725,0.86990743,0.480204917,0.953099811,0.391659928,0.910429702,6,98.19877676,15,178.6006116,2,82.77258567,1,81.9408867,132,0.265806293,97.58344056,70.61157938,99.97390491,113,0.242941629,0.099000969,0.023188212,78.94216619,54.14124825,10,1.43766915,0.06739283,0.106485349,334,0.123899662,0.222090424,0.901845721,66.71359468,3,3,3,3
blq249,,,0.380847953,0.960592884,0.201747759,0.866775548,0.506699997,0.953858447,0.323437214,0.886531501,4,127.266055,12,183.3425076,0,0,0,0,122,0.278168281,89.64852919,73.70952839,71.47195523,10,0.416890939,0.054338075,0.032209834,81.71766548,60.73484733,255,1.42979196,0.103507198,0.134649067,334,0.162934262,0.221905767,0.862772774,139.8133984,2,2,2,2
blq250,,,0.275088377,0.950687422,0.207337097,0.903780606,0.451422665,0.961552601,0.324512284,0.902684905,1,113.8378378,6,166.8058104,0,0,0,0,129,0.257080997,89.26649911,56.66929586,61.18899925,10,0.3978271,0.084155043,0.002545807,84.65863406,63.40572908,255,1.334791495,0.090931909,0.134640898,427,0.151376924,0.20730102,0.708584838,42.63624623,3,3,2,3
blq251,,,0.416651551,0.920411613,0.229919443,0.860539159,0.618139306,0.94906099,0.312541968,0.871240023,3,113.5168196,9,156.3618756,0,0,0,0,120,0.273989656,84.70863605,54.30140452,49.14958786,10,0.439935138,0.136255124,0.011440926,85.84048065,65.5524238,255,1.438403676,0.083194451,0.158866718,497,0.195942219,0.317362591,0.812854723,70.04602861,3,3,2,3
blq252,,,0.303939459,0.960994847,0.223801916,0.883330266,0.558594207,0.949330761,0.300026652,0.87913397,3,117.775,11,178.5032938,0,0,3,152.0837209,114,0.300381074,86.51918337,66.26325495,62.26916724,10,0.43342746,0.06819756,0.018914167,81.67116842,63.41366997,255,1.495071661,0.12904257,0.157227343,341,0.146535757,0.203314265,0.889353522,97.48131991,3,3,3,3
blq253,,,0.340881558,0.96235615,0.233407591,0.885387684,0.56343417,0.954719993,0.283213617,0.877670909,2,109.9130435,10,187.8057971,0,0,1,129.3299857,119,0.281243789,95.6981075,71.27885782,66.62589662,10,0.445971586,0.051969087,0.023184784,86.8124466,69.87453934,255,1.373779444,0.112591976,0.153685964,503,0.133279838,0.181107965,0.775476833,40.20333977,3,3,3,3
blq254,,,0.430842912,0.951785261,0.203326906,0.86164751,0.681778505,0.944000772,0.297144794,0.864422492,3,82.21100917,11,199.2358366,0,0,2,194.5373134,118,0.286922392,92.28637392,71.38521405,64.41403092,10,0.420118906,0.089179548,0.045755054,85.54089788,66.97191489,255,1.429678954,0.09940547,0.161189061,347,0.122829681,0.164198385,0.725212496,126.8421184,3,3,3,3
blq255,,,0.314582855,0.96628061,0.1330766,0.889751809,0.388724591,0.957640759,0.429674787,0.91257208,5,113.5688073,17,173.4937602,0,0,1,153.0369686,160,0.224246828,104.7917375,74.1267221,111.5627848,10,0.25365649,0.068953681,0.013767853,75.20390155,47.10070656,255,1.274365477,0.066989569,0.082721535,517,0.072841343,0.084936609,0.818098881,129.1188627,3,3,3,3
blq256,,,0.42354435,0.966908375,0.101606997,0.851366791,0.602361634,0.942173388,0.376223744,0.883348663,7,85.69772257,13,200.2081863,1,157.2494382,1,206.32493,116,0.29846283,105.0713642,86.45597293,116.3150309,255,0.258636998,0.060447728,0.101752173,79.1462628,53.76134396,10,1.539975677,0.100130625,0.11080582,425,0.084053441,0.125007661,0.902891832,67.18702151,3,3,2,3
blq257,,,0.430659699,0.936782822,0.106666965,0.834460061,0.536482841,0.936888249,0.37324836,0.88094452,7,82.05635649,22,149.9866555,0,0,1,91.9047619,127,0.260367185,83.75309722,63.27574037,85.62964357,10,0.251985397,0.120666943,0.013624901,71.81072824,48.01960662,10,1.483947458,0.120629305,0.07715759,499,0.046022354,0.064914329,0.951574085,55.34460641,3,3,3,3
blq258,,,0.385180482,0.953727765,0.124857489,0.865640251,0.621356492,0.939569653,0.336626415,0.879519297,3,90.11594203,14,202,0,0,1,149.5977528,120,0.249409059,89.32539696,69.86050529,82.5782172,10,0.292464303,0.112292239,0.039908112,78.57792548,56.96955586,10,1.499211747,0.113733616,0.089500473,418,0.067858261,0.103561366,0.887783921,111.6302724,3,3,3,3
blq259,,,0.293015976,0.972154891,0.146862878,0.900844411,0.3844181,0.955821049,0.444032118,0.912360113,0,0,0,0,0,0,0,0,136,0.20345261,102.4410963,78.14758735,102.9107627,10,0.309216355,0.056377352,0.035947274,73.25922215,44.75165921,10,1.365405783,0.068458214,0.092458858,337,0.119027367,0.15205335,0.855963846,64.32720343,3,3,3,3
blq260,,,0.511042312,0.950195674,0.142850146,0.842110136,0.515502505,0.952822715,0.345427275,0.888514992,6,113.0748792,13,181.7353564,0,0,1,153.2016807,131,0.264575037,93.87855434,76.88874008,80.22129886,10,0.344892446,0.072945522,0.06114702,81.32544196,59.38554924,255,1.370507165,0.083102493,0.091788927,494,0.077810565,0.116006636,0.852148386,120.9389648,3,3,3,3
blq261,,,0.274163194,0.974609993,0.166544566,0.896124911,0.392084869,0.961489567,0.341962517,0.908373416,7,135.4783748,19,183.0738774,0,0,1,125.4764045,132,0.255393263,94.93093727,78.22352954,85.72986067,10,0.362691704,0.050051789,0.040094891,78.66694183,57.2532782,255,1.336162251,0.107922082,0.076581242,460,0.121489843,0.164117419,0.778522943,139.1583762,3,3,3,3
blq262,,,0.299556213,0.964397528,0.131328156,0.884013647,0.41215468,0.955144671,0.37936139,0.900976457,7,78.4259502,18,197.6529791,1,106.6808989,1,206.3216266,130,0.219445472,86.66534488,69.84199181,82.26249081,10,0.29361717,0.100696754,0.034417562,74.58448684,51.31603584,10,1.444452225,0.095654914,0.065929064,426,0.120078108,0.2135507,0.916901452,61.17663421,3,3,3,3
blq263,,,0.42812362,0.963726861,0.136934018,0.865196994,0.580376902,0.948898457,0.341987611,0.881220773,0,0,3,179.5137615,0,0,0,0,121,0.27376259,98.7916186,81.90878967,97.43436691,10,0.322705145,0.048024209,0.045261173,82.78606262,60.46946506,255,1.486162888,0.087364589,0.132406473,316,0.149439967,0.198294212,0.912503248,58.58683694,2,2,2,2
blq264,,,0.346187144,0.949692417,0.12973956,0.863775891,0.499194431,0.951483347,0.377852109,0.898814554,8,105.8061927,21,156.4725757,1,98.30218069,1,197.5220884,129,0.247306563,85.97232358,62.9305301,76.55652766,10,0.29395102,0.098892036,0.009788806,78.98077804,53.501673,255,1.455806949,0.096310373,0.108644985,577,0.057852963,0.072527988,0.917615489,110.5483217,3,3,3,3
blq265,,,0.433960406,0.9521618,0.202965634,0.86221865,0.61861773,0.940369927,0.309343357,0.870266703,2,58.05072464,5,186.5431193,0,0,2,171.1617978,117,0.287150908,82.64742397,71.39001059,63.94288229,10,0.419384811,0.083916084,0.038143675,79.05635206,58.33579547,255,1.480708103,0.143821214,0.110812265,504,0.13738693,0.216719524,0.706035773,84.88469411,2,2,2,2
blq266,,,0.342977653,0.970878103,0.127287846,0.882975635,0.428888718,0.955794249,0.413096444,0.903088146,3,96.75845411,8,188.9002294,0,0,1,174.9685393,162,0.205365912,114.3811117,82.74178989,122.1030411,10,0.266702279,0.061356813,0.047505019,77.40008535,50.90345925,255,1.235738363,0.05043379,0.075429645,506,0.069146359,0.096498908,0.756501054,152.0481868,1,1,1,1
blq267,,,0.402876731,0.966578797,0.137180341,0.866800533,0.551504949,0.957120142,0.347641264,0.881649708,10,124.2073394,18,200.7278772,2,163.5438202,1,136.1168539,132,0.255448068,108.0434588,83.04462124,101.1979685,10,0.327608674,0.053359618,0.05158876,87.81917479,64.09658951,255,1.362257342,0.064953724,0.150289017,478,0.109603067,0.150582477,0.849053833,53.83595352,2,2,2,2
blq268,,,0.300977162,0.971637557,0.140893868,0.905085882,0.432592138,0.956107998,0.456377641,0.911011998,0,0,0,0,0,0,0,0,179,0.140195035,118.2310964,78.95113316,124.8896183,10,0.244497749,0.059574408,0.024547967,77.76051316,48.46230257,255,1.209373115,0.034030496,0.06482066,613,0.056336145,0.066615539,0.893364568,56.17060072,1,1,1,1
blq269,,,0.313833565,0.970873654,0.130199377,0.893105274,0.380679137,0.955459272,0.45352415,0.911946681,1,72.83486239,4,168.5114679,0,0,1,203.8292135,173,0.175634651,109.9789036,79.34463458,120.0199462,10,0.250580546,0.057254902,0.034017686,72.52561712,44.21090527,10,1.233079585,0.055547866,0.05207228,505,0.069701633,0.088977294,0.913906529,76.86086582,3,3,2,3
blq270,,,0.304084617,0.971390617,0.127353744,0.889087079,0.415572199,0.957298052,0.43474125,0.90550291,3,76.11594203,5,189.3027523,1,102.7325843,3,181.1116105,167,0.177034123,112.4446789,78.72008389,117.4707616,10,0.252722315,0.057731714,0.024234111,77.62576867,49.8544761,255,1.241291131,0.041084523,0.071178174,543,0.062932854,0.089094688,0.850445199,61.36878347,2,2,1,2
blq271,,,0.255746891,0.973445822,0.155150988,0.918002418,0.408094798,0.948291681,0.46502985,0.915319796,0,0,0,0,0,0,0,0,181,0.136307481,106.1156606,75.04111011,114.0172792,10,0.253632167,0.058468703,0.015263953,70.0039307,41.51017104,255,1.211203551,0.054097847,0.04935935,483,0.055007888,0.084637058,0.419095715,126.8040075,2,2,2,2
blq272,,,0.280300444,0.975603657,0.131633608,0.897060738,0.500876619,0.945336355,0.384025742,0.890176456,17,98.51214247,24,204.1431159,3,89.70782889,5,186.6391011,147,0.220573476,102.8153153,81.55043685,109.716858,10,0.289354267,0.05981703,0.04802349,74.70576973,50.00013978,255,1.295517969,0.086121964,0.063165813,570,0.069838418,0.092692586,0.862258706,160.9386144,1,1,1,1
blq273,,,0.352318734,0.970328844,0.137556948,0.888821403,0.495465871,0.947361009,0.400413777,0.89237805,5,64.6057971,1,246.5507246,2,58.89162562,0,0,150,0.198582928,108.0550889,82.90492985,116.9966805,10,0.284723335,0.049083125,0.03777386,75.79818307,50.50998311,255,1.299077402,0.0630709,0.070442526,418,0.086054579,0.109835792,0.875272064,161.5491607,1,2,1,1
blq274,,,0.305985319,0.971040098,0.130538947,0.888431005,0.454166667,0.955687024,0.41008559,0.899161208,15,81.21834862,31,179.7549985,4,111.2640449,5,159.501573,161,0.210663404,106.1109655,78.07969635,102.3969941,10,0.292629448,0.060999606,0.034107307,79.35649139,52.86600479,255,1.238582485,0.048855906,0.074248983,720,0.058049036,0.072840791,0.893755686,145.6405926,1,2,1,1
blq275,,,0.344382765,0.966196509,0.131765511,0.883755051,0.50368174,0.954732826,0.371110134,0.882281849,11,89.41897233,14,163.9921363,0,0,0,0,143,0.247391023,107.0144906,76.88530284,106.6712952,10,0.281709402,0.062932281,0.021827745,82.45293086,56.82725762,255,1.305115056,0.072610125,0.131045365,548,0.066444504,0.090072561,0.882950211,102.8485682,2,2,2,2
blq276,,,0.283848583,0.973808163,0.133508327,0.908123303,0.435001797,0.951487258,0.41633883,0.904643917,19,102.623118,17,195.8008635,3,113.1992509,4,167.782194,159,0.210569777,104.5251222,79.28588271,109.8257098,10,0.281026218,0.063769916,0.038250306,74.53068855,47.94706883,255,1.257156164,0.071047371,0.061906887,552,0.079713654,0.099041112,0.930166437,138.9555948,2,2,2,2
blq277,,,0.461146321,0.959752694,0.116967961,0.847846186,0.515988815,0.955519046,0.373201529,0.886407252,22,81.28023353,21,186.0690258,6,104.4446978,4,154.3275281,141,0.27363987,105.4069477,80.953031,101.854527,10,0.294865821,0.055480935,0.044187385,83.81644582,58.25933056,255,1.327101779,0.064334859,0.138071873,404,0.071765212,0.092625909,0.530907292,146.7145494,2,2,1,2
blq278,,,0.193170896,0.979652683,0.17772717,0.9346807,0.355844537,0.957927741,0.479910792,0.924486846,1,37.21019108,2,178.9678899,0,0,1,164.7348315,190,0.128285056,110.4472818,74.60993374,115.8890339,10,0.256306797,0.050705811,0.012607608,72.36587835,42.85923935,255,1.192897595,0.042372577,0.046862466,549,0.079126387,0.166186142,0.909843766,142.3047551,2,1,1,1
blq279,,,0.33711964,0.962197914,0.114073293,0.877144957,0.373496292,0.957896407,0.456888225,0.912372724,6,95,15,179.7192661,0,0,2,165.7114846,166,0.18737497,101.1452615,72.26200434,105.2280092,10,0.247395878,0.094488731,0.022830185,74.07501684,45.33434343,255,1.275305177,0.052667826,0.065942391,489,0.076906843,0.150120535,0.95008374,143.885277,3,3,3,3
blq280,,,0.348051948,0.961538846,0.111336061,0.879409602,0.5019081,0.949980652,0.426513115,0.894624893,10,101.187156,18,178.1534149,0,0,4,170.1771709,161,0.193827524,105.1526286,72.77415177,105.3587452,126,0.242442983,0.096306291,0.028653886,78.46464272,50.45913762,255,1.270066153,0.047150541,0.081314068,605,0.061703976,0.085989973,0.926945187,152.0543554,1,2,1,1
blq281,,,0.462560706,0.947438185,0.13741326,0.846119521,0.562551867,0.949614923,0.34168541,0.881616014,11,95.69340017,15,173.6956522,1,94.15280899,3,147.0965347,121,0.292438104,89.53270433,70.79659116,78.73106443,10,0.32915223,0.072321389,0.022849875,82.40388775,58.35562404,255,1.484627867,0.111530196,0.191263541,404,0.09831036,0.134231735,0.65995364,60.41242347,3,3,2,3
blq282,,,0.364060258,0.968573889,0.119131793,0.873639236,0.478035282,0.95273315,0.385656213,0.893103446,13,102.8263938,21,190.8392311,2,99.58263305,4,207.3214286,148,0.22646737,104.9370181,81.72999771,105.766163,10,0.286329566,0.065413444,0.058322427,78.52932762,53.5751106,255,1.28825699,0.066817371,0.075407496,450,0.080735702,0.120302343,0.907144493,44.76457371,3,3,2,3
blq283,,,0.332985075,0.97057689,0.135768951,0.890176143,0.425879844,0.95551111,0.397271294,0.902089463,2,63.37681159,4,176.983945,1,102.5266106,0,0,146,0.238060434,102.4485422,80.52375361,107.4106582,10,0.288260192,0.045394916,0.034306082,76.85069001,50.95599957,255,1.319398035,0.073958565,0.089948269,428,0.120160048,0.158848647,0.809886658,157.7561521,1,1,1,1
blq284,,,0.345686815,0.969320491,0.116678951,0.873990813,0.475582106,0.954846847,0.411514967,0.896941356,21,108.517992,25,181.061232,5,125.8572122,4,192.1631653,160,0.199950831,112.2713908,80.76424807,113.4314563,10,0.267271791,0.064586869,0.041360767,80.48730044,53.81531235,255,1.247344635,0.045422475,0.077248718,520,0.069595635,0.084762576,0.881265761,53.80220055,1,2,1,1
blq285,,,0.479197473,0.955834059,0.146409146,0.851472892,0.466272894,0.961789796,0.334915199,0.899400978,7,100.3022774,19,189.7055683,0,0,1,208.8072289,132,0.296515597,103.9588255,78.67151316,89.62120351,10,0.347856594,0.050285676,0.040997026,86.3385147,64.75512151,255,1.333556083,0.070633833,0.135453908,431,0.101399693,0.138246201,0.754750126,155.8106145,2,2,1,2
blq286,,,0.271604938,0.970588083,0.11854485,0.897168292,0.420773183,0.955576815,0.440771966,0.902851507,26,89.79808375,39,184.1587862,5,76.84985994,9,167.5098777,167,0.185868138,101.6340575,73.20302967,101.2889634,10,0.256871412,0.08381175,0.018764077,76.3144136,47.58961664,255,1.249995766,0.05585192,0.072007993,574,0.066993556,0.08648653,0.903827308,106.5194058,3,3,3,3
blq287,,,0.340924303,0.969700235,0.124280555,0.884476172,0.396989822,0.956574335,0.444488879,0.907319108,16,101.0131881,22,181.7294019,4,120.7956522,3,187.9112979,171,0.177731456,108.809926,80.58336161,115.448723,10,0.266916398,0.065379915,0.033047094,75.01834827,46.15893396,255,1.230599514,0.056189584,0.07144331,589,0.075759087,0.104733696,0.907123131,54.55241568,3,3,3,3
blq288,,,0.272849609,0.977881945,0.172269798,0.916834035,0.489848053,0.955986524,0.41865394,0.900604237,1,58.05797101,3,215.0048309,0,0,0,0,163,0.160011549,122.0736473,84.50551274,127.6982707,10,0.271960163,0.029714803,0.033680398,82.56923866,54.94981302,255,1.239927569,0.039818923,0.085776369,524,0.073387944,0.114622978,0.848757854,87.40789926,3,3,2,3
blq289,,,0.615684294,0.922059743,0.149582919,0.821272172,0.650504621,0.942773407,0.324071654,0.871795149,7,77.88801054,13,161.4107269,0,0,3,162.9304258,129,0.282119615,90.68558192,67.43212222,68.73279788,10,0.351321309,0.097888056,0.034529743,82.94425544,61.38348802,255,1.354297393,0.09372871,0.118003514,580,0.102008367,0.16506145,0.861097573,40.19164431,3,3,3,3
blq290,,,0.246107266,0.975382332,0.162370174,0.917524767,0.392965336,0.955623501,0.47619336,0.913264234,0,0,0,0,0,0,0,0,190,0.126927169,115.0096491,76.79635665,122.6981597,172,0.240610146,0.055411214,0.015924139,73.92856643,43.46837602,255,1.19256235,0.043677638,0.058093174,484,0.053894134,0.067769675,0.882351989,154.762704,1,2,1,1
blq291,,,0.370969146,0.962573589,0.108620491,0.865989502,0.389582797,0.956895624,0.452787772,0.904783557,20,81.69481413,27,183.5310907,6,102.2310861,11,168.7437165,177,0.20557196,109.5260776,76.18334674,114.56161,10,0.239023262,0.077129928,0.032514566,74.71650716,45.99256876,255,1.215732481,0.042519048,0.063323165,675,0.038676336,0.052986796,0.917488084,56.80375395,2,3,2,2
blq292,,,0.400641026,0.96191916,0.144795521,0.878202067,0.452336057,0.956682874,0.343335552,0.888911248,0,0,1,174.477707,0,0,0,0,130,0.234927764,97.46382731,77.47927629,91.19141487,10,0.333251637,0.06071216,0.029515773,79.55483329,58.20072748,255,1.373236231,0.090473023,0.08578131,419,0.135725389,0.199753343,0.708351512,52.47486985,3,3,2,3
blq293,,,0.307937266,0.966343401,0.199016279,0.884887985,0.519464957,0.947099277,0.336358155,0.884543319,5,101.3312102,10,176.9201835,0,0,2,185.4306839,125,0.248740077,82.83027693,71.97626482,66.85352636,10,0.396977968,0.084015664,0.040939836,76.94575189,55.23546394,255,1.415331672,0.120802183,0.085914323,520,0.138555299,0.181064386,0.632777477,120.7549372,3,3,2,3
blq294,,,0.260266874,0.974911714,0.132429428,0.912724265,0.369045749,0.960850922,0.453313081,0.917379859,1,34.3853211,1,191.2318841,0,0,0,0,170,0.168539027,112.3266244,78.04483173,121.8463412,10,0.238109063,0.075740714,0.032483347,76.00201331,46.58130368,255,1.24668957,0.056047483,0.068885986,425,0.043722504,0.065727299,0.937327559,113.1863354,3,3,3,3
blq295,,,0.323532654,0.962047047,0.148934695,0.883648454,0.438065582,0.958120428,0.360286738,0.896589939,4,107.0652174,21,194.1242236,0,0,1,189.9977528,141,0.211213924,92.66616431,69.82904437,78.46500918,10,0.327732244,0.093720019,0.02867246,80.02735175,56.26723319,255,1.295112524,0.082261999,0.11112634,495,0.08670986,0.116709529,0.730481222,156.2540733,3,3,3,3
blq296,,,0.432441328,0.959180148,0.092692147,0.845702652,0.39711389,0.954968457,0.448924017,0.905172398,39,96.45020014,35,181.5779817,3,98.39495798,3,184.627451,169,0.208064398,107.978797,78.68579213,116.6808668,255,0.227245161,0.073251487,0.050648265,73.63712732,45.29692962,255,1.252913505,0.050304054,0.060089495,644,0.040761403,0.060392785,0.939529877,75.61308951,3,3,3,3
blq297,,,0.440685863,0.955657244,0.133227369,0.861067346,0.754737896,0.934918399,0.313614843,0.858303684,8,90.75458716,11,181.0016681,0,0,0,0,119,0.30104684,96.42815432,75.42209667,86.18247027,10,0.326438058,0.07237725,0.038317368,83.74934762,63.13699728,255,1.47086862,0.097875885,0.149382202,479,0.076185862,0.101106754,0.886559198,125.593601,2,2,2,2
blq298,,,0.428804644,0.961453583,0.141872936,0.855608497,0.681779825,0.942493184,0.316091317,0.867342941,6,125.6039755,19,168.8023256,0,0,0,0,120,0.296426082,98.16885209,79.66782849,87.24656547,10,0.348813117,0.059997297,0.052294942,84.5942461,64.18984261,255,1.456150624,0.089500473,0.143597135,471,0.089742252,0.130990892,0.620793073,143.811794,2,2,2,2
blq299,,,0.363311531,0.948837701,0.241656335,0.884635921,0.764505048,0.931989567,0.262653765,0.848526554,1,104.0366972,5,178.9724771,0,0,0,0,110,0.301841953,87.05990284,63.63630702,57.56210564,10,0.470224145,0.082026321,0.016525449,82.34389993,66.76309918,255,1.474250346,0.14866895,0.151192837,525,0.128516658,0.163004849,0.715667947,83.22898788,2,3,2,2
blq300,,,0.346525642,0.967044853,0.138952317,0.881519073,0.576388504,0.948827248,0.342667383,0.878617154,3,64.5410628,6,197.0917431,0,0,1,207.929972,135,0.229899206,101.832617,77.5395973,92.52226834,10,0.324303236,0.054211791,0.031022752,83.11301925,60.51041307,255,1.324802597,0.0776193,0.123966168,572,0.102992062,0.151877971,0.871948463,70.36677517,3,2,3,3
blq301,,,0.481263858,0.950287155,0.102613892,0.825253669,0.685579744,0.935925492,0.351781171,0.867322614,12,85.38871716,23,170.7554846,1,110.9486301,2,182.8561798,128,0.28596211,97.76772011,74.93203525,99.10585859,10,0.270633609,0.078714417,0.035261708,80.72543963,56.34134564,255,1.43144169,0.100495868,0.133406795,584,0.058604959,0.101302479,0.966492961,51.5717509,3,3,3,3
blq302,,,0.426396562,0.959723053,0.126319442,0.857515347,0.54497745,0.94992094,0.347411924,0.876308108,9,94.71457696,20,181.8367065,2,112.394958,2,128.0359551,136,0.283012872,100.6175433,77.74549533,91.23390617,10,0.315863374,0.05875889,0.036598394,81.80944708,59.72601136,255,1.326119471,0.064680565,0.118280883,596,0.059883563,0.079687297,0.397365202,111.4476435,3,3,3,3
blq303,,,0.486784492,0.95112411,0.131433493,0.83078894,0.479725353,0.954566465,0.348770783,0.890192702,5,98.20869565,16,179.1313073,0,0,2,172.3426791,125,0.307309097,92.87559878,75.10563131,86.79688303,10,0.326846248,0.059926427,0.029626993,80.13796124,57.23522201,255,1.451050196,0.094141846,0.119417745,406,0.099183262,0.148270477,0.925519108,48.87306674,3,2,2,2
blq304,,,0.47369329,0.952920691,0.10831642,0.836882583,0.550750798,0.948833505,0.369713764,0.882689559,20,90.03440367,21,163.3794466,2,112.2383178,2,151.9573034,139,0.288885868,99.83115901,76.0264159,97.14384169,10,0.281906832,0.075952987,0.0317424,80.97147135,55.3282592,255,1.343447053,0.077211244,0.124796248,566,0.051548028,0.071874752,0.917893495,142.7585221,3,3,3,3
blq305,,,0.560565616,0.934206928,0.11503448,0.822906124,0.432149805,0.964798507,0.352293185,0.894622465,8,113.837156,12,154.1671803,0,0,0,0,129,0.301764123,94.62780663,69.93026514,79.2999749,10,0.298863351,0.098174908,0.031804654,86.25201532,61.05037169,255,1.40395855,0.091182904,0.186776148,433,0.032099988,0.040988414,0.699291802,55.89687373,3,3,2,3
blq306,,,0.349672573,0.957401154,0.124997624,0.862342057,0.45997015,0.955325153,0.381988287,0.89541646,8,94.79701835,20,172.1210145,0,0,3,170.2689139,134,0.257026901,89.34419055,68.72207587,80.84614894,10,0.293721472,0.093555492,0.026812219,79.35305263,53.65554293,255,1.408279868,0.081458074,0.116824667,427,0.112578761,0.167623742,0.910905964,72.16197563,3,3,3,3
blq307,,,0.280923715,0.969754586,0.139536217,0.89721538,0.317377619,0.9679399,0.418757451,0.911383468,13,106.6109253,7,213.7701863,0,0,0,0,167,0.186895349,109.870429,73.86286206,109.3791427,10,0.264932514,0.067740351,0.013751291,78.27697345,51.30532334,255,1.214533692,0.039458755,0.085996376,663,0.053720036,0.066961455,0.871843203,85.23468778,2,2,2,2
blq308,,,0.376369417,0.952848213,0.129423325,0.865154197,0.405996598,0.956631065,0.402692704,0.898109405,14,71.87155963,17,164.8362256,2,76.32398754,3,153.6956116,159,0.203669978,95.67392204,67.95292328,86.64689842,10,0.298525963,0.073072596,0.008199691,76.30304855,50.20149445,255,1.229419729,0.050399497,0.09042543,684,0.047206367,0.068876438,0.732669148,59.97041967,2,3,2,2
blq309,,,0.246593798,0.955102738,0.171247486,0.908163598,0.328928389,0.959172232,0.474181849,0.914238284,4,59.35779817,9,138.1049949,0,0,0,0,186,0.143881663,95.13559187,57.78166548,92.09909956,131,0.237750282,0.093337217,0.001279112,70.92595476,41.98934184,255,1.202758324,0.034738668,0.05916845,710,0.060177524,0.078243863,0.890081103,120.7586957,1,1,1,1
blq310,,,0.385716461,0.959459342,0.116730354,0.865683939,0.439326221,0.96006037,0.386304447,0.89473547,6,118.462845,11,182.6001669,1,148.8207283,1,177.6918768,145,0.249303634,108.7653644,74.58180781,109.1216636,10,0.258453069,0.078811141,0.018484382,82.232694,56.76217957,255,1.309891164,0.048609884,0.126562461,613,0.07765943,0.102145977,0.816241573,146.4021578,1,1,1,1
blq311,,,0.286655374,0.964010536,0.145565561,0.900196531,0.312266355,0.965954376,0.411607987,0.91013343,3,90.79227053,6,168.648318,1,109.7781885,0,0,161,0.191359244,100.5602818,68.53749943,98.51252788,10,0.276700212,0.075973089,0.005659564,75.5228063,49.2643802,255,1.236427353,0.049343153,0.08747962,574,0.068902056,0.093669645,0.932657384,139.4483275,1,1,1,1
blq312,,,0.355562201,0.949086253,0.12693577,0.864199863,0.343314404,0.963953852,0.394061475,0.897276717,15,81.83381643,34,152.8880194,0,0,3,174.4007491,150,0.257052917,94.28825181,64.36827938,89.5476523,10,0.269201712,0.094480438,0.012385248,76.83484989,50.5867384,255,1.283784712,0.077859939,0.105904169,619,0.057212488,0.076620709,0.906561156,38.68996908,2,2,2,2
blq313,,,0.446338259,0.94597776,0.148432281,0.856119556,0.377044025,0.963465173,0.335082125,0.896583303,5,107.8379374,13,163.141849,1,132.0314233,0,0,133,0.287448817,93.21089356,68.942523,79.27977143,10,0.345306122,0.070302041,0.014465306,80.00766982,58.43994304,255,1.317257143,0.090971429,0.131983673,505,0.097137581,0.131905202,0.799713956,113.4187579,2,3,2,2
blq314,,,0.245922002,0.960961533,0.171254981,0.907269277,0.438000198,0.949823529,0.446178579,0.903557706,6,63.81804281,6,170.8409786,0,0,0,0,175,0.145076552,97.43206542,61.47990699,92.98497339,138,0.25530329,0.062923928,0.004203873,73.68080140000001,45.89418806,255,1.217259731,0.040145496,0.06623336,706,0.072803519,0.110391375,0.833968416,128.1118733,1,3,1,1
blq315,,,0.276371308,0.957948009,0.125766505,0.887860472,0.308924786,0.962816589,0.434829274,0.910942951,27,78.83961944,31,154.7537823,3,52.46498599,2,111.1457364,164,0.156574948,88.66820039,62.1295398,85.59135822,10,0.259182111,0.096476704,0.003169008,71.88188039,43.67403604,255,1.257081308,0.074204632,0.08159305,545,0.062387363,0.08587398,0.892045713,106.4122737,3,3,2,3
blq316,,,0.294032023,0.958945076,0.145117707,0.892511072,0.366357257,0.96002435,0.447407933,0.915324387,9,72.53623188,14,170.0393185,0,0,2,104.9971989,156,0.188283646,103.463587,65.41457549,99.11942945,10,0.251768654,0.077248718,0.006102096,75.58319171,47.94973238,255,1.263419843,0.023607483,0.083312675,517,0.073692841,0.08631215,0.871522284,70.69331237,2,2,2,2
blq317,,,0.345149254,0.962583125,0.115037589,0.880553631,0.413828653,0.962530171,0.379742499,0.892768439,12,111.7553517,9,162.3071479,1,126.9355742,3,158.4629213,146,0.243242153,108.0498695,73.48826828,106.236504,10,0.251701691,0.085963219,0.023860796,82.28696957,57.3678393,255,1.292987797,0.054454098,0.11455162,684,0.053669834,0.074792444,0.940028346,140.9379696,3,3,3,3
blq318,,,0.305307736,0.967457361,0.124630194,0.887192914,0.389135514,0.958751138,0.414296837,0.900571607,17,96.93092283,28,170.9688729,1,43.96853933,2,176.2759104,161,0.208489844,105.7949457,73.99661393,107.8594479,10,0.258934428,0.074305204,0.016379003,76.4110861,49.99029513,255,1.244541894,0.050317648,0.083619123,751,0.047746407,0.062606961,0.909862895,136.2424352,2,3,2,2
blq319,,,0.374236193,0.952930517,0.129310485,0.86957536,0.571201062,0.949414969,0.360578672,0.886795241,11,72.7206005,17,173.4919011,0,0,2,126.5336134,138,0.238030408,97.44773554,67.5352301,82.36131483,10,0.300482104,0.068897005,0.013644996,83.00984632,59.95427438,255,1.328882396,0.05633309,0.113718042,558,0.114243034,0.15262281,0.787389657,70.7578958,2,2,1,2
blq320,,,0.371614724,0.958924996,0.135108077,0.869124289,0.474964986,0.958927197,0.345819158,0.883670536,4,88.76811594,13,187.0755116,0,0,2,176.7240896,137,0.250659072,104.4858243,72.41491303,94.56412553,10,0.301920033,0.058048912,0.020126012,84.27909317,61.9378497,255,1.307533817,0.062468273,0.141628594,557,0.083798297,0.117415462,0.867590855,137.5988324,1,2,1,1
blq321,,,0.284051258,0.969571053,0.161370332,0.909748726,0.352114931,0.966043438,0.445064399,0.914782518,0,0,0,0,0,0,0,0,173,0.170316901,114.7036505,74.2027143,114.882722,10,0.258131488,0.053025759,0.010119185,79.88326724,51.70793531,255,1.217193387,0.026589773,0.073002691,605,0.080825671,0.101767686,0.911757544,159.7337481,1,1,1,1
blq322,,,0.280062694,0.961364737,0.155768301,0.899736805,0.320749099,0.964581615,0.451473721,0.914609432,2,66.82608696,8,168.1192661,1,157.2521008,0,0,177,0.199933031,95.46802398,65.01341183,90.04276482,10,0.282337463,0.063062933,0.006245572,74.81797095,45.52788322,255,1.211395278,0.053636745,0.065882115,585,0.099339462,0.128628826,0.823638949,128.8984155,1,1,1,1
blq323,,,0.324924012,0.968751178,0.170270225,0.883940573,0.585394316,0.949493883,0.330712715,0.887108149,6,112.2439614,9,204.0334378,0,0,1,166.0337079,116,0.268727728,93.52811979,76.50650967,81.8251094,10,0.370001509,0.049192697,0.029324481,83.52888362,62.77584753,10,1.530355616,0.092751874,0.157185252,470,0.134251837,0.187346233,0.879778701,82.71116103,3,3,3,3
blq324,,,0.272282972,0.966498964,0.165992047,0.909001739,0.366150196,0.962847836,0.424146077,0.906186346,1,64.60869565,0,0,0,0,0,0,165,0.17776248,108.3041177,69.44476947,108.1409289,10,0.257523503,0.06083577,0.003011152,78.06908319,51.18456962,255,1.231718632,0.037779451,0.082859194,639,0.059983087,0.080713623,0.755653063,62.71954558,2,2,2,2
blq325,,,0.29360782,0.967465248,0.165519229,0.903250652,0.367113945,0.966451748,0.414523107,0.906714168,0,0,3,184.8647343,0,0,0,0,165,0.205881314,109.8392661,72.54128511,102.5723639,10,0.290541132,0.041735964,0.008770855,81.94348159,55.72674864,255,1.215472418,0.024579402,0.089371685,684,0.090877743,0.136255039,0.856319692,64.33679646,1,1,1,1
blq326,,,0.330101878,0.961419468,0.140291554,0.888552141,0.380375998,0.95706297,0.446464915,0.907890622,18,88.12589195,12,174.4181399,2,115.6214953,0,0,177,0.171697749,106.4470544,71.0403225,107.0409143,10,0.247885613,0.054489728,0.012982695,74.22777558,47.10646904,255,1.206046061,0.029897787,0.059838945,674,0.053137735,0.068914461,0.744856465,146.8715001,2,2,1,2
blq327,,,0.300853654,0.953400604,0.140065918,0.892210626,0.355521184,0.960638008,0.435142816,0.907624481,14,71.74462366,15,149.6954128,2,67.64157303,2,118.7269663,167,0.159868284,95.42648053,61.94597479,91.32706735,145,0.252519094,0.087520534,0.002353977,74.85062078,46.81473365,255,1.239546817,0.050178665,0.083625464,708,0.070556701,0.095506745,0.841940518,49.9816879,3,3,3,3
blq328,,,0.346715603,0.963825516,0.144705707,0.883748129,0.395862539,0.95907928,0.417894823,0.909170561,0,0,0,0,0,0,0,0,161,0.220671604,106.9143836,74.88268105,110.1324001,10,0.275669496,0.051910571,0.0094451,77.34565945,49.89942838,255,1.246528363,0.058844474,0.085380709,633,0.081088054,0.101959907,0.878285239,150.7787676,2,1,1,1
blq329,,,0.289937759,0.966023451,0.128324746,0.897186286,0.381177332,0.960452775,0.41315076,0.902593043,9,65.32925586,15,173.7266055,3,65.98879552,1,152.2067416,166,0.206688881,100.0619746,70.40009824,91.67457516,10,0.279282382,0.068352818,0.018525852,77.24429806,51.37601884,255,1.21211756,0.041631515,0.072192283,771,0.054958969,0.070957216,0.662839183,125.6942844,2,2,2,2
blq330,,,0.309121364,0.968121719,0.136572546,0.889060532,0.387999808,0.966046348,0.370578656,0.894450337,18,100.4169215,21,180.0729895,0,0,1,139.5397412,145,0.255828797,106.6316495,74.80201237,99.49210879,10,0.298022777,0.063483245,0.019822732,83.83512389,59.39936064,255,1.284386758,0.051463347,0.128203833,536,0.075522879,0.102386862,0.908901059,105.2939953,2,2,2,2
blq331,,,0.187105806,0.968479306,0.208271429,0.93742081,0.269312169,0.967160162,0.458419659,0.924711727,0,0,0,0,0,0,0,0,176,0.126240862,101.4254998,60.47033524,102.5894218,133,0.230105254,0.097811248,0.000675269,71.7956581,44.47672503,255,1.222280941,0.030563262,0.063710163,614,0.044528883,0.055390472,0.854846972,120.7570566,1,1,1,1
blq332,,,0.246035956,0.959656675,0.182019151,0.910972766,0.351493691,0.953266642,0.451434961,0.91675485,5,42.18618042,4,164.7427536,0,0,0,0,176,0.131317214,94.91285785,60.67997375,94.21460343,125,0.256000352,0.070873886,0.002583638,68.78378454,42.65451579,255,1.213898798,0.040354663,0.051628719000000003,586,0.064719088,0.076750387,0.904369832,61.28132016,1,1,1,1
blq333,,,0.284362592,0.962563273,0.132130064,0.89638551,0.31998867,0.962954242,0.456972761,0.915161626,0,0,2,176.8695652,0,0,0,0,179,0.141118939,101.5545277,66.9021957,100.8815245,148,0.239167333,0.078286973,0.002917701,73.34187554,45.21661998,255,1.209878102,0.032333179,0.062436,677,0.013825468,0.018708356,0.600583633,142.8956743,3,3,3,3
blq334,,,0.244255211,0.967527124,0.134978905,0.902900583,0.312697603,0.963611471,0.464686684,0.913710536,31,79.22133832,35,150.7172142,4,87.21358543,6,123.1246623,186,0.171815204,98.93123415,66.4932832,95.64254505,150,0.24899634,0.069224047,0.008586517,73.04583212,44.10718463,255,1.189599929,0.038145414,0.059573714,613,0.029303838,0.043203537,0.502650317,135.8214286,3,3,2,3
blq335,,,0.293724066,0.953230909,0.158630576,0.895162888,0.291394306,0.966266575,0.42331754,0.913331775,14,74.08488613,11,159.1426188,3,69.85154062,2,121.2128852,166,0.183204921,96.72958443,61.6582635,93.35245605,10,0.258673232,0.076875398,0.002703122,73.49204221,46.93515028,255,1.224634562,0.0498614,0.074378885,482,0.044488275,0.061014115,0.902617439,55.36197774,2,2,1,2
blq336,,,0.370591513,0.966446102,0.154043913,0.87651513,0.477020987,0.962424805,0.322956455,0.883089751,7,93.12215321,10,171.7985507,1,41.22921348,1,160.8674699,125,0.267604395,105.527927,79.41254095,94.99881334,10,0.350025711,0.048653139,0.026185673,88.00524807,66.83556717,255,1.386930897,0.078280131,0.193940113,567,0.113417449,0.153314631,0.837370401,125.3687096,2,3,2,2
blq337,,,0.355083996,0.955502256,0.119895813,0.870997081,0.378624339,0.960039272,0.444126174,0.907964223,27,73.16513761,25,166.0077348,2,27.47759104,4,154.9421348,176,0.209661564,100.0663712,68.15331946,94.36670043,10,0.260947432,0.076129241,0.010231793,76.46062752,47.54156216,255,1.209289353,0.04236579,0.073207968,651,0.045342594,0.056785406,0.712527931,70.50280404,2,2,2,2
blq338,,,0.367689133,0.951916619,0.12998536,0.872834965,0.557159432,0.946018316,0.367099746,0.871388258,7,79.67365662,12,149.9778287,1,47.77108434,0,0,149,0.237847066,98.81200331,66.91842813,88.64239539,10,0.286144367,0.081355458,0.016709842,79.80287183,55.81288757,255,1.2573689,0.057830988,0.098322015,867,0.070773916,0.109016907,0.746745208,129.549775,1,1,1,1
blq339,,,0.374127212,0.94979492,0.127641446,0.865838429,0.48398478,0.950013066,0.378913703,0.88352874,6,94.97400612,10,153.0798165,0,0,0,0,148,0.213446659,99.79937949,66.42200386,96.31826294,10,0.263723974,0.081832243,0.004878049,77.28501804,53.32696352,255,1.277787032,0.059559786,0.085353956,705,0.064368859,0.088022172,0.871053402,145.2893377,1,1,2,1
blq340,,,0.288715865,0.96085812,0.141739075,0.890716408,0.344208195,0.964835223,0.396423033,0.899694616,14,104.3820446,12,163.3914373,2,83.97001764,1,194.741433,151,0.226199513,97.53285284,65.89352019,92.11664158,10,0.280339615,0.078996429,0.005076256,77.91356776,51.98520988,255,1.278677478,0.061858449,0.105388468,513,0.0999408,0.140167506,0.90880848,129.2036318,3,3,2,3
blq341,,,0.305341979,0.96100334,0.129483976,0.882834058,0.31454331,0.961892087,0.455543811,0.913712574,18,93.64220183,21,179.7986842,3,115.1932773,2,171.5,173,0.187620859,101.0010166,68.08782067,105.3591849,147,0.234156094,0.080953479,0.008350634,71.71247618,43.48901491,255,1.235001922,0.050272972,0.066435986,662,0.05219741,0.070482267,0.89478895,114.9145815,3,3,2,3
blq342,,,0.352118567,0.958101392,0.133399093,0.880372124,0.416182336,0.956036519,0.409577495,0.894065256,3,97.78287462,10,179.7651376,0,0,2,132.5266106,163,0.204339396,101.5409325,70.0424436,97.47518334,10,0.272105025,0.058270711,0.010466274,76.60683888,50.47659172,255,1.228791308,0.048003622,0.080651879,778,0.067061542,0.094770006,0.706497029,144.4056627,1,2,1,1
blq343,,,0.349964289,0.956763589,0.148470829,0.881887923,0.271536597,0.970791978,0.439358885,0.924599309,5,132.906422,7,175.8414155,0,0,0,0,167,0.195763605,109.5747369,69.56586202,113.3887957,154,0.237734763,0.078731223,0.007976426,76.08697773,49.2610809,255,1.240291961,0.026808244,0.074717607,603,0.075853269,0.102536735,0.903515466,152.6155311,1,2,1,1
blq344,,,0.314019942,0.961478625,0.129475807,0.884688814,0.331112259,0.963672223,0.44914895,0.912640027,12,112.8203364,19,180.4929986,0,0,1,151.9925262,174,0.170267823,104.9115432,69.37638567,106.3756302,148,0.241653924,0.084543294,0.008917622,75.12033159,46.61168185,255,1.22272858,0.039561538,0.076473527,659,0.07466831,0.096830476,0.849585087,136.7336184,2,2,1,2
blq345,,,0.334680195,0.954135094,0.133973759,0.877121272,0.370714356,0.95607336,0.454936117,0.903406343,19,76.20366133,18,157.6493374,3,69.99325626,3,115.0117188,175,0.187659918,97.99683911,65.67760927,97.85934915,146,0.250741641,0.078889701,0.005172851,72.48652649,43.83051863,255,1.22930487,0.043618908,0.070809916,748,0.068903724,0.091487283,0.812823817,130.9509699,2,2,1,2
blq346,,,0.314620274,0.965396274,0.153510104,0.903354482,0.319411922,0.968613396,0.443591624,0.919435255,0,0,0,0,0,0,0,0,168,0.198424891,115.0741635,73.53810912,118.7985506,10,0.239466889,0.068871304,0.01027905,79.24399489,51.31492092,255,1.242232403,0.028054977,0.078433986,536,0.060710177,0.074199564,0.909581601,112.3296301,2,2,2,2
blq347,,,0.265631937,0.971681069,0.157135306,0.910798546,0.327933004,0.966990325,0.416883775,0.913153774,5,92.69855072,7,168.4141547,0,0,1,206.5294118,162,0.184637685,109.358213,74.10449532,109.9770488,10,0.269925768,0.0533994,0.006225939,78.46470072,51.8793624,255,1.237488257,0.036471477,0.090699773,631,0.068423871,0.093115964,0.938159039,124.4965217,2,2,2,2
blq348,,,0.278277413,0.970157522,0.154740319,0.90591591,0.336503327,0.962464502,0.494831281,0.923919954,0,0,0,0,0,0,0,0,191,0.146734392,119.286435,74.33598595,124.1806377,171,0.228543522,0.068555013,0.009939673,74.38776675,44.00048276,10,1.190267165,0.024280379,0.051743752,689,0.04890363,0.064105399,0.92430111,99.73373524,1,2,1,1
blq349,,,0.35653527,0.963961985,0.112198674,0.869481348,0.309319784,0.966550952,0.438813544,0.913365496,15,87.14373089,24,171.9961671,0,0,3,178.886812,166,0.210431528,104.6514818,75.80166684,108.5719254,10,0.251183692,0.066372824,0.028666862,75.47079527,46.93839961,255,1.249272568,0.064599439,0.076531051,604,0.064155323,0.086573973,0.879711878,62.9277581,2,2,1,2
blq350,,,0.272601794,0.960836646,0.162743471,0.901095452,0.381182548,0.955845641,0.44742196,0.90964823,6,73.37155963,9,162.4607543,0,0,0,0,172,0.151504918,99.57839846,64.44178919,98.46602821,142,0.250964708,0.060257151,0.003390148,73.37022052,45.68165475,255,1.230951897,0.041212954,0.069068412,635,0.088981475,0.117280999,0.89078523,65.98371002,2,2,1,2
blq351,,,0.284676958,0.962081786,0.150849666,0.897731187,0.400135275,0.959087829,0.452773523,0.907853505,0,0,3,178.9626168,0,0,0,0,178,0.16938217,105.4106646,66.80482045,101.7825845,10,0.250266999,0.068408686,0.005710217,77.58930116,48.75134299,255,1.208543966,0.029362763,0.070729797,757,0.078776889,0.120512,0.344184042,138.6938075,2,2,2,2
blq352,,,0.29289243,0.96482274,0.138033215,0.898275033,0.38541487,0.961939574,0.441543956,0.907409652,0,0,0,0,0,0,0,0,171,0.174824964,105.9197117,69.89797174,102.2549325,10,0.256519738,0.064586276,0.005730068,78.905489,50.5602635,255,1.226424977,0.033729623,0.080490786,523,0.071715226,0.094612534,0.777632632,53.92595763,2,2,2,2
blq353,,,0.39276264,0.951493367,0.117883111,0.85852866,0.430376541,0.952718719,0.414436102,0.893170759,18,84.00203874,26,171.6962096,2,126.2775281,3,135.8403361,164,0.197168453,98.98182906,68.86217597,96.76887607,10,0.264060247,0.080222187,0.009257776,75.09973063,48.04596508,255,1.228702665,0.061297157,0.080524845,837,0.052612346,0.068898504,0.756396448,46.28382005,3,3,2,3
blq354,,,0.241722953,0.964648659,0.166547235,0.916337469,0.381102362,0.951446279,0.488489867,0.916296104,0,0,0,0,0,0,0,0,191,0.112914894,100.0733806,64.12271404,102.2769571,145,0.241305606,0.080998099,0.002255524,69.68213879,40.43378042,255,1.200304673,0.043953189,0.043646154,687,0.062337921,0.076156243,0.86094724,129.3722067,1,2,1,1
blq355,,,0.278144837,0.967082551,0.152597368,0.911766266,0.292318583,0.963802285,0.494729361,0.928080741,0,0,2,192.3550725,0,0,0,0,163,0.144604627,109.7189134,70.79072816,114.0937566,166,0.232609151,0.073256883,0.010596603,70.858932,41.29362796,10,1.255705553,0.032031741,0.052789471,638,0.057706861,0.083122675,0.934108252,137.3662109,3,3,2,3
blq356,,,0.313681347,0.959194824,0.146649449,0.888878922,0.302734553,0.968736901,0.403426364,0.914618948,5,98.70275229,7,163.7169069,0,0,1,126.694704,149,0.202218037,105.2354635,67.86793513,108.326472,148,0.2377185,0.071483582,0.004900931,77.61313156,52.656611,255,1.302434129,0.046535508,0.102919555,399,0.064713551,0.090726348,0.949572848,143.3850531,3,3,2,3
blq357,,,0.374623016,0.94956344,0.127128552,0.866883196,0.405206754,0.958620816,0.407306775,0.902607926,8,91.12318841,17,167.5261738,1,87.6959707,0,0,158,0.210387483,100.2424187,66.15082009,95.19832099,10,0.26534321,0.096967901,0.006834568,77.79355719,51.46110355,255,1.253530864,0.053234568,0.088809877,682,0.051646246,0.071659612,0.901635901,113.2401656,2,3,2,2
blq358,,,0.390408335,0.954541089,0.109481641,0.857322892,0.439719248,0.957244759,0.411670904,0.900708416,10,104.393578,30,176.5923547,0,0,1,132.8067416,160,0.205247707,103.9654386,70.72507444,98.10926565,10,0.257756336,0.093457409,0.017696077,79.60963619,53.28292764,255,1.249079918,0.038443203,0.085276787,744,0.047841561,0.063548003,0.464067777,49.75882139,3,3,3,3
blq359,,,0.298671748,0.952725165,0.13325011,0.881280744,0.34343211,0.959141225,0.414048111,0.905316852,16,77.69213096,19,139.9063254,3,51.2906367,3,142.2568982,162,0.168009013,92.4105474,61.26657737,88.62380961,10,0.256000295,0.078947853,0.000884157,72.60953013,46.37458425,255,1.2367883,0.056475529,0.083939656,700,0.043791277,0.052869128,0.854866971,54.61607143,3,3,3,3
blq360,,,0.342758621,0.960280252,0.135887854,0.876054265,0.510620354,0.956347151,0.352787847,0.89077888,9,95.05504587,19,163.8744568,1,89.20448179,1,145.7991968,133,0.247518372,97.97499466,70.26742161,84.9216,10,0.309877551,0.071379592,0.017861224,84.47956185,60.87356355,255,1.359738776,0.071314286,0.146122449,502,0.111665128,0.147885503,0.720169874,108.8241455,2,3,2,2
blq361,,,0.335246371,0.956298426,0.132162085,0.879970768,0.415949044,0.955687079,0.437153426,0.906118754,0,0,3,187.6287129,0,0,0,0,164,0.198411111,105.2034808,67.73846911,108.849757,145,0.233491784,0.104773095,0.007869108999999999,76.19919486,47.81267944,255,1.263205683,0.053267817,0.080471434,752,0.045868664,0.058600271,0.794104028,141.860402,1,1,1,1
blq362,,,0.377116372,0.955544209,0.125311484,0.870510519,0.41495633,0.956995813,0.417635066,0.900944053,4,74.19202899,14,180.2931489,1,19.52941176,3,185.2287582,160,0.199005849,104.4082016,70.79235855,103.8957495,10,0.253084419,0.073301424,0.019622051,77.16598805,50.80793231,255,1.256936367,0.042867222,0.079994661,642,0.061711959,0.086694338,0.936627641,144.6903553,3,3,3,3
blq363,,,0.311716418,0.96632906,0.111965163,0.891568882,0.402832089,0.963951816,0.391874311,0.905981046,8,105.2649083,16,193.5951835,0,0,3,152.6881419,146,0.227114612,106.4844888,73.35081435,100.6037474,10,0.249919556,0.084725626,0.026682508,82.81526522,58.3008349,255,1.308259697,0.036880275,0.103363778,512,0.040642673,0.056244249,0.872357368,39.79241923,3,3,3,3
blq364,,,0.371213693,0.946420192,0.117465516,0.864727944,0.375189966,0.956460181,0.421486542,0.905612,23,70.23451858,27,150.3739367,5,61.7047619,3,129.2339545,166,0.217108227,94.05880742,63.76935112,88.34655051,10,0.254885419,0.087877275,0.009056318,73.384175,47.04131032,255,1.22690725,0.04579811,0.074654362,751,0.0314202,0.043879514,0.532622765,123.6822526,3,3,3,3
blq365,,,0.237206421,0.962014206,0.156795281,0.905811796,0.316644598,0.960395479,0.461523989,0.919743989,31,92.95442439,25,170.1066667,0,0,1,165.8099688,182,0.155897273,96.19032549,61.17882671,93.04557957,124,0.244643025,0.083846556,0.005018181,70.89875934,43.3548179,255,1.202619115,0.027425566,0.060285258,708,0.055123424,0.066201283,0.839590797,118.4794707,3,3,3,3
blq366,,,0.433431257,0.953329349,0.131010672,0.852047591,0.57061712,0.949352753,0.349804311,0.884877129,6,87.72488408,15,181.9577982,0,0,0,0,138,0.248543794,101.5404959,73.20945289,90.59436085,10,0.315003652,0.068926224,0.022702703,83.14469521,60.31311074,255,1.306910153,0.068020453,0.121344047,688,0.087710428,0.124125251,0.884382509,45.47438753,3,3,3,3
blq367,,,0.318254303,0.958085326,0.135468103,0.881767584,0.381756757,0.95547367,0.411132646,0.904010125,7,96.49068323,13,165.0007057,0,0,3,153.7752809,149,0.22422631,99.07188609,67.31758185,105.8216294,147,0.240822423,0.086816495,0.006441224,72.71064185,47.6235985,10,1.317557002,0.065672478,0.067936241,510,0.07504304,0.096299097,0.933908626,70.46227291,2,3,2,2
blq368,,,0.268969555,0.959293004,0.16625617,0.904605657,0.406122084,0.956685119,0.421264884,0.900834482,2,63.89449541,5,165.0420382,1,103.0831461,0,0,168,0.16639541,100.7664781,62.88167162,94.98847147,10,0.261774261,0.072936277,0.004331529,76.33431186,49.74676765,255,1.21635985,0.041915868,0.073885881,609,0.058877207,0.081356874,0.765082956,135.9222372,1,1,1,1
blq369,,,0.267719861,0.963005624,0.157072044,0.901370367,0.440539137,0.94576324,0.457143437,0.904612819,0,0,0,0,0,0,0,0,179,0.151997168,101.2786605,65.82119924,103.6029261,147,0.241257417,0.071932556,0.0065508,71.04844067,43.33888065,255,1.212192624,0.045294505,0.049572865,813,0.053789163,0.077816631,0.897347189,77.95670373,3,3,3,3
blq370,,,0.321939834,0.962991942,0.138929218,0.889887292,0.363407489,0.962201648,0.429468833,0.909165588,5,104.5284404,6,168.7293578,0,0,0,0,166,0.179277451,104.9992516,71.09443713,102.1561957,10,0.262684871,0.051617569,0.006473718,77.33442196,50.88181013,255,1.234155748,0.027616604,0.079423564,615,0.082328877,0.108765351,0.692946373,61.86522725,2,2,1,2
blq371,,,0.577765829,0.92472509,0.09728777,0.817383769,0.646779671,0.941783551,0.348045983,0.872372542,7,77.35817805,16,166.0332569,0,0,0,0,132,0.300680809,98.49215689,66.95401433,90.02412376,10,0.251829329,0.104881553,0.017307628,82.59361636,59.39763478,255,1.379130609,0.067058706,0.139997995,723,0.013647317,0.020964177,0.778598619,145.0411711,3,3,3,3
blq372,,,0.206259735,0.969263822,0.182208335,0.925565476,0.356044152,0.955451783,0.498219117,0.92034603,3,69.74309979,7,151.1140236,3,61.59250936,0,0,206,0.117022164,102.8021738,63.51355729,101.0830252,131,0.236342815,0.075348648,0.007414524,70.57063653,41.09363549,255,1.160625382,0.024951233,0.042633515,906,0.029467972,0.041397279,0.551926609,113.0458531,2,2,2,2
blq373,,,0.228905289,0.964026895,0.151868392,0.910121114,0.264083411,0.96500938,0.471018608,0.928250597,25,72.47412844,25,149.5100992,4,74.13707865,4,131.7668067,179,0.139777788,93.26297943,61.42742269,90.11760461,10,0.255742705,0.075067061,0.001593116,69.03225989,40.93524834,255,1.203864326,0.038030528,0.061654934,603,0.065038952,0.089106567,0.748827201,116.8819311,2,3,2,2
blq374,,,0.199659039,0.972739839,0.231792145,0.937180596,0.367236589,0.955789393,0.49231734,0.926244183,0,0,1,181.7706422,0,0,0,0,197,0.117747345,107.3070722,66.62317054,110.8404296,147,0.241457809,0.042468603,0.001938808,71.91917633,41.47293929,255,1.178925813,0.038013702,0.061148689,692,0.05707954,0.068365295,0.881483383,143.8224117,2,2,2,2
blq375,,,0.304491726,0.965086988,0.15117793,0.898908438,0.39988604,0.960185664,0.42703456,0.901876408,2,61.24522293,4,172.2637615,0,0,2,167.197479,163,0.182894302,107.7035172,71.48860948,107.7271888,10,0.258922589,0.053490267,0.007985514,78.7158019,50.98154793,255,1.250719783,0.039474876,0.089289271,486,0.069338374,0.08452846,0.893652666,52.92463347,2,2,1,2
blq376,,,0.321227092,0.962351583,0.123555233,0.880519048,0.361928584,0.959623798,0.432234362,0.905774097,26,91.17889908,19,187.1693364,0,0,4,164.5922401,171,0.181301979,101.3888511,70.56334957,100.8682878,10,0.26026571,0.074951191,0.006745925,74.5792538,46.75001935,255,1.215488643,0.055030873,0.07425279,738,0.055524436,0.08042449,0.864077556,80.23203427,3,3,3,3
blq377,,,0.431522406,0.953547302,0.12430718,0.852032214,0.566201995,0.947882795,0.356848248,0.885469064,9,127.9816514,21,171.0443177,0,0,2,167.7629213,136,0.260020765,100.4940701,73.02073212,92.95058148,10,0.29855621,0.068007692,0.01675773,81.59365538,58.7356926,255,1.339855316,0.065321571,0.115747383,621,0.092086773,0.123853048,0.794338734,134.7991793,2,2,1,2
blq378,,,0.256461571,0.970987522,0.165567991,0.914120344,0.340256994,0.963672289,0.464065435,0.919674019,2,96.58256881,4,198.9506369,0,0,0,0,184,0.153918099,110.4617898,72.07467366,110.8657743,159,0.251352162,0.048430189,0.011143114,76.0893822,47.2704304,255,1.195571427,0.027655776,0.061306677,674,0.058236351,0.08193952,0.828440749,45.14664068,2,2,1,2
blq379,,,0.455583697,0.934623068,0.116099536,0.842787543,0.476123851,0.950854224,0.394676787,0.886850013,14,71.33850932,16,140.2580275,0,0,3,154.2072829,149,0.232943594,90.62402929,63.58187278,82.77558403,10,0.27545567,0.080165231,0.007678126,77.24899482,50.31781338,255,1.299516908,0.078041495,0.106326869,711,0.042910169,0.056055887,0.944066182,116.6205937,3,3,2,3
blq380,,,0.359176399,0.962617105,0.121120663,0.871617436,0.375011375,0.963337137,0.382155502,0.897994626,17,88.04983749,19,183.846451,2,64.8592233,1,67.83875969,149,0.24953224,106.4112392,74.66372021,105.6989661,10,0.267357465,0.066652664,0.018436836,79.65410298,55.09522838,255,1.270204672,0.058344419,0.104716563,503,0.053339171,0.064832967,0.581585315,131.8802239,3,3,3,3
blq381,,,0.202160167,0.969529543,0.209632509,0.927095592,0.31537861,0.959174283,0.509135374,0.922889405,0,0,2,174.7385321,0,0,0,0,214,0.1063512,105.358972,63.58943044,105.4573519,144,0.236798774,0.061125835,0.002227721,69.53686773,39.65359871,255,1.148456005,0.020489746,0.04188643,790,0.021640667,0.030218859,0.748610901,133.2555504,3,3,3,3
blq382,,,0.417049281,0.9558589,0.133257786,0.868840927,0.410760158,0.957717039,0.417446363,0.900205218,15,92.43608563,12,188.4159021,2,120.6449438,1,155.9844237,167,0.19413148,109.4850436,74.31840756,108.1932294,10,0.26811631,0.051499602,0.014885942,77.63726319,51.55102851,255,1.215617538,0.03657979,0.072719267,786,0.060573474,0.086326028,0.419007744,100.8904346,3,3,2,3
blq383,,,0.320348244,0.964681292,0.139821283,0.899921552,0.42306945,0.959048666,0.448993728,0.909355792,0,0,0,0,0,0,0,0,169,0.161177745,114.5667127,73.07235032,117.0043764,171,0.225130718,0.063892213,0.01183432,79.56209089,51.65077618,10,1.247324165,0.026733761,0.06641643,673,0.055779174,0.073425449,0.955450508,81.76030384,3,3,3,3
blq384,,,0.231184512,0.965498667,0.167136265,0.920873329,0.394314916,0.952148706,0.46469129,0.912536804,0,0,3,106.2844037,0,0,0,0,174,0.156368838,103.4595585,63.59338183,102.569041,146,0.236666715,0.098252107,0.001879455,71.79829156,43.62863469,255,1.215877055,0.03401813,0.057858289,749,0.046151941,0.060227008,0.488098288,126.5341752,2,3,2,2
blq385,,,0.22928769,0.96622151,0.170175958,0.914931029,0.289544997,0.968000885,0.422046975,0.91516697,16,77.95412844,18,151.3976337,2,74.12359551,3,134.4397759,166,0.175084299,95.10133168,63.21575195,88.97637782,10,0.28329402,0.057144333,0.002771991,75.05025346,47.86482416,255,1.224789518,0.053838605,0.084416591,516,0.078741244,0.115307506,0.903778459,113.3933615,3,3,2,3
blq386,,,0.320950129,0.969759802,0.144711729,0.882515291,0.482800856,0.959521313,0.350828942,0.886042978,9,105.0112721,15,187.0782875,0,0,2,201.1168224,140,0.252699073,106.8493724,77.8231066,96.54995661,10,0.323199239,0.048066963,0.022087847,85.44333858,62.60087871,255,1.287757902,0.061448448,0.139777722,586,0.102929497,0.13821993,0.867558696,72.65909585,2,2,2,2
blq387,,,0.313804173,0.961532749,0.136012037,0.888418579,0.381400875,0.955453031,0.44294455,0.90458632,14,80.28636959,12,177.7155963,1,85.07563025,3,173.496732,179,0.180578596,101.7026183,69.2510944,100.01947,10,0.26322434,0.068117101,0.010730968,73.05806215,45.76662822,255,1.192091346,0.040609351,0.057315995,850,0.059502283,0.080849088,0.376090108,49.07863309,2,3,2,2
blq388,,,0.574510515,0.929182515,0.097608172,0.810021434,0.414219926,0.952953848,0.389609606,0.890584865,18,95.59633028,30,164.3756127,1,96.30337079,2,149.194704,144,0.287593351,88.76001894,68.44204098,86.94746064,10,0.259269757,0.100775593,0.022030972,73.83191219,47.78309801,255,1.330232678,0.096317864,0.097631993,667,0.029920742,0.040690087,0.909064151,62.59255319,3,3,3,3
blq389,,,0.3466352,0.958294461,0.138035843,0.88120094,0.415451868,0.956819728,0.420634508,0.900754151,1,40.92993631,1,151.027027,0,0,0,0,164,0.193381304,108.1330135,70.21039062,109.2129822,10,0.251419822,0.079723691,0.005554665,77.27802831,50.64418446,255,1.235681604,0.040752016,0.082358596,815,0.063475322,0.103073691,0.87866724,67.97016878,3,3,3,3
blq390,,,0.328733166,0.958221976,0.141072349,0.881270834,0.441301463,0.95475563,0.411733938,0.895766098,5,58.25321101,7,141.499545,0,0,0,0,162,0.181447794,104.2556145,68.28846026,102.3738142,10,0.26322091,0.078137376,0.006723277,77.61845742,51.00440913,255,1.235406804,0.051704765,0.086186889,758,0.05027667,0.063706449,0.849686405,81.42333052,2,3,2,2
blq391,,,0.265299895,0.957632649,0.159633728,0.903713294,0.3385257,0.959123779,0.455203134,0.916795346,4,71.80733945,6,152.5856269,1,103.0269663,1,171.9859944,180,0.1384648,97.92798007,61.3461625,95.82298476,123,0.24363953,0.082641202,0.002487528,71.94217491,44.13851537,255,1.202595321,0.032434599,0.064717182,713,0.043866306,0.057581053,0.868608699,126.4194572,2,2,1,2
blq392,,,0.443308778,0.951933957,0.107034282,0.844687144,0.572119721,0.945930031,0.381151687,0.882615322,6,109.5993884,20,137.9742647,0,0,0,0,136,0.247819116,98.32912134,73.06403668,99.0778975,10,0.264338695,0.06806874,0.021092152,80.38977858,53.97359785,255,1.393333537,0.082048778,0.127804402,723,0.070346359,0.132509063,0.922092832,77.11079402,3,3,3,3
blq393,,,0.34250155,0.95604781,0.141053129,0.886612231,0.362828667,0.964086915,0.397074165,0.905297961,3,79.79193206,5,169.4724638,0,0,0,0,152,0.192247929,102.7359409,67.82665131,99.38341158,10,0.260684608,0.062641892,0.005422205,79.09309536,53.59970155,255,1.274328286,0.051224404,0.101897772,514,0.060175023,0.075606974,0.851812746,43.81522778,3,3,2,3
blq394,,,0.269142352,0.964244269,0.15116002,0.900847192,0.372449568,0.959017158,0.458587406,0.909724137,0,0,2,207.4495413,0,0,0,0,174,0.154938988,107.5319179,67.18552523,107.1188473,157,0.238032325,0.078859676,0.005211315,75.007605,46.23292856,255,1.21373732,0.034864432,0.064679027,768,0.042619917,0.053203287,0.817667774,42.33138032,2,3,2,2
blq395,,,0.281270114,0.958701783,0.140400093,0.893905759,0.384955254,0.956652662,0.427508944,0.900385167,10,69.97522936,20,154.2454128,1,86.93932584,1,174.1428571,164,0.181581967,97.27914785,63.75194972,96.29274155,10,0.248464455,0.100464669,0.005697093,74.21792486,46.57251073,255,1.247396251,0.060869875,0.079830511,763,0.05063575,0.062628209,0.899746029,107.8246679,3,3,2,3
blq396,,,0.48934337,0.949298732,0.129341851,0.832177515,0.618262368,0.944278496,0.316091305,0.869645955,12,96.83141762,18,162.8097187,0,0,2,162.9803922,120,0.324499245,95.36925124,74.43103861,85.34016486,10,0.33124634,0.070402234,0.03270123,82.21485555,62.11344339,255,1.447322193,0.0970677,0.157605513,535,0.114160493,0.16189383,0.780169161,73.78022983,3,3,2,3
blq397,,,0.386938551,0.956702628,0.142710091,0.860159266,0.564349263,0.94505996,0.360558457,0.882385567,16,88.51261468,20,160.5009251,2,120.0393258,1,144.1090573,141,0.269957396,97.38275858,71.67467447,89.4462597,10,0.325100737,0.052739782,0.011951427,79.57289076,55.97555755,255,1.302897399,0.072805022,0.112880678,551,0.080683436,0.106654452,0.772988102,83.74213406,2,2,1,2
blq398,,,0.402204464,0.958301748,0.133674069,0.863717146,0.487061515,0.955124964,0.356919358,0.881083367,7,102.4560944,6,169.8478261,0,0,1,178.8269663,141,0.242498946,106.3171186,74.92086884,103.4026754,10,0.290589622,0.053342836,0.013925057,81.69249788,58.58132496,255,1.295167347,0.064937913,0.116389353,589,0.086687785,0.124855134,0.699000339,77.324548,1,1,1,1
blq399,,,0.32674481,0.959519116,0.142352452,0.884322592,0.473886556,0.949286268,0.409069859,0.888162494,9,70.37410805,16,163.433832,2,97.92371476,1,120.305296,160,0.203805365,101.4007527,69.01634105,100.1138232,10,0.265746267,0.065273355,0.010754944,75.93921114,49.82942385,255,1.247115806,0.054518411,0.075074846,755,0.060537239,0.074868823,0.85043051,90.87178381,1,2,1,1
blq400,,,0.400947838,0.952030554,0.112884067,0.865632631,0.524135826,0.953438502,0.36867442,0.88973552,7,68.4836173,12,151.0321101,0,0,0,0,135,0.245251436,101.6572601,69.6862155,94.74179957,10,0.261102962,0.082612902,0.011422864,82.90766942,59.08653833,255,1.372460285,0.057207952,0.126150869,627,0.047832282,0.065145293,0.92762432,153.4963705,3,3,3,3
blq401,,,0.40699623,0.963425554,0.15307225,0.864202526,0.633957845,0.949413897,0.315916162,0.87803906,7,114.6474443,12,175.4396024,0,0,3,166.0135551,123,0.283531233,106.4122282,79.83927529,95.11746098,10,0.355463059,0.060353798,0.033298647,87.15369455,68.03700125,255,1.39925078,0.075046826,0.154422477,468,0.097216091,0.13008188,0.915981573,159.0426249,2,3,2,2
blq402,,,0.640804357,0.924768805,0.134956475,0.814518124,0.699882904,0.926932111,0.310407393,0.856918742,4,65.11926606,22,160.2668905,0,0,2,194.2977528,123,0.303224409,89.78748855,70.17300385,76.25340271,10,0.340645161,0.086742976,0.036045786,76.52130656,59.04694711,255,1.39987513,0.094859521,0.083579605,677,0.04252047,0.052032752,0.726272274,46.62056263,3,3,3,3
blq403,,,0.336479199,0.95733704,0.138509573,0.880952266,0.46582749,0.958877284,0.351262593,0.89212992,5,83.28355388,14,169.9036697,0,0,3,171.459176,134,0.227883359,104.0201714,68.11736338,95.87139711,10,0.278240608,0.078234224,0.011554789,83.58790465,61.71127383,255,1.345622267,0.050560184,0.141753647,540,0.075234615,0.119462419,0.751180409,103.2927223,3,3,3,3
blq404,,,0.429853744,0.960030687,0.141608517,0.860352457,0.485005271,0.951225851,0.346717521,0.890523501,5,78.49724771,17,191.6873986,1,82.43925234,2,211.3781513,135,0.260079699,94.89808046,78.73184815,88.76445804,10,0.337130551,0.061702194,0.05243282,77.75040693,55.24328022,255,1.323366936,0.106613402,0.081551762,525,0.100956646,0.12809952,0.599763832,140.4104602,3,3,3,3
blq405,,,0.515372671,0.937181826,0.135267776,0.84281629,0.585354582,0.943027478,0.315030564,0.877320148,4,58.32914573,8,134.1834862,0,0,0,0,126,0.272716747,93.76298789,68.20653244,75.82790016,10,0.32876818,0.072142278,0.013001042,79.37319386,62.30182061,255,1.364723583,0.069094557,0.090544346,624,0.076782724,0.110115603,0.767218698,100.2151091,2,3,2,2
blq406,,,0.549105607,0.928935949,0.127324078,0.825283644,0.66620753,0.935089134,0.304603801,0.863194738,4,83.07459207,8,164.3804348,0,0,0,0,122,0.28725735,94.26760826,66.69606494,80.97906788,10,0.317570165,0.076850784,0.014139861,79.29321485,62.2352453,255,1.40300739,0.07851681,0.104959631,752,0.067443508,0.092425798,0.832954973,125.1217578,3,3,2,3
blq407,,,0.368552602,0.960740148,0.132545909,0.864144107,0.498792271,0.959240772,0.32500633,0.889993043,8,109.206422,17,174.6061381,0,0,1,152.4267913,127,0.294232878,103.2636817,73.75514981,91.53009146,10,0.317136512,0.071813015,0.023486018,86.34385546,65.31451827,255,1.367684143,0.077759795,0.171402763,452,0.094580633,0.125696038,0.845058025,120.6382466,3,3,3,3
blq408,,,0.399213604,0.945347852,0.136674156,0.863633065,0.372638087,0.966810657,0.333270654,0.88947937,6,78.36850153,14,164.0399738,0,0,0,0,132,0.300151023,98.3089968,65.43522548,81.68475392,10,0.311704367,0.085869892,0.013832737,83.31145856,63.0348422,255,1.329713656,0.0643523,0.146012229,429,0.07929928,0.109215997,0.586921454,72.83577389,3,3,3,3
blq409,,,0.286500502,0.95303432,0.148334343,0.893405762,0.379953526,0.956532056,0.419788963,0.898910303,4,91.30095541,13,148.6873677,0,0,0,0,168,0.176015533,93.79822678,60.39610063,87.41620991,10,0.266438984,0.090212411,0.003798417,73.83253517,46.74047672,255,1.214127447,0.060058309,0.077534361,724,0.04117437,0.051180321,0.687071504,58.80362305,3,3,3,3
blq410,,,0.325186188,0.953962957,0.132732776,0.880137425,0.456400886,0.953634497,0.39120351,0.893291133,5,82.33027523,22,153.2380753,1,84.02022472,2,133.0332717,151,0.203695432,96.97933798,64.61826047,90.30138586,10,0.26910896,0.077513982,0.005345792,78.12391751,52.33668503,255,1.271669549,0.062285214,0.104647245,602,0.068953135,0.095369804,0.817647261,124.4427868,3,3,3,3
blq411,,,0.492919141,0.922815115,0.103259442,0.816424263,0.498750481,0.950515923,0.38418469,0.879692306,16,86.30791284,22,149.0098814,0,0,2,140.8823529,145,0.274072003,94.14324541,61.40780851,86.71508295,114,0.246306911,0.109896215,0.005050378,78.89880574,52.89797775,255,1.313527436,0.068861897,0.120047474,845,0.029964077,0.0414428,0.969964139,108.2013282,3,3,3,3
blq412,,,0.22617052,0.951607236,0.215565141,0.924113698,0.38290141,0.960224268,0.404680582,0.902501626,5,92.40366972,8,124.8646789,0,0,1,142.0876404,159,0.168818439,93.22299953,53.6751226,83.10933649,100,0.254710939,0.095014458,0.00163015,77.13755704,50.35847705,255,1.242737099,0.050224146,0.096664014,678,0.033794433,0.042793368,0.532429667,119.0091193,2,2,2,2
blq413,,,0.317675745,0.947517042,0.136561531,0.883113049,0.354963974,0.961353389,0.405553392,0.900621359,8,58.05615942,9,134.7085346,1,95.20702403,0,0,150,0.204736919,92.50090044,60.1167135,89.2431492,123,0.243378128,0.075479041,0.001419381,75.6022764,48.76127784,255,1.30674664,0.069297864,0.103042513,541,0.048102908,0.07150087,0.942832674,54.51440245,3,3,3,3
blq414,,,0.546543779,0.922514446,0.158013714,0.831938476,0.37244898,0.972762489,0.295794817,0.905259543,2,99.06687898,14,150.1946265,0,0,0,0,123,0.29941622,104.4534111,63.95162568,69.14168574,10,0.361623309,0.104308012,0.019146722,91.61662736,76.82818825,255,1.337565036,0.059146722,0.200208117,420,0.062669989,0.08260591,0.631298163,80.24608044,3,3,3,3
blq415,,,0.434675141,0.943214768,0.114803444,0.849926589,0.591492777,0.945561056,0.357029911,0.869823686,9,70.73752013,14,152.9327122,0,0,1,160.935305,134,0.26193734,101.8400314,67.28086611,100.2370328,147,0.246895847,0.092214881,0.008554375,81.67117476,57.73569555,255,1.368157298,0.075329567,0.141785566,766,0.042370309,0.05254404,0.800513927,134.1372493,3,3,3,3
blq416,,,0.397915013,0.945982276,0.124235561,0.866419957,0.554216318,0.952317746,0.33008693,0.887370353,6,90.5382263,13,164.27073,0,0,1,145.9842697,129,0.258764265,103.3494678,65.94377931,88.58223672,10,0.276632364,0.099178888,0.016960092,84.62732011,65.62355221,255,1.359066299,0.048334469,0.136433719,541,0.048690847,0.061554302,0.83831605,125.3091542,3,3,3,3
blq417,,,0.323233831,0.950144309,0.151056512,0.886584163,0.380412371,0.961811343,0.37388271,0.893214469,2,65.87681159,9,144.1264016,0,0,0,0,146,0.221708898,96.33491574,62.18132962,88.3169971,10,0.280314844,0.07202792,0.003861291,78.62634636,54.20683506,255,1.2817257,0.060171778,0.11561595,622,0.048707106,0.061992742,0.554816112,92.53852685,3,3,3,3
blq418,,,0.287189055,0.954765242,0.151872517,0.896868011,0.46001896,0.954046274,0.373227389,0.884268236,5,91.99816514,19,168.6388218,0,0,5,153.6898876,146,0.227099679,96.27055656,61.67365415,87.4424643,10,0.261008391,0.099997525,0.015469914,78.64593785,54.45933562,255,1.288928492,0.060567808,0.095641197,695,0.041138946,0.057133404,0.859626681,115.8703192,2,2,2,2
blq419,,,0.293153582,0.952938669,0.146917444,0.890872261,0.405349642,0.960999103,0.373298559,0.888764076,0,0,8,140.3738532,0,0,0,0,143,0.216352345,95.91518621,61.10125297,87.25007232,10,0.271374096,0.103721236,0.00678501,80.04094966,54.90323176,255,1.306745562,0.075844839,0.123155819,525,0.069669444,0.086170384,0.806948166,116.2690943,1,2,1,1
blq420,,,0.274760023,0.954113435,0.158026969,0.89803409,0.323422897,0.96715254,0.420785221,0.911065727,3,93.57537155,10,133.0752294,0,0,2,157.4813084,161,0.186508644,96.18321833,59.84952401,88.38113978,124,0.258297258,0.075617024,0.002117651,77.97447253,50.37633563,255,1.251082251,0.040741365,0.100897659,630,0.060327999,0.080924657,0.830065624,60.83920171,2,3,2,2
blq421,,,0.304347826,0.959855607,0.123817524,0.888342901,0.392883567,0.95924314,0.411595783,0.902523538,10,73.63027523,23,148.9513078,4,81.17805672,3,143.2621723,161,0.197401004,98.14959094,66.61757155,91.12451041,10,0.261951613,0.092970522,0.01006353,77.27147641,51.04834969,255,1.242836529,0.041996964,0.08277581,600,0.03553461,0.042491895,0.866461767,108.8635044,2,3,2,2
blq422,,,0.412942573,0.958215929,0.121952648,0.863177771,0.464902388,0.959791335,0.369524928,0.899842594,2,117.1972477,13,174.2943144,0,0,1,187.4314607,142,0.264084809,111.0212264,76.0121823,108.1468227,10,0.272141534,0.06848506,0.025477194,84.11351989,60.37624393,255,1.306827029,0.050927542,0.116540041,729,0.071616072,0.091831955,0.913339039,146.06327,3,3,3,3
blq423,,,0.324221549,0.963912229,0.126771548,0.88748678,0.417488561,0.964971781,0.370758687,0.894033714,12,111.4525994,17,179.0523475,1,127.2247191,2,170.8900185,141,0.246981958,108.5564266,72.73479918,104.2890546,10,0.265727365,0.087744305,0.01792714,85.4427481,60.42553919,255,1.315451879,0.059263726,0.149146131,556,0.059646141,0.074690125,0.852047648,124.6065877,2,3,2,2
blq424,,,0.466589996,0.935398446,0.108896524,0.838245469,0.421425149,0.953609454,0.405367358,0.890994466,23,71.70994806,24,158.9993961,3,50.39788054,3,139.4929144,159,0.245207272,94.38036999,65.09283955,89.89029479,10,0.255875332,0.086281511,0.009625648,75.03748503,48.27030819,255,1.245395797,0.068349861,0.087950474,726,0.024487316,0.041182013,0.838065665,91.01977706,2,3,2,2
blq425,,,0.504858961,0.946995623,0.105011975,0.820854577,0.710811822,0.931616661,0.3284765,0.865069142,9,99.36391437,11,186.058382,1,150.4705882,1,160.8011204,122,0.281012625,96.07480228,74.07637407,93.26015635,10,0.280404972,0.07296339,0.027553505,79.33337134,58.86572169,255,1.45935324,0.097654748,0.101157674,589,0.068542266,0.099654469,0.829349713,58.33621599,3,3,3,3
blq426,,,0.41083083,0.941933693,0.112736438,0.8448765,0.418080102,0.949953224,0.431249156,0.898373778,17,75.16794544,28,152.3849741,1,73.46417445,2,174.5609982,138,0.270891006,91.68677859,64.30008295,85.3357984,10,0.268004844,0.097812363,0.0093535,72.1230308,44.01647133,255,1.340075756,0.079414569,0.090700611,551,0.0538177,0.069927676,0.827692076,82.29339352,3,3,3,3
blq427,,,0.333299323,0.95622428,0.131919808,0.879335179,0.420755092,0.955351556,0.424450818,0.898771922,7,90.38269987,17,153.7512142,0,0,0,0,167,0.171293154,103.1014348,67.13139409,100.9229284,10,0.251519924,0.081542448,0.003996681,76.4392237,49.41066292,255,1.226997917,0.044590086,0.078003014,762,0.053511384,0.078573779,0.858542036,49.15041992,2,2,2,2
blq428,,,0.368983957,0.963539949,0.105383957,0.863590739,0.438955161,0.953989149,0.397773654,0.902608982,3,105.706422,13,185.8238573,0,0,0,0,139,0.242426892,101.8701013,77.01582918,111.9707169,255,0.241842775,0.068889588,0.041808459,76.21517511,50.72627038,10,1.383654094,0.083616918,0.076095971,503,0.080025848,0.156095183,0.914719855,121.028191,2,3,2,2
blq429,,,0.341645599,0.959410356,0.141400714,0.875188882,0.423217208,0.960012381,0.403947926,0.903812817,5,116.1724771,9,167.7013252,1,70.59622642,0,0,160,0.18582583,108.181543,70.42269692,103.02458,10,0.27531893,0.0653687,0.00541561,80.87505627,55.13717436,255,1.232089396,0.0378902,0.094696897,647,0.059249397,0.071753639,0.882243412,140.3170803,2,2,2,2
blq430,,,0.343158661,0.952965864,0.120573165,0.86829827,0.409021904,0.957150237,0.410822057,0.896499759,13,77.75158786,29,165.2834546,1,67.84186047,2,146.6292135,160,0.204949291,99.60618508,65.68350203,95.47973914,10,0.251024961,0.095574074,0.007074617,76.89323815,50.23107084,255,1.246391182,0.048397246,0.091817471,724,0.049346943,0.075112469,0.91041502,56.26044789,3,3,3,3
blq431,,,0.426986291,0.953644469,0.124045044,0.841828877,0.680155593,0.945431809,0.328461199,0.862335478,11,82.83986656,16,179.8394495,1,102.6417445,1,211.8317757,127,0.291805442,100.1516974,72.58829093,83.82904889,10,0.310474613,0.081787045,0.032933118,87.14575268,65.21036104,255,1.387029997,0.078700741,0.178027024,679,0.089938145,0.147996082,0.858778989,61.29509175,3,3,3,3
blq432,,,0.320532075,0.962779166,0.139564803,0.884143479,0.398954571,0.958591906,0.43357672,0.90148115,4,107.9518349,5,163.0825688,0,0,0,0,161,0.199967524,109.1987291,71.12347364,105.6786128,10,0.262724991,0.059694849,0.004949349,77.25272617,49.47029066,255,1.232352365,0.039007282,0.081860101,748,0.053985988,0.075358963,0.863898112,58.53882279,3,3,3,3
blq433,,,0.28012749,0.957701745,0.139727027,0.891209524,0.331033293,0.961524604,0.446832528,0.909412792,21,91.44478528,18,172.3102041,3,98.66479925,1,160.1092437,171,0.196552898,98.18378755,62.99568066,97.49934128,121,0.234805797,0.09579213,0.005412612,73.19547418,45.35839905,255,1.234789924,0.036729576,0.075078173,645,0.044513164,0.06249952,0.953282835,54.28288226,3,3,3,3
blq434,,,0.38871689,0.956804355,0.196115056,0.875098643,0.548124341,0.953297086,0.286877242,0.881092916,3,82.22324159,7,175.8488613,0,0,1,176.232493,122,0.292946037,99.2448983,71.21065008,71.46922124,10,0.410013243,0.061173053,0.01755735,84.68862155,70.80712628,255,1.340082874,0.069802213,0.118629587,531,0.11375038,0.162196938,0.652001139,70.41382816,2,3,2,2
blq435,,,0.582290948,0.925296295,0.10322291,0.810214492,0.571129939,0.953806846,0.330326657,0.885307212,5,70.62028986,14,164.4019737,1,87.74143302,0,0,117,0.29828908,98.16218755,67.23502369,82.7699643,255,0.275465793,0.101960976,0.023521933,86.67428887,66.46545341,10,1.525844785,0.063572791,0.181622573,473,0.079035761,0.149416488,0.911709575,100.6615932,3,3,3,3
blq436,,,0.322053721,0.951041898,0.128575721,0.879338966,0.413419376,0.951146927,0.45083704,0.905522696,17,70.62331355,26,150.2057163,0,0,2,168.2843137,153,0.208508001,93.29340632,62.2005605,84.46828,10,0.267829766,0.090453919,0.00820897,72.46647565,43.2486959,255,1.270061519,0.057889732,0.077703817,639,0.027907739,0.035362546,0.562449808,94.66992825,3,3,3,3
blq437,,,0.387390029,0.948894658,0.180519853,0.872572167,0.664603546,0.944451685,0.291325491,0.868678647,0,0,9,173.8872786,0,0,1,160.3955056,123,0.268487835,96.28699708,65.78060714,67.1840999,10,0.383184183,0.086118626,0.01773153,85.31440927,69.44626406,255,1.341893861,0.084328824,0.136815817,527,0.113520826,0.172872909,0.730449199,64.780858,3,3,3,3
blq438,,,0.426418238,0.945163772,0.12007991,0.84920396,0.579239601,0.951780833,0.325506341,0.877084995,13,79.93639576,13,151.7812279,0,0,0,0,127,0.277122414,101.8613945,67.41408082,90.06150024,10,0.283789379,0.081448304,0.010011668,85.83709252,64.14305801,255,1.377168881,0.083142008,0.17896797,541,0.031907043,0.043902374,0.786276245,114.3637511,3,3,3,3
blq439,,,0.375747936,0.961887664,0.140016643,0.875537847,0.557422047,0.957004007,0.328707797,0.884166458,3,99.56269113,6,171.4831804,0,0,1,155.0539326,127,0.238717613,107.0997828,75.26211035,92.9114005,10,0.320411005,0.053822124,0.022319244,88.86552582,68.26277555,255,1.37385675,0.071286085,0.185215853,525,0.090944465,0.117081941,0.879187713,145.528622,2,3,2,2
blq440,,,0.390914742,0.959986662,0.137463233,0.872602861,0.559903511,0.950094451,0.361317208,0.882820722,5,110.6289855,15,186.2096475,0,0,0,0,144,0.229399254,105.1005597,74.96711253,95.58476127,10,0.31510732,0.061557886,0.01806282,82.85899825,59.79060083,255,1.276946069,0.056559046,0.099255327,609,0.090674702,0.122176363,0.764805465,140.6118652,2,2,2,2
blq441,,,0.428079361,0.942762233,0.127256693,0.850182688,0.492755465,0.957470595,0.357981712,0.880325323,9,73.51174668,25,140.0568056,1,107.0644258,3,134.3529412,141,0.28060455,96.46384924,65.55017486,79.87429073,10,0.307146186,0.079712727,0.008579809,84.26659151,59.58447841,255,1.299470957,0.070776569,0.147830377,663,0.052703613,0.081102858,0.804269051,72.53151832,3,3,2,3
blq442,,,0.48729064,0.932908845,0.114609648,0.836028657,0.508676387,0.954946259,0.339727397,0.876405242,9,69.71819646,25,154.3133945,1,18.08764045,4,137.1067416,133,0.271037566,97.73905304,65.18684086,85.33113469,10,0.278987755,0.085812245,0.01237551,83.24017524,60.60515486,255,1.340571429,0.076865306,0.146873469,566,0.020215451,0.031369652,0.722026576,127.2588307,3,3,3,3
blq443,,,0.303155781,0.961591491,0.124768329,0.881488092,0.410933797,0.955256253,0.434615587,0.897782032,22,52.94532279,23,157.6637415,2,52.20055453,2,173.5036969,172,0.186731614,102.2031891,68.07313419,100.0623819,10,0.248652533,0.076770454,0.007889516,75.41223333,47.71722667,255,1.217656892,0.043790717,0.070271368,715,0.023146567,0.031388263,0.908682828,82.75508197,2,3,2,2
blq444,,,0.404913065,0.950440593,0.118872003,0.864991102,0.496169747,0.959294999,0.356615539,0.893049723,5,95.97981651,11,169.3744787,0,0,1,142.4179775,129,0.303619544,105.8126997,69.59105733,101.1197963,10,0.251568719,0.084943885,0.020976012,86.3780526,62.64735272,255,1.410807128,0.065115278,0.182258238,427,0.0856521,0.124789845,0.907139421,145.9528302,3,2,3,3
blq445,,,0.324903803,0.963758179,0.13926668,0.888928743,0.419956541,0.959801276,0.409771981,0.901975928,0,0,0,0,0,0,0,0,162,0.182175525,107.5482272,72.28642462,101.8235738,10,0.277754241,0.051170587,0.010333585,80.25493404,54.22066731,255,1.22768885,0.03836873,0.088544641,676,0.071483821,0.097297895,0.891652989,43.20915577,3,3,3,3
blq446,,,0.47503142,0.951853185,0.105232525,0.828449738,0.758614921,0.91885274,0.32019724,0.858195706,5,109.3963303,16,174.8147936,0,0,2,170.1527977,123,0.288117892,95.88656393,75.56154556,95.21327784,10,0.280998959,0.082705515,0.040166493,75.46618902,57.30935444,10,1.425348595,0.093236212,0.066847034,600,0.040655037,0.056689213,0.878113661,103.6241681,3,3,3,3
blq447,,,0.360058669,0.949049778,0.125203101,0.86605643,0.39930064,0.948438706,0.4338488,0.901172681,17,66.38363171,30,151.4844037,0,0,4,130.5742297,173,0.188046279,93.39939509,64.42441487,90.73931565,10,0.263006536,0.083091119,0.005890042,69.84800703,43.66891829,255,1.210196078,0.044552095,0.060222991,883,0.045516983,0.057279039,0.630330121,53.76137863,3,3,3,3
blq448,,,0.2702679,0.959833268,0.132717239,0.899269836,0.255960103,0.970145712,0.476151755,0.924060873,1,102.3669725,11,167.0208681,0,0,1,173.7030812,187,0.162117849,99.31999799,63.36238103,96.65620747,10,0.2348762,0.113049233,0.006068249,73.07909845,43.72038899,255,1.197567706,0.029666995,0.064153629,538,0.05726162,0.083179561,0.820454858,55.13432836,3,3,3,3
blq449,,,0.337623535,0.950215855,0.120379684,0.874790415,0.457246505,0.951664635,0.416113559,0.896844068,15,75.93333333,19,161.0366972,2,113.9159664,1,156.8433735,160,0.176848497,95.63035937,63.18791111,88.60689155,10,0.25226445,0.105337427,0.006883927,76.55567443,49.8175922,255,1.256326157,0.043763468,0.089929635,656,0.024547298,0.031526005,0.682019839,135.4672102,3,3,3,3
blq450,,,0.405288914,0.946100764,0.107189027,0.85169416,0.484910436,0.948479195,0.420149159,0.892927885,10,84.9853211,16,162.8994152,1,58.25168539,3,177.2054155,161,0.201735844,99.16178026,66.4935381,96.12153071,141,0.239425798,0.094525965,0.011131725,76.43212635,49.37712173,255,1.260190026,0.045014149,0.084968423,845,0.033341647,0.050515561,0.969237317,77.75161207,3,3,3,3
blq451,,,0.286549101,0.956231414,0.140270931,0.896063546,0.311938112,0.964906511,0.424859286,0.91060533,14,74.75294889,21,156.4042926,1,75.48988764,2,154.2422969,166,0.202276253,93.74083844,62.37174921,88.0811453,10,0.262116699,0.084554329,0.007282932,74.32701327,46.88492255,255,1.229644806,0.054888862,0.082712075,616,0.047126241,0.069179633,0.914971756,113.7352739,3,3,3,3
blq452,,,0.296310935,0.961720065,0.117212619,0.890699878,0.338278816,0.959432362,0.423813999,0.908042795,18,75.98951613,25,161.0044037,0,0,0,0,161,0.198678124,96.16359507,67.31293274,96.77822754,10,0.239200915,0.085099605,0.008658009,72.32932017,45.95469764,255,1.258540882,0.052079234,0.077284908,635,0.032877254,0.05484129,0.956925742,125.3031651,3,3,3,3
blq453,,,0.488219055,0.939006671,0.103724912,0.829511176,0.653417251,0.945235928,0.355462935,0.874006713,6,88.89602446,16,172.6227064,0,0,1,153.2125693,134,0.256920538,107.8813562,69.02135126,105.4080564,134,0.235787928,0.109451307,0.015608542,85.44265098,61.62413556,255,1.364135466,0.0618277,0.157872897,697,0.047809249,0.063324795,0.93837685,68.89055358,3,3,2,3
blq454,,,0.320592863,0.964027883,0.140011594,0.885843449,0.452145809,0.959999476,0.365656486,0.888088401,6,110.2217125,13,169.136909,0,0,0,0,145,0.242203166,102.5659774,71.47632382,90.97015227,10,0.308729578,0.059064165,0.010883564,83.4186866,59.05590211,255,1.277366733,0.059644958,0.128734123,748,0.076716834,0.102669641,0.940630632,107.6354949,2,3,2,2
blq455,,,0.299559471,0.953459303,0.143636583,0.88931254,0.421584874,0.956259702,0.400585986,0.895427579,6,95.74311927,10,139.8128492,0,0,1,169.1120448,159,0.193144008,96.89196828,61.76814673,87.99953424,10,0.268353743,0.087387685,0.004463506,77.3366073,51.78571784,255,1.239108075,0.046750374,0.088823769,669,0.063247893,0.085727619,0.307979477,75.68662119,3,3,3,3
blq456,,,0.480667702,0.941142612,0.116206288,0.836932953,0.60907113,0.944079966,0.34678136,0.869488882,7,64.93184797,16,158.4678161,1,72.39563863,1,158.9662921,120,0.277349593,96.52164564,68.61963758,83.10778905,10,0.295358975,0.090505768,0.018093438,81.67471803,58.34079581,255,1.37166776,0.082249913,0.132595193,585,0.02815256,0.047258117,0.671832379,124.3648785,3,3,3,3
blq457,,,0.254514845,0.963412965,0.193625899,0.91548777,0.359944282,0.961280501,0.427328768,0.910822645,2,74.1146789,4,156.9202899,2,85.41073512,0,0,167,0.169592549,100.0296062,64.23907199,95.23043574,10,0.276617724,0.048112584,0.0038612,75.97928186,49.32177222,255,1.226879371,0.043573981,0.075107114,589,0.071945044,0.092360905,0.866855726,59.58650307,2,2,1,2
blq458,,,0.289045785,0.961080861,0.12498582,0.896852532,0.332238237,0.961558848,0.440409691,0.914203151,7,92.80745342,8,169.4693642,1,78.47619048,2,189.0098039,169,0.157633662,101.3577297,66.3205702,101.8347129,134,0.226442,0.1060991,0.009228147,73.50017103,46.71940406,10,1.236850301,0.031634677,0.069170122,608,0.03853306,0.056524571,0.944763774,97.59336184,3,3,3,3
blq459,,,0.506393978,0.954832724,0.129898395,0.840906019,0.492247108,0.958038505,0.322146733,0.893554953,5,121.2440367,13,182.4961186,0,0,0,0,120,0.315480465,104.2802297,80.54413127,100.3433179,10,0.321607135,0.064681771,0.047430296,84.15000565,65.28514907,255,1.450880591,0.074501149,0.118868519,484,0.114831323,0.169839448,0.898439687,145.8639491,3,3,3,3
blq460,,,0.197903295,0.96746732,0.178565157,0.930792977,0.261472022,0.968489246,0.437039329,0.9255441,1,65.60550459,4,171.7889908,1,113.6853933,0,0,169,0.141295219,97.18059506,60.8562507,96.66585258,121,0.242062646,0.088462358,0.001786622,72.19563848,45.22519349,255,1.227671327,0.041223426,0.076414955,508,0.046128255,0.055787021,0.900513351,122.1100527,3,3,3,3
blq461,,,0.359497413,0.958030278,0.161007995,0.87089928,0.500540374,0.959983955,0.32183147,0.887264864,1,111.5412844,13,159.7579393,0,0,0,0,128,0.261191291,98.99709343,69.89211634,74.43853076,10,0.358494031,0.080550964,0.024352617,87.23116057,67.3327797,255,1.347438017,0.076216713,0.160183655,604,0.117183471,0.176899174,0.726376304,102.8044459,3,3,3,3
blq462,,,0.307099365,0.952667715,0.141471665,0.890018214,0.384309927,0.956074218,0.442085609,0.902021707,6,84.77522936,11,147.587156,1,110.3168539,1,248.0961183,170,0.179773494,97.77693372,62.57154132,96.07864389,131,0.237109079,0.106933759,0.013290108,73.67310823,45.63682878,255,1.236560701,0.044999274,0.07093434,637,0.036700522,0.049960817,0.930025856,118.859408,2,3,2,2
blq463,,,0.261657371,0.966207901,0.16473508,0.905086568,0.336708642,0.963423348,0.444159605,0.913404881,4,83.53440367,9,168.3924567,0,0,0,0,171,0.17100407,104.1177492,67.77666792,104.2978207,136,0.253567404,0.066205298,0.008857002,75.47007625,47.58240813,255,1.229472548,0.041189822,0.072554404,623,0.045449314,0.056874947,0.786402412,63.00067533,2,2,2,2
blq464,,,0.385037238,0.950073783,0.109754432,0.852473133,0.447187154,0.955213381,0.389927107,0.884060658,23,77.14120463,43,157.9228797,2,80.61348315,4,152.991433,151,0.252123878,97.22700632,67.0992752,91.07904135,10,0.260618584,0.095078727,0.014038319,78.46004557,52.48325074,255,1.276970418,0.062285214,0.102490959,680,0.029755146,0.044069836,0.315606535,120.3812785,3,3,3,3
blq465,,,0.31569746,0.952094609,0.132200498,0.884735057,0.455590222,0.954220696,0.38739812,0.884793284,13,75.44539007,17,154.9120345,1,89.64705882,0,0,150,0.221543681,98.05742665,62.64989795,92.69018566,123,0.247727845,0.104118495,0.007074014,78.41240899,52.55619065,255,1.282754516,0.06412399,0.100570042,704,0.016234117,0.020027319,0.494713389,117.9261501,2,3,2,2
blq466,,,0.315838844,0.955587492,0.125962178,0.880336065,0.457047957,0.956206777,0.39581624,0.892186031,12,106.5053599,22,157.9544304,1,127.3146067,2,122.6008403,149,0.225516697,100.952998,65.15107397,96.58776167,126,0.242246027,0.111344489,0.015846344,80.02108641,53.76560215,255,1.300193703,0.057364233,0.108007188,771,0.050095035,0.068514962,0.868660249,124.2095749,3,3,3,3
blq467,,,0.272060858,0.957595095,0.15168283,0.897368891,0.480060423,0.942976988,0.433970859,0.897661716,12,56.79830918,13,156.0352858,0,0,1,224.4174455,166,0.165069251,99.02950868,62.32230115,100.0147553,134,0.230884454,0.100721406,0.004803636,72.37947022,45.78652988,255,1.251149257,0.042526816,0.064771612,676,0.040137661,0.059618023,0.898302518,130.1138524,3,3,3,3
blq468,,,0.439911278,0.951587222,0.125029663,0.849911022,0.631614083,0.948453781,0.334357257,0.875765864,6,90.53864734,14,165.9120083,0,0,2,150.3831461,132,0.276803914,105.6465758,72.32394923,91.30555648,10,0.304353637,0.060777173,0.015236059,86.59561807,65.70546054,255,1.340205152,0.058772428,0.14741555,588,0.079474085,0.103747081,0.889521402,63.72631579,2,2,2,2
blq469,,,0.38845947,0.960227092,0.11194643,0.857604589,0.504208632,0.952943428,0.349262684,0.881671615,19,84.29116369,23,163.9795427,3,90.16059757,0,0,132,0.277534653,102.3265769,75.12528392,99.42203214,10,0.273413746,0.066490695,0.026729927,81.13895762,58.99797597,255,1.370643857,0.0691971,0.121186809,555,0.068361448,0.097678832,0.933986863,123.4273973,3,3,3,3
blq470,,,0.383074534,0.954529423,0.180533966,0.866340672,0.757211155,0.933805241,0.305153961,0.85468025,6,78.69806763,12,162.7572464,0,0,1,210.1842697,126,0.280656449,92.41216806,69.19861747,68.40978357,10,0.388989622,0.087265152,0.02982138,83.49459575,63.63454548,255,1.350102234,0.094440801,0.155588133,602,0.108318242,0.150528996,0.745755716,48.02401006,2,3,2,2
blq471,,,0.26562192,0.958244664,0.152687984,0.900916366,0.31005964,0.958859148,0.518004151,0.922790437,8,73.06192661,12,161.6941896,0,0,2,156.3716916,171,0.136909936,100.5323936,61.8103868,96.17765714,10,0.242127116,0.081934099,0.002314523,68.82036359,38.19951206,10,1.231830998,0.029373396,0.056362132,644,0.051264907,0.071823773,0.857736317,65.84964885,3,3,3,3
blq472,,,0.261556647,0.957121654,0.157188629,0.902946358,0.280617284,0.967677702,0.421554959,0.917865973,9,76.47808359,20,146.703211,3,63.04281637,2,159.4485981,163,0.171009647,92.64535858,60.21273904,86.11980081,126,0.263340878,0.06067904,0.004852875,73.83880217,47.60410888,255,1.238297872,0.0428067,0.081339973,533,0.067078345,0.090023104,0.939589497,57.72131764,3,3,3,3
blq473,,,0.280224482,0.963899718,0.132310428,0.891788649,0.440211248,0.949656644,0.446272917,0.901867983,23,70.62863981,19,164.5097371,2,48.95602837,3,182.0643821,169,0.161044006,99.7132228,67.65061028,99.58665115,141,0.238997525,0.06369552,0.014817486,73.70226339,45.92887143,255,1.248815748,0.042042977,0.068399744,629,0.04422161,0.053668526,0.839212141,123.6815117,3,3,2,3
blq474,,,0.469908542,0.949846156,0.154412528,0.841797808,0.692587472,0.931926739,0.306691581,0.86167604,5,97.0733945,17,164.9827307,0,0,0,0,124,0.299761131,91.45944041,73.1832193,76.11107956,10,0.364720678,0.080124954,0.037324029,78.9870315,60.20898556,255,1.381070226,0.10373646,0.109253925,591,0.091318436,0.145997279,0.937955784,76.22872504,3,3,3,3
blq475,,,0.35910602,0.956544332,0.123873348,0.873976138,0.301858132,0.967567233,0.425951202,0.913601521,16,87.76714697,14,163.9265092,1,90.95503876,2,139.0900901,169,0.211441307,102.8614763,69.45716344,99.4068744,10,0.259437132,0.072661411,0.006540019,76.17084679,49.51057067,255,1.214624072,0.036994542,0.075710141,569,0.06215035,0.083507913,0.817130705,144.2407524,3,3,3,3
blq476,,,0.259944162,0.962010905,0.149586895,0.904208287,0.322933183,0.963761889,0.437154714,0.916427417,3,73.81953291,11,172.2621871,1,50.77570093,1,118.2336449,172,0.173809421,100.4116142,63.91574689,97.75736225,10,0.245356122,0.079582559,0.00529613,74.58206876,47.25546328,255,1.214672937,0.035854333,0.076926682,614,0.034454234,0.043758395,0.743535897,133.0453744,3,3,3,3
blq477,,,0.374109456,0.958592249,0.10157294,0.853426924,0.396849861,0.960378334,0.393593456,0.899097588,13,97.94871795,18,178.1837782,0,0,1,188.7815126,142,0.227413818,102.3351022,72.7195562,104.8714865,148,0.237563425,0.075840962,0.024779189,78.41118372,53.19162432,10,1.347740879,0.058578754,0.09812344,583,0.012515113,0.018592948,0.912053443,153.2932985,3,3,3,3
blq478,,,0.276272156,0.963260864,0.138272564,0.898196248,0.371321716,0.95560571,0.449483215,0.908437461,19,88.14968614,15,156.3021407,0,0,1,111.9640449,178,0.175199031,102.4190121,66.80579906,103.2971449,10,0.241822713,0.090366679,0.003189747,72.32536901,44.74324936,255,1.207134211,0.038276967,0.062869349,878,0.038641778,0.058254222,0.911486566,124.5421421,3,3,3,3
blq479,,,0.330996346,0.960428254,0.130482222,0.883821068,0.36472022,0.962465218,0.433457641,0.908580824,0,0,1,190.6880734,0,0,0,0,169,0.177371305,108.5967121,70.32521012,108.7245161,10,0.24211182,0.074333295,0.006490846,77.53471845,50.14663332,255,1.226622302,0.037682965,0.075660968,708,0.038619369,0.046622571,0.818942529,117.4181227,3,3,3,3
blq480,,,0.323968127,0.957665483,0.133107583,0.89440738,0.476418837,0.946128544,0.44795715,0.902160621,0,0,0,0,0,0,0,0,171,0.163231652,101.6922627,67.37834732,104.0932366,148,0.237996222,0.085078015,0.006968143,73.99465639,45.2291002,255,1.242456469,0.056840368,0.068411613,657,0.035381865,0.054611306,0.941324979,137.1398829,3,3,2,3
blq481,,,0.591494253,0.93188226,0.101359528,0.805781179,0.606633192,0.943634052,0.368290731,0.872875313,12,83.66207951,25,175.5801835,0,0,1,170.8521257,129,0.294954537,99.46248355,70.83928337,88.15435102,10,0.275036735,0.09237551,0.031510204,81.27293903,56.14050022,255,1.366171429,0.072522449,0.126040816,673,0.056582103,0.084273634,0.884922419,80.17577515,3,3,3,3
blq482,,,0.504268092,0.941852829,0.099399634,0.840342101,0.573835199,0.941807951,0.391604025,0.882713815,7,95.436751,14,157.9141547,0,0,0,0,149,0.250908653,100.6845107,71.16295634,100.1522323,147,0.244346426,0.094751336,0.025204789,77.69291691,52.06243127,255,1.302130738,0.06240519,0.082639035,724,0.041447323,0.07668501,0.829612347,108.6151261,3,3,3,3
