# ET,Lab,Satellite,Customer ID,ET Date,ET Location (recipient farm),Recipient ID,Recipient ID.1,Cow/Heifer,Heat,CL Side,CL measure (mm),Protocol,Fresh or Frozen,# Cane if Frozen,Freezing date,ET Tech,ET assistant,BCScore,Embryo Stage 4-8,Embryo Grade,Heat.1,Heat day,1st PC date,1st PC Result,2nd PC date,2nd PC Result,Fetal Sexing,OPU Date,Donor,Donor Breed,Donor BW EPD,SIRE Name,SIRE BW EPD,Semen type,SIRE Breed,CLIENT,DIP,DIP.1,target_pregnant,et_month,et_dayofweek,opu_lag_days,freeze_lag_days
1.0,DZF,DZF,DZF,2025-05-01,DZF,5,Local crossbred,Cow,,,18.0,CIDR+E2+PGF+ECG,Fresh,,,Yaseen,Hamid,,7.0,1.0,,7.0,,Pregnant,,,,2025-04-22,909,Grey Brahman,2.1,NCC Jackpot,,Conventional,Grey Brahman,,,293.0,1.0,2025-05,3.0,9.0,
2.0,DZF,DZF,DZF,2025-05-01,DZF,38,Local crossbred,Cow,,,17.0,CIDR+E2+PGF+ECG,Fresh,,,Yaseen,Hamid,,7.0,1.0,,7.0,,Open,,,,2025-04-22,600,Grey Brahman,1.6,NCC Jackpot,,Conventional,Grey Brahman,,,,0.0,2025-05,3.0,9.0,
3.0,DZF,DZF,DZF,2025-05-01,DZF,16,Local crossbred,Cow,,,19.0,CIDR+E2+PGF+ECG,Fresh,,,Yaseen,Hamid,,7.0,1.0,,7.0,,Open,,,,2025-04-22,600,Grey Brahman,1.6,NCC Jackpot,,Conventional,Grey Brahman,,,,0.0,2025-05,3.0,9.0,
4.0,DZF,DZF,DZF,2025-05-01,DZF,18,Local crossbred,Cow,,,17.0,CIDR+E2+PGF+ECG,Fresh,,,Yaseen,Hamid,,7.0,1.0,,7.0,,Open,,,,2025-04-22,600,Grey Brahman,1.6,NCC Jackpot,,Conventional,Grey Brahman,,,,0.0,2025-05,3.0,9.0,
5.0,DZF,DZF,DZF,2025-05-01,DZF,51,Local crossbred,Cow,,,20.0,CIDR+E2+PGF+ECG,Fresh,,,Yaseen,Hamid,,7.0,1.0,,7.0,,Open,,,,2025-04-22,600,Grey Brahman,1.6,NCC Jackpot,,Conventional,Grey Brahman,,,,0.0,2025-05,3.0,9.0,
6.0,DZF,DZF,DZF,2025-05-01,DZF,42,Local crossbred,Cow,,,20.0,CIDR+E2+PGF+ECG,Fresh,,,Yaseen,Hamid,,7.0,1.0,,7.0,,Open,,,,2025-04-22,600,Grey Brahman,1.6,NCC Jackpot,,Conventional,Grey Brahman,,,,0.0,2025-05,3.0,9.0,
7.0,DZF,DZF,DZF,2025-05-01,DZF,43,Local crossbred,Cow,,,18.0,CIDR+E2+PGF+ECG,Fresh,,,Yaseen,Hamid,,7.0,1.0,,7.0,,Pregnant,,,,2025-04-22,747,Grey Brahman,1.6,NCC Jackpot,,Conventional,Grey Brahman,,,293.0,1.0,2025-05,3.0,9.0,
8.0,DZF,DZF,DZF,2025-05-21,DZF,6,Local crossbred,Cow,,left,16.0,CIDR+E2+PGF+ECG,Fresh,,,Yaseen,Hamid,,7.0,1.0,,7.0,,Open,,,,2025-05-13,967,Grey Brahman,3.0,NCC Jackpot,,Conventional,Grey Brahman,,,,0.0,2025-05,2.0,8.0,
9.0,DZF,DZF,DZF,2025-05-21,DZF,17,Local crossbred,Cow,,right,16.0,CIDR+E2+PGF+ECG,Fresh,,,Yaseen,Hamid,,7.0,1.0,,7.0,,Open,,,,2025-05-13,D1,Beef crossbred,,MR. CLAYTON SLUGGER,2.5,Conventional,Grey Brahman,,,,0.0,2025-05,2.0,8.0,
10.0,DZF,DZF,DZF,2025-05-21,DZF,19,Local crossbred,Cow,,left,16.0,CIDR+E2+PGF+ECG,Fresh,,,Yaseen,Hamid,,7.0,1.0,,7.0,,Open,,,,2025-05-13,612,Grey Brahman,2.2,CAUCHITOS KARU SIMON 922/6,,Conventional,Grey Brahman,,,,0.0,2025-05,2.0,8.0,
11.0,DZF,DZF,DZF,2025-05-21,DZF,24,Local crossbred,Cow,,left,17.0,CIDR+E2+PGF+ECG,Fresh,,,Hamid,Hamid,,7.0,1.0,,7.0,,Open,,,,2025-05-13,609,Grey Brahman,2.3,CAUCHITOS KARU SIMON 922/6,,Conventional,Grey Brahman,,,,0.0,2025-05,2.0,8.0,
12.0,DZF,DZF,DZF,2025-05-21,DZF,27,Local crossbred,Cow,,left,18.0,CIDR+E2+PGF+ECG,Fresh,,,Fakhar,Hamid,,7.0,1.0,,7.0,,Open,,,,2025-05-13,D2,Nukra,,MR. CLAYTON SLUGGER,2.5,Conventional,Grey Brahman,,,,0.0,2025-05,2.0,8.0,
13.0,DZF,DZF,DZF,2025-05-21,DZF,30,Local crossbred,Cow,,left,17.0,CIDR+E2+PGF+ECG,Fresh,,,Yaseen,Hamid,,7.0,1.0,,7.0,,Open,,,,2025-05-13,D1,Beef crossbred,,MR. CLAYTON SLUGGER,2.5,Conventional,Grey Brahman,,,,0.0,2025-05,2.0,8.0,
14.0,DZF,DZF,DZF,2025-05-21,DZF,31,Local crossbred,Cow,,right,18.0,CIDR+E2+PGF+ECG,Fresh,,,Yaseen,Hamid,,7.0,1.0,,7.0,,Pregnant,,,,2025-05-13,909,Grey Brahman,2.1,NCC Jackpot,,Conventional,Grey Brahman,,,273.0,1.0,2025-05,2.0,8.0,
15.0,DZF,DZF,DZF,2025-05-21,DZF,32,Local crossbred,Cow,,right,13.0,CIDR+E2+PGF+ECG,Fresh,,,Yaseen,Hamid,,7.0,1.0,,7.0,,Open,,,,2025-05-13,D1,Beef crossbred,,MR. CLAYTON SLUGGER,2.5,Conventional,Grey Brahman,,,,0.0,2025-05,2.0,8.0,
16.0,DZF,DZF,DZF,2025-05-21,DZF,33,Local crossbred,Cow,,left,20.0,CIDR+E2+PGF+ECG,Fresh,,,Yaseen,Hamid,,7.0,1.0,,7.0,,Open,,,,2025-05-13,D1,Beef crossbred,,MR. CLAYTON SLUGGER,2.5,Conventional,Grey Brahman,,,,0.0,2025-05,2.0,8.0,
17.0,DZF,DZF,DZF,2025-05-21,DZF,R1,Local crossbred,Cow,,right,12.0,CIDR+E2+PGF+ECG,Fresh,,,Yaseen,Hamid,,8.0,1.0,,7.0,,Pregnant,,,,2025-05-13,D2,Nukra,,MR. CLAYTON SLUGGER,2.5,Conventional,Grey Brahman,Dawood,-273.0,273.0,1.0,2025-05,2.0,8.0,
18.0,DZF,DZF,DZF,2025-05-21,DZF,R3,Local crossbred,Cow,,right,17.0,CIDR+E2+PGF+ECG,Fresh,,,Yaseen,Hamid,,7.0,1.0,,7.0,,Open,,,,2025-05-13,D3,Nukra,,MR. CLAYTON SLUGGER,2.5,Conventional,Grey Brahman,,,,0.0,2025-05,2.0,8.0,
19.0,DZF,DZF,DZF,2025-05-21,DZF,21,Local crossbred,Cow,,right,12.0,Natural heat,Fresh,,,Yaseen,Hamid,,7.0,1.0,,7.0,,Open,,,,2025-05-13,D1,Beef crossbred,,MR. CLAYTON SLUGGER,2.5,Conventional,Grey Brahman,,,,0.0,2025-05,2.0,8.0,
20.0,DZF,DZF,DZF,2025-05-22,DZF,34,Local crossbred,Cow,,left,17.0,CIDR+E2+PGF+ECG,Fresh,,,Yaseen,Hamid,,7.0,1.0,,7.0,,Pregnant,,,,2025-05-14,747,Grey Brahman,1.6,NCC Jackpot,,Conventional,Grey Brahman,,,272.0,1.0,2025-05,3.0,8.0,
21.0,DZF,DZF,DZF,2025-05-22,DZF,40,Local crossbred,Cow,,left,16.0,CIDR+E2+PGF+ECG,Fresh,,,Yaseen,Hamid,,8.0,1.0,,7.0,,Open,,,,2025-05-14,600,Grey Brahman,1.6,NCC Jackpot,,Conventional,Grey Brahman,,,,0.0,2025-05,3.0,8.0,
23.0,DZF,DZF,DZF,2025-05-22,DZF,46,Local crossbred,Cow,,right,15.0,CIDR+E2+PGF+ECG,Fresh,,,Yaseen,Hamid,,6.0,1.0,,7.0,,Open,,,,2025-05-14,967,Grey Brahman,3.0,NCC Jackpot,,Conventional,Grey Brahman,,,,0.0,2025-05,3.0,8.0,
25.0,DZF,DZF,DZF,2025-05-22,DZF,49,Local crossbred,Cow,,left,15.0,CIDR+E2+PGF+ECG,Fresh,,,Hamid,Hamid,,7.0,1.0,,7.0,,Open,,,,2025-05-14,602,Grey Brahman,2.5,NCC Jackpot,,Conventional,Grey Brahman,,,,0.0,2025-05,3.0,8.0,
26.0,DZF,DZF,DZF,2025-05-22,DZF,50,Local crossbred,Cow,,right,15.0,CIDR+E2+PGF+ECG,Fresh,,,Yaseen,Hamid,,6.0,1.0,,7.0,,Pregnant,,,,2025-05-14,600,Grey Brahman,1.6,NCC Jackpot,,Conventional,Grey Brahman,,,272.0,1.0,2025-05,3.0,8.0,
28.0,DZF,DZF,DZF,2025-05-22,DZF,8,Local crossbred,Cow,,left,12.0,CIDR+E2+PGF+ECG,Fresh,,,Yaseen,Hamid,,8.0,1.0,,7.0,,Pregnant,,,,2025-05-14,909,Grey Brahman,2.1,NCC Jackpot,,Conventional,Grey Brahman,,,272.0,1.0,2025-05,3.0,8.0,
29.0,DZF,DZF,DZF,2025-05-22,DZF,10,Local crossbred,Cow,,right,16.0,CIDR+E2+PGF+ECG,Fresh,,,Yaseen,Hamid,,7.0,1.0,,7.0,,Open,,,,2025-05-14,909,Grey Brahman,2.1,NCC Jackpot,,Conventional,Grey Brahman,,,,0.0,2025-05,3.0,8.0,
30.0,DZF,DZF,DZF,2025-05-22,DZF,13,Local crossbred,Cow,,right,16.0,CIDR+E2+PGF+ECG,Fresh,,,Yaseen,Hamid,,8.0,1.0,,7.0,,Open,,,,2025-05-14,609,Grey Brahman,2.3,CAUCHITOS KARU SIMON 922/6,,Conventional,Grey Brahman,,,,0.0,2025-05,3.0,8.0,
31.0,DZF,DZF,DZF,2025-05-22,DZF,15,Local crossbred,Cow,,right,17.0,CIDR+E2+PGF+ECG,Fresh,,,Yaseen,Hamid,,7.0,1.0,,7.0,,Pregnant,,,,2025-05-14,967,Grey Brahman,3.0,NCC Jackpot,,Conventional,Grey Brahman,,,272.0,1.0,2025-05,3.0,8.0,
32.0,DZF,DZF,DZF,2025-06-20,DZF,R4,Local crossbred,Cow,,,16.0,CIDR+E2+PGF+ECG,Fresh,,,Yaseen,Hamid,,7.0,1.0,,7.0,,Pregnant,,,,2025-06-13,D2,Nukra,,MR. CLAYTON SLUGGER,2.5,Conventional,Grey Brahman,Dawood,-243.0,243.0,1.0,2025-06,4.0,7.0,
33.0,DZF,DZF,DZF,2025-06-20,DZF,3,Local crossbred,Cow,,,16.0,CIDR+E2+PGF+ECG,Fresh,,,Yaseen,Hamid,,7.0,1.0,,7.0,,Open,,,,2025-06-13,D1,Beef crossbred,,MR. CLAYTON SLUGGER,2.5,Conventional,Grey Brahman,,,,0.0,2025-06,4.0,7.0,
34.0,DZF,DZF,DZF,2025-06-20,DZF,4,Local crossbred,Cow,,,15.0,CIDR+E2+PGF+ECG,Fresh,,,Yaseen,Hamid,,7.0,1.0,,7.0,,Open,,,,2025-06-13,D1,Beef crossbred,,MR. CLAYTON SLUGGER,2.5,Conventional,Grey Brahman,,,,0.0,2025-06,4.0,7.0,
35.0,DZF,DZF,DZF,2025-06-20,DZF,7,Local crossbred,Cow,,,15.0,CIDR+E2+PGF+ECG,Fresh,,,Yaseen,Hamid,,7.0,1.0,,7.0,,Open,,,,2025-06-13,D1,Beef crossbred,,MR. CLAYTON SLUGGER,2.5,Conventional,Grey Brahman,,,,0.0,2025-06,4.0,7.0,
36.0,DZF,DZF,DZF,2025-06-20,DZF,20,Local crossbred,Cow,,,14.0,CIDR+E2+PGF+ECG,Fresh,,,Hamid,Hamid,,7.0,1.0,,7.0,,Open,,,,2025-06-13,609,Grey Brahman,2.3,NCC Jackpot,,Conventional,Grey Brahman,,,,0.0,2025-06,4.0,7.0,
37.0,DZF,DZF,DZF,2025-06-20,DZF,22,Local crossbred,Cow,,,16.0,CIDR+E2+PGF+ECG,Fresh,,,Yaseen,Hamid,,7.0,1.0,,7.0,,Open,,,,2025-06-13,597,Grey Brahman,2.9,NCC Jackpot,,Conventional,Grey Brahman,,,,0.0,2025-06,4.0,7.0,
38.0,DZF,DZF,DZF,2025-06-21,DZF,35,Local crossbred,Cow,,left,11.0,CIDR+E2+PGF+ECG,Fresh,,,Yaseen,Hamid,,7.0,1.0,,7.0,,Pregnant,,,,2025-06-13,967,Grey Brahman,3.0,Commando 888/47,,Conventional,Red Brahman,,,242.0,1.0,2025-06,5.0,8.0,
39.0,DZF,DZF,DZF,2025-06-21,DZF,51,Local crossbred,Cow,,left,14.0,CIDR+E2+PGF+ECG,Fresh,,,Yaseen,Hamid,,7.0,1.0,,7.0,,Open,,,,2025-06-13,612,Grey Brahman,2.2,Commando 888/47,,Conventional,Red Brahman,,,,0.0,2025-06,5.0,8.0,
40.0,DZF,DZF,DZF,2025-06-21,DZF,42,Local crossbred,Cow,,right,13.0,CIDR+E2+PGF+ECG,Fresh,,,Hamid,Hamid,,7.0,1.0,,7.0,,Open,,,,2025-06-13,612,Grey Brahman,2.2,Commando 888/47,,Conventional,Red Brahman,,,,0.0,2025-06,5.0,8.0,
41.0,DZF,DZF,DZF,2025-07-14,DZF,49,Local crossbred,Cow,,,,CIDR+E2+PGF+ECG,Fresh,,,Masroor,Hamid,,7.0,1.0,,7.0,,Open,,,,2025-07-07,991,Grey Brahman,2.1,JDH Janos Manso 709,2.0,Conventional,Grey Brahman,,,,0.0,2025-07,0.0,7.0,
42.0,DZF,DZF,DZF,2025-07-14,DZF,37,Local crossbred,Cow,,,,CIDR+E2+PGF+ECG,Fresh,,,Masroor,Hamid,,7.0,1.0,,7.0,,Open,,,,2025-07-07,612,Grey Brahman,2.2,JDH Janos Manso 709,2.0,Conventional,Grey Brahman,,,,0.0,2025-07,0.0,7.0,
43.0,DZF,DZF,DZF,2025-07-14,DZF,27,Local crossbred,Cow,,,,CIDR+E2+PGF+ECG,Fresh,,,Masroor,Hamid,,7.0,1.0,,7.0,,Open,,,,2025-07-07,991,Grey Brahman,2.1,JDH Janos Manso 709,2.0,Conventional,Grey Brahman,,,,0.0,2025-07,0.0,7.0,
44.0,DZF,DZF,DZF,2025-07-14,DZF,25,Local crossbred,Cow,,,,CIDR+E2+PGF+ECG,Fresh,,,Masroor,Hamid,,7.0,1.0,,7.0,,Open,,,,2025-07-07,609,Grey Brahman,2.3,JDH Janos Manso 709,2.0,Conventional,Grey Brahman,,,,0.0,2025-07,0.0,7.0,
45.0,DZF,DZF,DZF,2025-07-14,DZF,48,Local crossbred,Cow,,,,CIDR+E2+PGF+ECG,Fresh,,,Masroor,Hamid,,7.0,1.0,,7.0,,Open,,,,2025-07-07,612,Grey Brahman,2.2,JDH Janos Manso 709,2.0,Conventional,Grey Brahman,,,,0.0,2025-07,0.0,7.0,
46.0,DZF,DZF,DZF,2025-07-15,DZF,16,Local crossbred,Cow,,,,CIDR+E2+PGF+ECG,Fresh,,,Masroor,Hamid,,7.0,1.0,,7.0,,Open,,,,2025-07-07,602,Grey Brahman,2.5,JDH Janos Manso 709,2.0,Conventional,Grey Brahman,,,,0.0,2025-07,1.0,8.0,
47.0,DZF,DZF,DZF,2025-07-15,DZF,21,Local crossbred,Cow,,,,CIDR+E2+PGF+ECG,Fresh,,,Masroor,Hamid,,7.0,1.0,,7.0,,Open,,,,2025-07-07,612,Grey Brahman,2.2,JDH Janos Manso 709,2.0,Conventional,Grey Brahman,,,,0.0,2025-07,1.0,8.0,
48.0,DZF,DZF,DZF,2025-07-15,DZF,40,Local crossbred,Cow,,,,CIDR+E2+PGF+ECG,Fresh,,,Masroor,Hamid,,7.0,1.0,,7.0,,Open,,,,2025-07-07,608,Grey Brahman,1.9,JDH Janos Manso 709,2.0,Conventional,Grey Brahman,,,,0.0,2025-07,1.0,8.0,
49.0,DZF,DZF,DZF,2025-07-15,DZF,46,Local crossbred,Cow,,,,CIDR+E2+PGF+ECG,Fresh,,,Masroor,Hamid,,7.0,1.0,,7.0,,Open,,,,2025-07-07,827,Red Brahman,3.1,JDH Janos Manso 709,2.0,Conventional,Grey Brahman,,,,0.0,2025-07,1.0,8.0,
50.0,DZF,DZF,DZF,2025-07-15,DZF,R3,Local crossbred,Cow,,,,CIDR+E2+PGF+ECG,Fresh,,,Masroor,Hamid,,7.0,1.0,,7.0,,Open,,,,2025-07-07,D2,Nukra,,JDH Janos Manso 709,2.0,Conventional,Grey Brahman,,,,0.0,2025-07,1.0,8.0,
51.0,DZF,DZF,DZF,2025-07-15,DZF,22,Local crossbred,Cow,,,,Natural heat,Fresh,,,Masroor,Hamid,,7.0,1.0,,7.0,,Open,,,,2025-07-07,D1,Nukra,,JDH Janos Manso 709,2.0,Conventional,Grey Brahman,,,,0.0,2025-07,1.0,8.0,
52.0,DZF,DZF,DZF,2025-09-12,DZF,66,Local crossbred,Cow,,right,14.6,CIDR+GnRH+PGF+GnRH,Frozen,,,Masroor,Hamid,,7.0,1.0,,7.0,,Open,,,,2025-08-30,909,Grey Brahman,2.1,JDH Janos Manso 709,2.0,Conventional,Grey Brahman,,,,0.0,2025-09,4.0,13.0,
54.0,DZF,DZF,DZF,2025-09-12,DZF,55,Local crossbred,Cow,,right,19.0,CIDR+GnRH+PGF+GnRH,Frozen,,,Masroor,Hamid,,7.0,1.0,,7.0,,Open,,,,2025-08-30,909,Grey Brahman,2.1,JDH Janos Manso 709,2.0,Conventional,Grey Brahman,,,,0.0,2025-09,4.0,13.0,
55.0,DZF,DZF,DZF,2025-09-12,DZF,60,Local crossbred,Cow,,right,15.6,CIDR+GnRH+PGF+GnRH,Frozen,,,Masroor,Hamid,,7.0,1.0,,7.0,,Open,,,,2025-08-30,909,Grey Brahman,2.1,JDH Janos Manso 709,2.0,Conventional,Grey Brahman,,,,0.0,2025-09,4.0,13.0,
56.0,DZF,DZF,DZF,2025-09-12,DZF,58,Local crossbred,Cow,,left,15.8,CIDR+GnRH+PGF+GnRH,Fresh,,,Masroor,Hamid,,7.0,1.0,,7.0,,Open,,,,2025-09-04,D2,Nukra,,JDH Janos Manso 709,2.0,Conventional,Grey Brahman,,,,0.0,2025-09,4.0,8.0,
58.0,DZF,DZF,DZF,2025-09-12,DZF,67,Local crossbred,Cow,,right,14.4,CIDR+GnRH+PGF+GnRH,Frozen,,,Masroor,Hamid,,8.0,1.0,,7.0,,Open,,,,2025-08-30,909,Grey Brahman,2.1,JDH Janos Manso 709,2.0,Conventional,Grey Brahman,,,,0.0,2025-09,4.0,13.0,
59.0,DZF,DZF,DZF,2025-09-12,DZF,64,Local crossbred,Cow,,left,14.8,CIDR+GnRH+PGF+GnRH,Fresh,,,Masroor,Hamid,,8.0,1.0,,7.0,,Open,,,,2025-09-04,D2,Nukra,,JDH Janos Manso 709,2.0,Conventional,Grey Brahman,,,,0.0,2025-09,4.0,8.0,
60.0,DZF,DZF,DZF,2025-09-12,DZF,70,Local crossbred,Cow,,right,19.4,CIDR+GnRH+PGF+GnRH,Frozen,,,Masroor,Hamid,,7.0,1.0,,7.0,,Open,,,,2025-08-30,909,Grey Brahman,2.1,JDH Janos Manso 709,2.0,Conventional,Grey Brahman,,,,0.0,2025-09,4.0,13.0,
61.0,DZF,DZF,DZF,2025-09-12,DZF,59,Local crossbred,Cow,,right,16.0,CIDR+GnRH+PGF+GnRH,Frozen,,,Masroor,Hamid,,7.0,1.0,,7.0,,Open,,,,2025-08-30,909,Grey Brahman,2.1,JDH Janos Manso 709,2.0,Conventional,Grey Brahman,,,,0.0,2025-09,4.0,13.0,
62.0,DZF,DZF,DZF,2025-09-12,DZF,71,Local crossbred,Cow,,right,15.0,CIDR+GnRH+PGF+GnRH,Frozen,,,Masroor,Hamid,,7.0,1.0,,7.0,,Open,,,,2025-08-30,909,Grey Brahman,2.1,JDH Janos Manso 709,2.0,Conventional,Grey Brahman,,,,0.0,2025-09,4.0,13.0,
64.0,DZF,DZF,DZF,2025-09-27,DZF,DZ 88,Local crossbred,Cow,,right,17.2,Natural heat,Fresh,,,Masroor,Hamid,,7.0,1.0,,7.0,,Open,,,,2025-09-18,2/4,Red Brahman,2.8,JDH Janos Manso 709,2.0,Conventional,Grey Brahman,,,,0.0,2025-09,5.0,9.0,
65.0,DZF,DZF,DZF,2025-09-27,DZF,DZ 81,Local crossbred,Cow,,left,16.5,Natural heat,Fresh,,,Masroor,Hamid,,7.0,1.0,,7.0,,Pregnant,,,,2025-09-18,612,Grey Brahman,2.2,JDH Janos Manso 709,2.0,Conventional,Grey Brahman,,,144.0,1.0,2025-09,5.0,9.0,
66.0,DZF,DZF,DZF,2025-09-27,DZF,32210,Local crossbred,Cow,,right,15.0,Natural heat,Fresh,,,Masroor,Hamid,,7.0,1.0,,7.0,,Open,,,,2025-09-18,2/4,Red Brahman,2.8,JDH Janos Manso 709,2.0,Conventional,Grey Brahman,,,,0.0,2025-09,5.0,9.0,
67.0,DZF,DZF,DZF,2025-09-27,DZF,31645,Local crossbred,Cow,,right,15.6,Natural heat,Fresh,,,Masroor,Hamid,,7.0,1.0,,7.0,,Open,,,,2025-09-18,2/4,Red Brahman,2.8,JDH Janos Manso 709,2.0,Conventional,Grey Brahman,,,,0.0,2025-09,5.0,9.0,
68.0,DZF,DZF,DZF,2025-10-01,DZF,DZ 42,Local crossbred,Cow,,right,16.7,Natural heat,Frozen,,,Hamid,Hamid,,7.0,1.0,,7.0,,Open,,,,2025-07-26,609,Grey Brahman,2.3,JDH Janos Manso 709,2.0,Conventional,Grey Brahman,,,,0.0,2025-10,2.0,67.0,
69.0,DZF,DZF,DZF,2025-10-01,DZF,DZ 13,Local crossbred,Cow,,right,17.2,Natural heat,Frozen,,,Hamid,Hamid,,7.0,1.0,,7.0,,Open,,,,2025-07-07,602,Grey Brahman,2.5,JDH Janos Manso 709,2.0,Conventional,Grey Brahman,,,,0.0,2025-10,2.0,86.0,
70.0,DZF,DZF,DZF,2025-10-01,DZF,DZ 10,Local crossbred,Cow,,left,17.0,Natural heat,Frozen,,,Hamid,Hamid,,7.0,1.0,,7.0,,Open,,,,2025-07-06,991,Grey Brahman,2.1,JDH Janos Manso 709,2.0,Conventional,Grey Brahman,,,,0.0,2025-10,2.0,87.0,
71.0,DZF,DZF,DZF,2025-10-01,DZF,DZ 22,Local crossbred,Cow,,right,15.7,Natural heat,Frozen,,,Hamid,Hamid,,7.0,1.0,,7.0,,Open,,,,2025-07-24,991,Grey Brahman,2.1,JDH Janos Manso 709,2.0,Conventional,Grey Brahman,,,,0.0,2025-10,2.0,69.0,
72.0,DZF,DZF,DZF,2025-10-26,DZF,165,Local crossbred,Cow,,left,10.0,CIDR+GnRH+PGF+GnRH,Fresh,,,Ruben,Masroor,,7.0,1.0,,7.0,,Open,,,,2025-10-18,609,Grey Brahman,2.3,JDH Janos Manso 709,2.0,Conventional,Grey Brahman,,,,0.0,2025-10,6.0,8.0,
73.0,DZF,DZF,DZF,2025-10-26,DZF,166,Local crossbred,Cow,Yes,left,21.2,CIDR+GnRH+PGF+GnRH,Fresh,,,Ruben,Masroor,,8.0,1.0,,7.0,,Open,,,,2025-10-18,609,Grey Brahman,2.3,JDH Janos Manso 709,2.0,Conventional,Grey Brahman,,,,0.0,2025-10,6.0,8.0,
74.0,DZF,DZF,DZF,2025-10-26,DZF,133,Local crossbred,Cow,,right,15.1,CIDR+GnRH+PGF+GnRH,Fresh,,,Ruben,Masroor,,6.0,1.0,,7.0,,Open,,,,2025-10-18,827,Red Brahman,3.1,JDH Janos Manso 709,2.0,Conventional,Grey Brahman,,,,0.0,2025-10,6.0,8.0,
75.0,DZF,DZF,DZF,2025-10-26,DZF,132,Local crossbred,Cow,Yes,right,22.0,CIDR+GnRH+PGF+GnRH,Fresh,,,Ruben,Masroor,,6.0,1.0,,7.0,,Open,,,,2025-10-18,909,Grey Brahman,2.1,JDH Janos Manso 709,2.0,Conventional,Grey Brahman,,,,0.0,2025-10,6.0,8.0,
76.0,DZF,DZF,DZF,2025-10-26,DZF,162,Local crossbred,Cow,Yes,right,14.0,CIDR+GnRH+PGF+GnRH,Fresh,,,Ruben,Masroor,,7.0,1.0,,7.0,,Open,,,,2025-10-18,612,Grey Brahman,2.2,MR. CLAYTON SLUGGER,2.5,Conventional,Grey Brahman,,,,0.0,2025-10,6.0,8.0,
77.0,DZF,DZF,DZF,2025-10-26,DZF,164,Local crossbred,Cow,Yes,left,15.0,CIDR+GnRH+PGF+GnRH,Fresh,,,Ruben,Masroor,,8.0,1.0,,7.0,,Open,,,,2025-10-18,649,Grey Brahman,1.5,JDH Janos Manso 709,2.0,Conventional,Grey Brahman,,,,0.0,2025-10,6.0,8.0,
78.0,DZF,DZF,DZF,2025-10-26,DZF,168,Local crossbred,Cow,,right,15.0,CIDR+GnRH+PGF+GnRH,Fresh,,,Ruben,Masroor,,7.0,1.0,,7.0,,Open,,,,2025-10-18,608,Grey Brahman,1.9,MR. CLAYTON SLUGGER,2.5,Conventional,Grey Brahman,,,,0.0,2025-10,6.0,8.0,
79.0,DZF,DZF,DZF,2025-10-26,DZF,169,Local crossbred,Cow,Yes,left,18.0,CIDR+GnRH+PGF+GnRH,Fresh,,,Ruben,Masroor,,7.0,1.0,,7.0,,Open,,,,2025-10-18,609,Grey Brahman,2.3,JDH Janos Manso 709,2.0,Conventional,Grey Brahman,,,,0.0,2025-10,6.0,8.0,
80.0,DZF,DZF,DZF,2025-10-26,DZF,173,Local crossbred,Cow,,right,15.0,CIDR+GnRH+PGF+GnRH,Fresh,,,Ruben,Masroor,,7.0,1.0,,7.0,,Open,,,,2025-10-18,909,Grey Brahman,2.1,JDH Janos Manso 709,2.0,Conventional,Grey Brahman,,,,0.0,2025-10,6.0,8.0,
81.0,DZF,DZF,DZF,2025-10-26,DZF,182,Local crossbred,Cow,Yes,right,15.5,CIDR+GnRH+PGF+GnRH,Fresh,,,Ruben,Masroor,,7.0,1.0,,7.0,,Pregnant,,,,2025-10-18,609,Grey Brahman,2.3,JDH Janos Manso 709,2.0,Conventional,Grey Brahman,,,115.0,1.0,2025-10,6.0,8.0,
82.0,DZF,DZF,DZF,2025-10-26,DZF,187,Local crossbred,Cow,,left,16.2,CIDR+GnRH+PGF+GnRH,Fresh,,,Ruben,Masroor,,6.0,1.0,,7.0,,Open,,,,2025-10-18,602,Grey Brahman,2.5,JDH Janos Manso 709,2.0,Conventional,Grey Brahman,,,,0.0,2025-10,6.0,8.0,
83.0,DZF,DZF,DZF,2025-10-26,DZF,190,Local crossbred,Cow,Yes,right,12.0,CIDR+GnRH+PGF+GnRH,Fresh,,,Ruben,Masroor,,7.0,1.0,,7.0,,Pregnant,,,,2025-10-18,909,Grey Brahman,2.1,JDH Janos Manso 709,2.0,Conventional,Grey Brahman,,,115.0,1.0,2025-10,6.0,8.0,
84.0,DZF,DZF,DZF,2025-10-26,DZF,195,Local crossbred,Cow,,right,11.0,CIDR+GnRH+PGF+GnRH,Fresh,,,Ruben,Masroor,,6.0,1.0,,7.0,,Open,,,,2025-10-18,909,Grey Brahman,2.1,JDH Janos Manso 709,2.0,Conventional,Grey Brahman,,,,0.0,2025-10,6.0,8.0,
85.0,DZF,DZF,DZF,2025-10-26,DZF,196,Local crossbred,Cow,Yes,right,16.0,CIDR+GnRH+PGF+GnRH,Fresh,,,Ruben,Masroor,,7.0,1.0,,7.0,,Open,,,,2025-10-18,909,Grey Brahman,2.1,JDH Janos Manso 709,2.0,Conventional,Grey Brahman,,,,0.0,2025-10,6.0,8.0,
86.0,DZF,DZF,DZF,2025-10-26,DZF,198,Local crossbred,Cow,,right,18.0,CIDR+GnRH+PGF+GnRH,Fresh,,,Ruben,Masroor,,7.0,1.0,,7.0,,Pregnant,,,,2025-10-18,827,Red Brahman,3.1,JDH Janos Manso 709,2.0,Conventional,Grey Brahman,,,115.0,1.0,2025-10,6.0,8.0,
87.0,DZF,DZF,DZF,2025-10-26,DZF,185,Local crossbred,Cow,,right,13.2,CIDR+GnRH+PGF+GnRH,Fresh,,,Ruben,Masroor,,7.0,1.0,,7.0,,Pregnant,,,,2025-10-18,609,Grey Brahman,2.3,JDH Janos Manso 709,2.0,Conventional,Grey Brahman,,,115.0,1.0,2025-10,6.0,8.0,
88.0,DZF,DZF,DZF,2025-10-26,DZF,202,Local crossbred,Cow,Yes,right,17.0,CIDR+GnRH+PGF+GnRH,Fresh,,,Ruben,Masroor,,7.0,1.0,,7.0,,Open,,,,2025-10-18,612,Grey Brahman,2.2,MR. CLAYTON SLUGGER,2.5,Conventional,Grey Brahman,,,,0.0,2025-10,6.0,8.0,
89.0,DZF,DZF,DZF,2025-10-26,DZF,209,Local crossbred,Cow,Yes,right,15.2,CIDR+GnRH+PGF+GnRH,Fresh,,,Ruben,Masroor,,7.0,1.0,,7.0,,Open,,,,2025-10-18,827,Red Brahman,3.1,JDH Janos Manso 709,2.0,Conventional,Grey Brahman,,,,0.0,2025-10,6.0,8.0,
90.0,DZF,DZF,DZF,2025-10-26,DZF,210,Local crossbred,Cow,Yes,right,16.0,CIDR+GnRH+PGF+GnRH,Fresh,,,Ruben,Masroor,,6.0,1.0,,7.0,,Open,,,,2025-10-18,909,Grey Brahman,2.1,JDH Janos Manso 709,2.0,Conventional,Grey Brahman,,,,0.0,2025-10,6.0,8.0,
91.0,DZF,DZF,DZF,2025-10-26,DZF,211,Local crossbred,Cow,Yes,right,12.0,CIDR+GnRH+PGF+GnRH,Fresh,,,Ruben,Masroor,,7.0,1.0,,7.0,,Pregnant,,,,2025-10-18,612,Grey Brahman,2.2,MR. CLAYTON SLUGGER,2.5,Conventional,Grey Brahman,,,115.0,1.0,2025-10,6.0,8.0,
92.0,DZF,DZF,DZF,2025-10-26,DZF,212,Local crossbred,Cow,Yes,left,13.5,CIDR+GnRH+PGF+GnRH,Fresh,,,Ruben,Masroor,,7.0,1.0,,7.0,,Open,,,,2025-10-18,612,Grey Brahman,2.2,MR. CLAYTON SLUGGER,2.5,Conventional,Grey Brahman,,,,0.0,2025-10,6.0,8.0,
93.0,DZF,DZF,DZF,2025-10-26,DZF,215,Local crossbred,Cow,Yes,right,16.0,CIDR+GnRH+PGF+GnRH,Fresh,,,Ruben,Masroor,,8.0,1.0,,7.0,,Open,,,,2025-10-18,649,Grey Brahman,1.5,JDH Janos Manso 709,2.0,Conventional,Grey Brahman,,,,0.0,2025-10,6.0,8.0,
94.0,DZF,DZF,DZF,2025-10-26,DZF,217,Local crossbred,Cow,Yes,right,16.0,CIDR+GnRH+PGF+GnRH,Fresh,,,Ruben,Masroor,,7.0,1.0,,7.0,,Open,,,,2025-10-18,612,Grey Brahman,2.2,MR. CLAYTON SLUGGER,2.5,Conventional,Grey Brahman,,,,0.0,2025-10,6.0,8.0,
95.0,DZF,DZF,DZF,2025-10-26,DZF,219,Local crossbred,Cow,Yes,right,13.0,CIDR+GnRH+PGF+GnRH,Fresh,,,Ruben,Masroor,,7.0,1.0,,7.0,,Pregnant,,,,2025-10-18,827,Red Brahman,3.1,JDH Janos Manso 709,2.0,Conventional,Grey Brahman,,,115.0,1.0,2025-10,6.0,8.0,
96.0,DZF,DZF,DZF,2025-10-26,DZF,222,Local crossbred,Cow,Yes,left,15.0,CIDR+GnRH+PGF+GnRH,Fresh,,,Ruben,Masroor,,7.0,1.0,,7.0,,Open,,,,2025-10-18,909,Grey Brahman,2.1,JDH Janos Manso 709,2.0,Conventional,Grey Brahman,,,,0.0,2025-10,6.0,8.0,
97.0,DZF,DZF,DZF,2025-10-26,DZF,223,Local crossbred,Cow,,left,15.0,CIDR+GnRH+PGF+GnRH,Fresh,,,Ruben,Masroor,,7.0,1.0,,7.0,,Open,,,,2025-10-18,612,Grey Brahman,2.2,MR. CLAYTON SLUGGER,2.5,Conventional,Grey Brahman,,,,0.0,2025-10,6.0,8.0,
98.0,DZF,DZF,DZF,2025-10-26,DZF,226,Local crossbred,Cow,,left,15.0,CIDR+GnRH+PGF+GnRH,Fresh,,,Ruben,Masroor,,7.0,1.0,,7.0,,Open,,,,2025-10-18,649,Grey Brahman,1.5,JDH Janos Manso 709,2.0,Conventional,Grey Brahman,,,,0.0,2025-10,6.0,8.0,
99.0,DZF,DZF,DZF,2025-10-26,DZF,228,Local crossbred,Cow,Yes,left,15.0,CIDR+GnRH+PGF+GnRH,Fresh,,,Ruben,Masroor,,7.0,1.0,,7.0,,Open,,,,2025-10-18,827,Red Brahman,3.1,JDH Janos Manso 709,2.0,Conventional,Grey Brahman,,,,0.0,2025-10,6.0,8.0,
100.0,DZF,DZF,DZF,2025-10-26,DZF,229,Local crossbred,Cow,Yes,left,18.0,CIDR+GnRH+PGF+GnRH,Fresh,,,Ruben,Masroor,,7.0,1.0,,7.0,,Pregnant,,,,2025-10-18,649,Grey Brahman,1.5,JDH Janos Manso 709,2.0,Conventional,Grey Brahman,,,115.0,1.0,2025-10,6.0,8.0,
101.0,DZF,DZF,DZF,2025-10-26,DZF,230,Local crossbred,Cow,Yes,left,18.5,CIDR+GnRH+PGF+GnRH,Fresh,,,Ruben,Masroor,,6.0,1.0,,7.0,,Open,,,,2025-10-18,827,Red Brahman,3.1,JDH Janos Manso 709,2.0,Conventional,Grey Brahman,,,,0.0,2025-10,6.0,8.0,
102.0,DZF,DZF,DZF,2025-10-26,DZF,188,Local crossbred,Cow,Yes,left,13.0,CIDR+GnRH+PGF+GnRH,Fresh,,,Ruben,Masroor,,6.0,1.0,,7.0,,Open,,,,2025-10-18,612,Grey Brahman,2.2,MR. CLAYTON SLUGGER,2.5,Conventional,Grey Brahman,,,,0.0,2025-10,6.0,8.0,
103.0,DZF,DZF,DZF,2025-10-26,DZF,239,Local crossbred,Cow,Yes,left,16.6,CIDR+GnRH+PGF+GnRH,Fresh,,,Ruben,Masroor,,7.0,1.0,,7.0,,Open,,,,2025-10-18,608,Grey Brahman,1.9,MR. CLAYTON SLUGGER,2.5,Conventional,Grey Brahman,,,,0.0,2025-10,6.0,8.0,
104.0,DZF,DZF,DZF,2025-10-26,DZF,246,Local crossbred,Cow,Yes,right,12.5,CIDR+GnRH+PGF+GnRH,Fresh,,,Ruben,Masroor,,7.0,1.0,,7.0,,Open,,,,2025-10-18,612,Grey Brahman,2.2,MR. CLAYTON SLUGGER,2.5,Conventional,Grey Brahman,,,,0.0,2025-10,6.0,8.0,
105.0,DZF,DZF,DZF,2025-10-26,DZF,268,Local crossbred,Cow,Yes,right,17.5,CIDR+GnRH+PGF+GnRH,Fresh,,,Ruben,Masroor,,6.0,1.0,,7.0,,Open,,,,2025-10-18,827,Red Brahman,3.1,JDH Janos Manso 709,2.0,Conventional,Grey Brahman,,,,0.0,2025-10,6.0,8.0,
106.0,DZF,DZF,DZF,2025-10-26,DZF,322,Local crossbred,Cow,Yes,left,12.0,Natural heat,Fresh,,,Ruben,Masroor,,7.0,1.0,,7.0,,Open,,,,2025-10-18,649,Grey Brahman,1.5,JDH Janos Manso 709,2.0,Conventional,Grey Brahman,,,,0.0,2025-10,6.0,8.0,
107.0,DZF,DZF,DZF,2025-10-26,DZF,303,Local crossbred,Cow,Yes,right,12.0,Natural heat,Fresh,,,Ruben,Masroor,,7.0,1.0,,7.0,,Open,,,,2025-10-18,827,Red Brahman,3.1,JDH Janos Manso 709,2.0,Conventional,Grey Brahman,,,,0.0,2025-10,6.0,8.0,
108.0,DZF,DZF,DZF,2025-10-27,DZF,96,Local crossbred,Cow,,left,12.5,CIDR+GnRH+PGF+GnRH,Fresh,,,Ruben,Javeria,,7.0,1.0,,7.0,,Open,,,,2025-10-19,204,Red Brahman,3.7,Reconquista 413 Eterno GC Bartolome,,Conventional,Angus,,,,0.0,2025-10,0.0,8.0,
109.0,DZF,DZF,DZF,2025-10-27,DZF,97,Local crossbred,Cow,,right,13.0,CIDR+GnRH+PGF+GnRH,Fresh,,,Ruben,Javeria,,7.0,1.0,,7.0,,Pregnant,,,,2025-10-19,204,Red Brahman,3.7,Reconquista 413 Eterno GC Bartolome,,Conventional,Angus,,,114.0,1.0,2025-10,0.0,8.0,
110.0,DZF,DZF,DZF,2025-10-27,DZF,62,Local crossbred,Cow,,right,10.0,CIDR+GnRH+PGF+GnRH,Fresh,,,Ruben,Javeria,,8.0,1.0,,7.0,,Open,,,,2025-10-19,D2,Nukra,,MR. CLAYTON SLUGGER,2.5,Conventional,Grey Brahman,,,,0.0,2025-10,0.0,8.0,
111.0,DZF,DZF,DZF,2025-10-27,DZF,109,Local crossbred,Cow,,right,13.0,CIDR+GnRH+PGF+GnRH,Fresh,,,Ruben,Javeria,,7.0,1.0,,7.0,,Open,,,,2025-10-19,2/4,Red Brahman,2.8,Reconquista 413 Eterno GC Bartolome,,Conventional,Angus,,,,0.0,2025-10,0.0,8.0,
112.0,DZF,DZF,DZF,2025-10-27,DZF,32038,Local crossbred,Cow,Yes,left,15.0,CIDR+GnRH+PGF+GnRH,Fresh,,,Ruben,Javeria,,7.0,1.0,,7.0,,Open,,,,2025-10-19,257,Grey Brahman,1.6,JDH Janos Manso 709,2.0,Conventional,Grey Brahman,,,,0.0,2025-10,0.0,8.0,
113.0,DZF,DZF,DZF,2025-10-27,DZF,32144,Local crossbred,Cow,Yes,right,16.5,CIDR+GnRH+PGF+GnRH,Fresh,,,Ruben,Javeria,,7.0,1.0,,7.0,,Pregnant,,,,2025-10-19,D2,Nukra,,MR. CLAYTON SLUGGER,2.5,Conventional,Grey Brahman,Dawood,-114.0,114.0,1.0,2025-10,0.0,8.0,
114.0,DZF,DZF,DZF,2025-10-27,DZF,32240,Local crossbred,Cow,Yes,right,20.0,CIDR+GnRH+PGF+GnRH,Fresh,,,Ruben,Javeria,,7.0,1.0,,7.0,,Open,,,,2025-10-19,04-08,Beef Master,3.6,MR. CLAYTON SLUGGER,2.5,Conventional,Grey Brahman,,,,0.0,2025-10,0.0,8.0,
115.0,DZF,DZF,DZF,2025-10-27,DZF,32835,Local crossbred,Cow,,left,16.0,CIDR+GnRH+PGF+GnRH,Fresh,,,Ruben,Javeria,,7.0,1.0,,7.0,,Open,,,,2025-10-19,D3,Nukra,,MR. CLAYTON SLUGGER,2.5,Conventional,Grey Brahman,,,,0.0,2025-10,0.0,8.0,
116.0,DZF,DZF,DZF,2025-10-27,DZF,76,Local crossbred,Cow,Yes,right,15.0,CIDR+GnRH+PGF+GnRH,Fresh,,,Ruben,Javeria,,6.0,1.0,,7.0,,Open,,,,2025-10-19,257,Grey Brahman,1.6,JDH Janos Manso 709,2.0,Conventional,Grey Brahman,,,,0.0,2025-10,0.0,8.0,
117.0,DZF,DZF,DZF,2025-10-27,DZF,79,Local crossbred,Cow,Yes,right,11.0,CIDR+GnRH+PGF+GnRH,Fresh,,,Ruben,Javeria,,7.0,1.0,,7.0,,Open,,,,2025-10-19,257,Grey Brahman,1.6,JDH Janos Manso 709,2.0,Conventional,Grey Brahman,,,,0.0,2025-10,0.0,8.0,
118.0,DZF,DZF,DZF,2025-10-27,DZF,90,Local crossbred,Cow,,right,13.5,CIDR+GnRH+PGF+GnRH,Fresh,,,Ruben,Javeria,,7.0,1.0,,7.0,,Pregnant,,,,2025-10-19,204,Red Brahman,3.7,Reconquista 413 Eterno GC Bartolome,,Conventional,Angus,,,114.0,1.0,2025-10,0.0,8.0,
119.0,DZF,DZF,DZF,2025-10-27,DZF,91,Local crossbred,Cow,,left,12.5,CIDR+GnRH+PGF+GnRH,Fresh,,,Ruben,Javeria,,6.0,1.0,,7.0,,Open,,,,2025-10-19,2/4,Red Brahman,2.8,Reconquista 413 Eterno GC Bartolome,,Conventional,Angus,,,,0.0,2025-10,0.0,8.0,
120.0,DZF,DZF,DZF,2025-10-27,DZF,56,Local crossbred,Cow,,right,17.0,CIDR+GnRH+PGF+GnRH,Fresh,,,Ruben,Javeria,,7.0,1.0,,7.0,,Open,,,,2025-10-19,2/4,Red Brahman,2.8,Reconquista 413 Eterno GC Bartolome,,Conventional,Angus,,,,0.0,2025-10,0.0,8.0,
121.0,DZF,DZF,DZF,2025-10-27,DZF,65,Local crossbred,Cow,,right,11.0,CIDR+GnRH+PGF+GnRH,Fresh,,,Ruben,Javeria,,8.0,1.0,,7.0,,Pregnant,,,,2025-10-19,2/4,Red Brahman,2.8,Reconquista 413 Eterno GC Bartolome,,Conventional,Angus,,,114.0,1.0,2025-10,0.0,8.0,
122.0,DZF,DZF,DZF,2025-10-27,DZF,105,Local crossbred,Cow,Yes,right,13.5,CIDR+GnRH+PGF+GnRH,Fresh,,,Ruben,Javeria,,7.0,1.0,,7.0,,Open,,,,2025-10-19,04-08,Beef Master,3.6,MR. CLAYTON SLUGGER,2.5,Conventional,Grey Brahman,,,,0.0,2025-10,0.0,8.0,
123.0,DZF,DZF,DZF,2025-10-27,DZF,31518,Local crossbred,Cow,Yes,left,18.0,CIDR+GnRH+PGF+GnRH,Fresh,,,Ruben,Javeria,,7.0,1.0,,7.0,,Open,,,,2025-10-19,2/4,Red Brahman,2.8,Reconquista 413 Eterno GC Bartolome,,Conventional,Angus,,,,0.0,2025-10,0.0,8.0,
124.0,DZF,DZF,DZF,2025-10-27,DZF,31546,Local crossbred,Cow,Yes,right,13.5,CIDR+GnRH+PGF+GnRH,Fresh,,,Ruben,Javeria,,7.0,1.0,,7.0,,Pregnant,,,,2025-10-19,04-08,Beef Master,3.6,MR. CLAYTON SLUGGER,2.5,Conventional,Grey Brahman,,,114.0,1.0,2025-10,0.0,8.0,
125.0,DZF,DZF,DZF,2025-10-27,DZF,31947,Local crossbred,Cow,,right,13.0,CIDR+GnRH+PGF+GnRH,Fresh,,,Ruben,Javeria,,6.0,1.0,,7.0,,Open,,,,2025-10-19,257,Grey Brahman,1.6,JDH Janos Manso 709,2.0,Conventional,Grey Brahman,,,,0.0,2025-10,0.0,8.0,
126.0,DZF,DZF,DZF,2025-10-27,DZF,31996,Local crossbred,Cow,,right,15.0,CIDR+GnRH+PGF+GnRH,Fresh,,,Ruben,Javeria,,8.0,1.0,,7.0,,Open,,,,2025-10-19,2/4,Red Brahman,2.8,Reconquista 413 Eterno GC Bartolome,,Conventional,Angus,,,,0.0,2025-10,0.0,8.0,
127.0,DZF,DZF,DZF,2025-10-27,DZF,32005,Local crossbred,Cow,Yes,left,16.5,CIDR+GnRH+PGF+GnRH,Fresh,,,Ruben,Javeria,,7.0,1.0,,7.0,,Open,,,,2025-10-19,04-08,Beef Master,3.6,MR. CLAYTON SLUGGER,2.5,Conventional,Grey Brahman,,,,0.0,2025-10,0.0,8.0,
128.0,DZF,DZF,DZF,2025-10-27,DZF,32093,Local crossbred,Cow,Yes,right,17.0,CIDR+GnRH+PGF+GnRH,Fresh,,,Ruben,Javeria,,7.0,1.0,,7.0,,Open,,,,2025-10-19,04-08,Beef Master,3.6,MR. CLAYTON SLUGGER,2.5,Conventional,Grey Brahman,,,,0.0,2025-10,0.0,8.0,
129.0,DZF,DZF,DZF,2025-10-27,DZF,32096,Local crossbred,Cow,,right,12.0,CIDR+GnRH+PGF+GnRH,Fresh,,,Ruben,Javeria,,7.0,1.0,Yes,7.0,,Open,,,,2025-10-19,608,Grey Brahman,1.9,MR. CLAYTON SLUGGER,2.5,Conventional,Grey Brahman,,,,0.0,2025-10,0.0,8.0,
130.0,DZF,DZF,DZF,2025-10-27,DZF,32107,Local crossbred,Cow,,right,17.0,CIDR+GnRH+PGF+GnRH,Fresh,,,Ruben,Javeria,,8.0,1.0,,7.0,,Open,,,,2025-10-19,D2,Nukra,,MR. CLAYTON SLUGGER,2.5,Conventional,Grey Brahman,,,,0.0,2025-10,0.0,8.0,
131.0,DZF,DZF,DZF,2025-10-27,DZF,32115,Local crossbred,Cow,,left,16.5,CIDR+GnRH+PGF+GnRH,Fresh,,,Ruben,Javeria,,7.0,1.0,,7.0,,Open,,,,2025-10-19,257,Grey Brahman,1.6,JDH Janos Manso 709,2.0,Conventional,Grey Brahman,,,,0.0,2025-10,0.0,8.0,
132.0,DZF,DZF,DZF,2025-10-27,DZF,32216,Local crossbred,Cow,,right,12.5,CIDR+GnRH+PGF+GnRH,Fresh,,,Ruben,Javeria,,8.0,1.0,,7.0,,Pregnant,,,,2025-10-19,D2,Nukra,,MR. CLAYTON SLUGGER,2.5,Conventional,Grey Brahman,Dawood,-114.0,114.0,1.0,2025-10,0.0,8.0,
133.0,DZF,DZF,DZF,2025-10-27,DZF,32305,Local crossbred,Cow,Yes,right,18.5,CIDR+GnRH+PGF+GnRH,Fresh,,,Ruben,Javeria,,7.0,1.0,,7.0,,Open,,,,2025-10-19,04-08,Beef Master,3.6,MR. CLAYTON SLUGGER,2.5,Conventional,Grey Brahman,,,,0.0,2025-10,0.0,8.0,
134.0,DZF,DZF,DZF,2025-10-27,DZF,32391,Local crossbred,Cow,,right,11.5,CIDR+GnRH+PGF+GnRH,Fresh,,,Ruben,Javeria,,8.0,1.0,,7.0,,Open,,,,2025-10-19,D2,Nukra,,MR. CLAYTON SLUGGER,2.5,Conventional,Grey Brahman,,,,0.0,2025-10,0.0,8.0,
135.0,DZF,DZF,DZF,2025-10-27,DZF,32395,Local crossbred,Cow,,right,15.7,CIDR+GnRH+PGF+GnRH,Fresh,,,Ruben,Javeria,,7.0,1.0,,7.0,,Open,,,,2025-10-19,2/4,Red Brahman,2.8,Reconquista 413 Eterno GC Bartolome,,Conventional,Angus,,,,0.0,2025-10,0.0,8.0,
136.0,DZF,DZF,DZF,2025-10-27,DZF,77,Local crossbred,Cow,,right,16.0,CIDR+GnRH+PGF+GnRH,Fresh,,,Ruben,Javeria,,7.0,1.0,,7.0,,Open,,,,2025-10-19,612,Grey Brahman,2.2,MR. CLAYTON SLUGGER,2.5,Conventional,Grey Brahman,,,,0.0,2025-10,0.0,8.0,
137.0,DZF,DZF,DZF,2025-10-27,DZF,63,Local crossbred,Cow,Yes,right,15.5,CIDR+GnRH+PGF+GnRH,Fresh,,,Ruben,Javeria,,7.0,1.0,,7.0,,Open,,,,2025-10-19,04-08,Beef Master,3.6,MR. CLAYTON SLUGGER,2.5,Conventional,Grey Brahman,,,,0.0,2025-10,0.0,8.0,
138.0,DZF,DZF,DZF,2025-10-27,DZF,75,Local crossbred,Cow,Yes,left,10.0,CIDR+GnRH+PGF+GnRH,Fresh,,,Ruben,Javeria,,7.0,1.0,,7.0,,Open,,,,2025-10-19,257,Grey Brahman,1.6,JDH Janos Manso 709,2.0,Conventional,Grey Brahman,,,,0.0,2025-10,0.0,8.0,
139.0,DZF,DZF,DZF,2025-10-27,DZF,72,Local crossbred,Cow,,left,16.5,CIDR+GnRH+PGF+GnRH,Fresh,,,Ruben,Javeria,,7.0,1.0,,7.0,,Open,,,,2025-10-19,204,Red Brahman,3.7,Reconquista 413 Eterno GC Bartolome,,Conventional,Angus,,,,0.0,2025-10,0.0,8.0,
140.0,DZF,DZF,DZF,2025-10-27,DZF,68,Local crossbred,Cow,,left,13.5,CIDR+GnRH+PGF+GnRH,Fresh,,,Ruben,Javeria,,7.0,1.0,,7.0,,Pregnant,,,,2025-10-19,2/4,Red Brahman,2.8,Reconquista 413 Eterno GC Bartolome,,Conventional,Angus,,,114.0,1.0,2025-10,0.0,8.0,
141.0,DZF,DZF,DZF,2025-10-27,DZF,100,Local crossbred,Cow,,left,14.0,CIDR+GnRH+PGF+GnRH,Fresh,,,Ruben,Javeria,,7.0,1.0,,7.0,,Open,,,,2025-10-19,2/4,Red Brahman,2.8,Reconquista 413 Eterno GC Bartolome,,Conventional,Angus,,,,0.0,2025-10,0.0,8.0,
142.0,DZF,DZF,DZF,2025-10-27,DZF,31291,Local crossbred,Cow,,right,15.0,CIDR+GnRH+PGF+GnRH,Fresh,,,Ruben,Javeria,,7.0,1.0,,7.0,,Pregnant,,,,2025-10-19,257,Grey Brahman,1.6,JDH Janos Manso 709,2.0,Conventional,Grey Brahman,,,114.0,1.0,2025-10,0.0,8.0,
143.0,DZF,DZF,DZF,2025-10-27,DZF,31499,Local crossbred,Cow,,right,14.0,CIDR+GnRH+PGF+GnRH,Fresh,,,Ruben,Javeria,,7.0,1.0,,7.0,,Open,,,,2025-10-19,04-08,Beef Master,3.6,MR. CLAYTON SLUGGER,2.5,Conventional,Grey Brahman,,,,0.0,2025-10,0.0,8.0,
144.0,DZF,DZF,DZF,2025-10-27,DZF,31528,Local crossbred,Cow,,right,17.0,CIDR+GnRH+PGF+GnRH,Fresh,,,Ruben,Javeria,,7.0,1.0,,7.0,,Open,,,,2025-10-19,248,Grey Brahman,1.4,JDH Janos Manso 709,2.0,Conventional,Grey Brahman,,,,0.0,2025-10,0.0,8.0,
145.0,DZF,DZF,DZF,2025-10-27,DZF,32039,Local crossbred,Cow,Yes,left,18.5,Natural heat,Fresh,,,Ruben,Javeria,,7.0,1.0,Yes,7.0,,Open,,,,2025-10-19,204,Red Brahman,3.7,Reconquista 413 Eterno GC Bartolome,,Conventional,Angus,,,,0.0,2025-10,0.0,8.0,
146.0,DZF,DZF,DZF,2025-10-27,DZF,251,Local crossbred,Cow,Yes,left,12.0,Natural heat,Fresh,,,Ruben,Javeria,,7.0,1.0,,7.0,,Open,,,,2025-10-19,257,Grey Brahman,1.6,JDH Janos Manso 709,2.0,Conventional,Grey Brahman,,,,0.0,2025-10,0.0,8.0,
147.0,DZF,DZF,DZF,2025-10-27,DZF,135,Local crossbred,Cow,Yes,right,17.0,Natural heat,Fresh,,,Ruben,Javeria,,7.0,1.0,,7.0,,Open,,,,2025-10-19,248,Grey Brahman,1.4,JDH Janos Manso 709,2.0,Conventional,Grey Brahman,,,,0.0,2025-10,0.0,8.0,
148.0,DZF,DZF,DZF,2025-11-03,DZF,31591,Local crossbred,Cow,,right,15.5,CIDR+GnRH+PGF+GnRH,Frozen,,2025-09-24,Ruben,Umer,,7.0,1.0,,7.0,2025-12-03,Open,,,,2025-09-16,649,Grey Brahman,1.5,JDH Janos Manso 709,2.0,Conventional,Grey Brahman,,,,0.0,2025-11,0.0,48.0,40.0
149.0,DZF,DZF,DZF,2025-11-03,DZF,31724,Local crossbred,Cow,,left,12.5,CIDR+GnRH+PGF+GnRH,Fresh,,,Ruben,Umer,,7.0,1.0,,7.0,,Pregnant,,,,2025-10-26,612,Grey Brahman,2.2,JDH Janos Manso 709,2.0,Conventional,Grey Brahman,,,107.0,1.0,2025-11,0.0,8.0,
150.0,DZF,DZF,DZF,2025-11-03,DZF,31733,Local crossbred,Cow,,left,10.25,CIDR+GnRH+PGF+GnRH,Fresh,,,Ruben,Umer,,7.0,1.0,,7.0,,Open,,,,2025-10-26,D3,Nukra,,BRC MR. JUMANJI 67,2.1,Conventional,Grey Brahman,,,,0.0,2025-11,0.0,8.0,
151.0,DZF,DZF,DZF,2025-11-03,DZF,31786,Local crossbred,Cow,,right,9.0,CIDR+GnRH+PGF+GnRH,Fresh,,,Ruben,Umer,,6.0,1.0,,7.0,,Open,,,,2025-10-26,612,Grey Brahman,2.2,JDH Janos Manso 709,2.0,Conventional,Grey Brahman,,,,0.0,2025-11,0.0,8.0,
152.0,DZF,DZF,DZF,2025-11-03,DZF,31811,Local crossbred,Cow,,left,15.5,CIDR+GnRH+PGF+GnRH,Fresh,,,Ruben,Umer,,6.0,1.0,,7.0,,Open,,,,2025-10-26,04-08,Beef Master,3.6,BRC MR. JUMANJI 67,2.1,Conventional,Grey Brahman,,,,0.0,2025-11,0.0,8.0,
153.0,DZF,DZF,DZF,2025-11-03,DZF,31828,Local crossbred,Cow,,right,18.5,CIDR+GnRH+PGF+GnRH,Frozen,,2025-09-24,Ruben,Umer,,7.0,1.0,,7.0,,Open,,,,2025-09-16,649,Grey Brahman,1.5,JDH Janos Manso 709,2.0,Conventional,Grey Brahman,,,,0.0,2025-11,0.0,48.0,40.0
154.0,DZF,DZF,DZF,2025-11-03,DZF,31874,Local crossbred,Cow,,right,18.0,CIDR+GnRH+PGF+GnRH,Frozen,,2025-09-24,Ruben,Umer,,7.0,1.0,,7.0,,Open,,,,2025-09-16,649,Grey Brahman,1.5,JDH Janos Manso 709,2.0,Conventional,Grey Brahman,,,,0.0,2025-11,0.0,48.0,40.0
155.0,DZF,DZF,DZF,2025-11-03,DZF,31922,Local crossbred,Cow,,right,13.5,CIDR+GnRH+PGF+GnRH,Frozen,,2025-09-24,Ruben,Umer,,7.0,1.0,,7.0,,Open,,,,2025-09-16,649,Grey Brahman,1.5,JDH Janos Manso 709,2.0,Conventional,Grey Brahman,,,,0.0,2025-11,0.0,48.0,40.0
156.0,DZF,DZF,DZF,2025-11-03,DZF,32062,Local crossbred,Cow,,right,10.5,CIDR+GnRH+PGF+GnRH,Fresh,,,Ruben,Umer,,7.0,1.0,,7.0,,Open,,,,2025-10-26,612,Grey Brahman,2.2,JDH Janos Manso 709,2.0,Conventional,Grey Brahman,,,,0.0,2025-11,0.0,8.0,
157.0,DZF,DZF,DZF,2025-11-03,DZF,32141,Local crossbred,Cow,,left,11.5,CIDR+GnRH+PGF+GnRH,Frozen,,2025-09-24,Ruben,Umer,,7.0,1.0,,7.0,,Open,,,,2025-09-16,649,Grey Brahman,1.5,JDH Janos Manso 709,2.0,Conventional,Grey Brahman,,,,0.0,2025-11,0.0,48.0,40.0
158.0,DZF,DZF,DZF,2025-11-03,DZF,32145,Local crossbred,Cow,,left,14.5,CIDR+GnRH+PGF+GnRH,Frozen,,2025-09-24,Ruben,Umer,,7.0,1.0,,7.0,,Pregnant,,,,2025-09-16,649,Grey Brahman,1.5,JDH Janos Manso 709,2.0,Conventional,Grey Brahman,,,107.0,1.0,2025-11,0.0,48.0,40.0
159.0,DZF,DZF,DZF,2025-11-03,DZF,32171,Local crossbred,Cow,,left,14.5,CIDR+GnRH+PGF+GnRH,Fresh,,,Ruben,Umer,,6.0,1.0,,7.0,,Open,,,,2025-10-26,D3,Nukra,,BRC MR. JUMANJI 67,2.1,Conventional,Grey Brahman,,,,0.0,2025-11,0.0,8.0,
160.0,DZF,DZF,DZF,2025-11-03,DZF,32205,Local crossbred,Cow,,right,13.5,CIDR+GnRH+PGF+GnRH,Frozen,,2025-08-20,Ruben,Umer,,6.0,1.0,,7.0,,Open,,,,2025-08-12,827,Red Brahman,3.1,JDH Janos Manso 709,2.0,Conventional,Grey Brahman,,,,0.0,2025-11,0.0,83.0,75.0
161.0,DZF,DZF,DZF,2025-11-03,DZF,32238,Local crossbred,Cow,,left,14.3,CIDR+GnRH+PGF+GnRH,Frozen,,2025-09-24,Ruben,Umer,,7.0,1.0,,7.0,,Open,,,,2025-09-16,649,Grey Brahman,1.5,JDH Janos Manso 709,2.0,Conventional,Grey Brahman,,,,0.0,2025-11,0.0,48.0,40.0
162.0,DZF,DZF,DZF,2025-11-03,DZF,32,Local crossbred,Cow,,left,19.0,CIDR+GnRH+PGF+GnRH,Fresh,,,Ruben,Umer,,7.0,1.0,,7.0,,Open,,,,2025-10-26,612,Grey Brahman,2.2,JDH Janos Manso 709,2.0,Conventional,Grey Brahman,,,,0.0,2025-11,0.0,8.0,
163.0,DZF,DZF,DZF,2025-11-03,DZF,32291,Local crossbred,Cow,,right,14.5,CIDR+GnRH+PGF+GnRH,Fresh,,,Ruben,Umer,,7.0,1.0,,7.0,,Open,,,,2025-10-26,D3,Nukra,,BRC MR. JUMANJI 67,2.1,Conventional,Grey Brahman,,,,0.0,2025-11,0.0,8.0,
164.0,DZF,DZF,DZF,2025-11-03,DZF,32793,Local crossbred,Cow,,right,14.5,CIDR+GnRH+PGF+GnRH,Fresh,,,Ruben,Umer,,6.0,1.0,,7.0,,Open,,,,2025-10-26,D3,Nukra,,BRC MR. JUMANJI 67,2.1,Conventional,Grey Brahman,,,,0.0,2025-11,0.0,8.0,
165.0,DZF,DZF,DZF,2025-11-03,DZF,32824,Local crossbred,Cow,,left,15.0,CIDR+GnRH+PGF+GnRH,Fresh,,,Ruben,Umer,,8.0,1.0,,7.0,,Pregnant,,,,2025-10-26,D2,Nukra,,BRC MR. JUMANJI 67,2.1,Conventional,Grey Brahman,Dawood,-107.0,107.0,1.0,2025-11,0.0,8.0,
166.0,DZF,DZF,DZF,2025-11-03,DZF,32826,Local crossbred,Cow,,left,17.2,CIDR+GnRH+PGF+GnRH,Fresh,,,Ruben,Umer,,6.0,1.0,,7.0,,Open,,,,2025-10-26,612,Grey Brahman,2.2,JDH Janos Manso 709,2.0,Conventional,Grey Brahman,,,,0.0,2025-11,0.0,8.0,
167.0,DZF,DZF,DZF,2025-11-03,DZF,87,Local crossbred,Cow,,right,11.6,CIDR+GnRH+PGF+GnRH,Frozen,,2025-09-24,Ruben,Umer,,7.0,1.0,,7.0,,Open,,,,2025-09-16,649,Grey Brahman,1.5,JDH Janos Manso 709,2.0,Conventional,Grey Brahman,,,,0.0,2025-11,0.0,48.0,40.0
168.0,DZF,DZF,DZF,2025-11-03,DZF,94,Local crossbred,Cow,,left,11.5,CIDR+GnRH+PGF+GnRH,Fresh,,,Ruben,Umer,,7.0,1.0,,7.0,,Open,,,,2025-10-26,408,Beef Master,3.6,BRC MR. JUMANJI 67,2.1,Conventional,Grey Brahman,,,,0.0,2025-11,0.0,8.0,
169.0,DZF,DZF,DZF,2025-11-03,DZF,95,Local crossbred,Cow,,right,13.0,CIDR+GnRH+PGF+GnRH,Frozen,,2025-09-24,Ruben,Umer,,7.0,1.0,,7.0,,Open,,,,2025-09-16,649,Grey Brahman,1.5,JDH Janos Manso 709,2.0,Conventional,Grey Brahman,,,,0.0,2025-11,0.0,48.0,40.0
170.0,DZF,DZF,DZF,2025-11-03,DZF,54,Local crossbred,Cow,,right,16.75,CIDR+GnRH+PGF+GnRH,Fresh,,,Ruben,Umer,,7.0,1.0,,7.0,,Pregnant,,,,2025-10-26,04-08,Beef Master,3.6,BRC MR. JUMANJI 67,2.1,Conventional,Grey Brahman,,,107.0,1.0,2025-11,0.0,8.0,
171.0,DZF,DZF,DZF,2025-11-03,DZF,53,Local crossbred,Cow,,left,12.5,CIDR+GnRH+PGF+GnRH,Fresh,,,Ruben,Umer,,7.0,1.0,Yes,7.0,,Open,,,,2025-10-26,612,Grey Brahman,2.2,JDH Janos Manso 709,2.0,Conventional,Grey Brahman,,,,0.0,2025-11,0.0,8.0,
172.0,DZF,DZF,DZF,2025-11-03,DZF,31890,Local crossbred,Cow,,left,12.3,CIDR+GnRH+PGF+GnRH,Fresh,,,Ruben,Umer,,6.0,1.0,,7.0,,Open,,,,2025-10-26,D3,Nukra,,BRC MR. JUMANJI 67,2.1,Conventional,Grey Brahman,,,,0.0,2025-11,0.0,8.0,
173.0,DZF,DZF,DZF,2025-11-03,DZF,32159,Local crossbred,Cow,,right,15.75,CIDR+GnRH+PGF+GnRH,Fresh,,,Ruben,Umer,,8.0,1.0,,7.0,,Open,,,,2025-10-26,D2,Nukra,,BRC MR. JUMANJI 67,2.1,Conventional,Grey Brahman,,,,0.0,2025-11,0.0,8.0,
174.0,DZF,DZF,DZF,2025-11-03,DZF,31583,Local crossbred,Cow,Yes,left,16.0,Natural heat,Fresh,,,Ruben,Umer,,6.0,1.0,,7.0,,Pregnant,,,,2025-10-26,612,Grey Brahman,2.2,BRC MR. JUMANJI 67,2.1,Conventional,Grey Brahman,,,107.0,1.0,2025-11,0.0,8.0,
175.0,DZF,DZF,DZF,2025-11-13,DZF,78,Local crossbred,Cow,,left,11.0,CIDR+GnRH+PGF+GnRH,Fresh,,,Ruben,Umer,,7.0,1.0,,7.0,2025-12-12,Open,,,,2025-11-05,597,Grey Brahman,2.9,Mr Karu Manso 800,3.7,Sexed Female,Grey Brahman,,,,0.0,2025-11,3.0,8.0,
176.0,DZF,DZF,DZF,2025-11-13,DZF,83,Local crossbred,Cow,,right,10.37,CIDR+GnRH+PGF+GnRH,Fresh,,,Ruben,Umer,,7.0,1.0,,7.0,2025-12-12,Open,,,,2025-11-05,909,Grey Brahman,2.1,Mr Karu Manso 800,3.7,Sexed Female,Grey Brahman,,,,0.0,2025-11,3.0,8.0,
177.0,DZF,DZF,DZF,2025-11-13,DZF,89,Local crossbred,Cow,,left,12.4,CIDR+GnRH+PGF+GnRH,Fresh,,,Ruben,Umer,,7.0,1.0,,7.0,2025-12-12,Open,,,,2025-11-05,909,Grey Brahman,2.1,Mr Karu Manso 800,3.7,Sexed Female,Grey Brahman,,,,0.0,2025-11,3.0,8.0,
178.0,DZF,DZF,DZF,2025-11-13,DZF,92,Local crossbred,Cow,,left,15.1,CIDR+GnRH+PGF+GnRH,Fresh,,,Ruben,Umer,,8.0,1.0,,7.0,2025-12-12,Open,,,,2025-11-05,NK1,Beef crossbred,,SM007,,Conventional,Beef Crossbred,,,,0.0,2025-11,3.0,8.0,
179.0,DZF,DZF,DZF,2025-11-13,DZF,93,Local crossbred,Cow,,right,12.3,CIDR+GnRH+PGF+GnRH,Fresh,,,Ruben,Umer,,7.0,1.0,,7.0,2025-12-12,Open,,,,2025-11-05,909,Grey Brahman,2.1,Mr Karu Manso 800,3.7,Sexed Female,Grey Brahman,,,,0.0,2025-11,3.0,8.0,
180.0,DZF,DZF,DZF,2025-11-13,DZF,98,Local crossbred,Cow,,left,10.2,CIDR+GnRH+PGF+GnRH,Fresh,,,Ruben,Umer,,7.0,1.0,,7.0,2025-12-12,Open,,,,2025-11-05,649,Grey Brahman,1.5,Mr Karu Manso 800,3.7,Sexed Female,Grey Brahman,,,,0.0,2025-11,3.0,8.0,
181.0,DZF,DZF,DZF,2025-11-13,DZF,66,Local crossbred,Cow,,right,15.45,CIDR+GnRH+PGF+GnRH,Fresh,,,Ruben,Umer,,7.0,1.0,,7.0,2025-12-12,Open,,,,2025-11-05,04-04,Beef Master,-0.4,VL Rojo Whiskey 60/1,,Sexed Female,Red Brahman,,,,0.0,2025-11,3.0,8.0,
182.0,DZF,DZF,DZF,2025-11-13,DZF,55,Local crossbred,Cow,,left,22.1,CIDR+GnRH+PGF+GnRH,Fresh,,,Ruben,Umer,,6.0,1.0,,7.0,2025-12-12,Pregnant,,,,2025-11-05,612+2/4,Grey Brahman,,Mr Karu Manso 800,3.7,Sexed Female,Grey Brahman,,,97.0,1.0,2025-11,3.0,8.0,
183.0,DZF,DZF,DZF,2025-11-13,DZF,73,Local crossbred,Cow,,right,10.3,CIDR+GnRH+PGF+GnRH,Fresh,,,Ruben,Umer,,5.0,1.0,,7.0,2025-12-12,Open,,,,2025-11-05,04-04,Beef Master,-0.4,VL Rojo Whiskey 60/1,,Sexed Female,Red Brahman,,,,0.0,2025-11,3.0,8.0,
184.0,DZF,DZF,DZF,2025-11-13,DZF,111,Local crossbred,Cow,,right,13.75,CIDR+GnRH+PGF+GnRH,Fresh,,,Ruben,Umer,,6.0,1.0,,7.0,2025-12-12,Open,,,,2025-11-05,2/4,Red Brahman,2.8,Mr Karu Manso 800,3.7,Sexed Female,Grey Brahman,,,,0.0,2025-11,3.0,8.0,
185.0,DZF,DZF,DZF,2025-11-13,DZF,112,Local crossbred,Cow,,right,16.0,CIDR+GnRH+PGF+GnRH,Fresh,,,Ruben,Umer,,6.0,1.0,,7.0,2025-12-12,Pregnant,,,,2025-11-05,2/4,Red Brahman,2.8,Mr Karu Manso 800,3.7,Sexed Female,Grey Brahman,,,97.0,1.0,2025-11,3.0,8.0,
186.0,DZF,DZF,DZF,2025-11-13,DZF,131,Local crossbred,Cow,,left,11.1,CIDR+GnRH+PGF+GnRH,Fresh,,,Ruben,Umer,,6.0,1.0,,7.0,2025-12-12,Open,,,,2025-11-05,597,Grey Brahman,2.9,Mr Karu Manso 800,3.7,Sexed Female,Grey Brahman,,,,0.0,2025-11,3.0,8.0,
187.0,DZF,DZF,DZF,2025-11-13,DZF,123,Local crossbred,Cow,,right,15.1,CIDR+GnRH+PGF+GnRH,Fresh,,,Ruben,Umer,,7.0,1.0,,7.0,2025-12-12,Open,,,,2025-11-05,984,Grey Brahman,2.2,SM007,,Conventional,Beef Crossbred,,,,0.0,2025-11,3.0,8.0,
188.0,DZF,DZF,DZF,2025-11-13,DZF,122,Local crossbred,Cow,,left,12.1,CIDR+GnRH+PGF+GnRH,Fresh,,,Ruben,Umer,,5.0,1.0,,7.0,2025-12-12,Open,,,,2025-11-05,967,Grey Brahman,3.0,Mr Karu Manso 800,3.7,Sexed Female,Grey Brahman,,,,0.0,2025-11,3.0,8.0,
189.0,DZF,DZF,DZF,2025-11-13,DZF,159,Local crossbred,Cow,,right,8.15,CIDR+GnRH+PGF+GnRH,Fresh,,,Ruben,Umer,,6.0,1.0,,7.0,2025-12-12,Open,,,,2025-11-05,967,Grey Brahman,3.0,Mr Karu Manso 800,3.7,Sexed Female,Grey Brahman,,,,0.0,2025-11,3.0,8.0,
190.0,DZF,DZF,DZF,2025-11-13,DZF,158,Local crossbred,Cow,,left,13.0,CIDR+GnRH+PGF+GnRH,Fresh,,,Ruben,Umer,,7.0,1.0,,7.0,2025-12-12,Open,,,,2025-11-05,991,Grey Brahman,2.1,SM007,,Conventional,Beef Crossbred,,,,0.0,2025-11,3.0,8.0,
191.0,DZF,DZF,DZF,2025-11-13,DZF,149,Local crossbred,Cow,,right,14.0,CIDR+GnRH+PGF+GnRH,Fresh,,,Ruben,Umer,,7.0,1.0,,7.0,2025-12-12,Open,,,,2025-11-05,612+2/4,Grey Brahman,,Mr Karu Manso 800,3.7,Sexed Female,Grey Brahman,,,,0.0,2025-11,3.0,8.0,
192.0,DZF,DZF,DZF,2025-11-13,DZF,146,Local crossbred,Cow,,right,13.1,CIDR+GnRH+PGF+GnRH,Fresh,,,Ruben,Umer,,7.0,1.0,,7.0,2025-12-12,Open,,,,2025-11-05,991,Grey Brahman,2.1,SM007,,Conventional,Beef Crossbred,,,,0.0,2025-11,3.0,8.0,
193.0,DZF,DZF,DZF,2025-11-13,DZF,144,Local crossbred,Cow,,right,10.0,CIDR+GnRH+PGF+GnRH,Fresh,,,Ruben,Umer,,7.0,1.0,,7.0,2025-12-12,Open,,,,2025-11-05,984,Grey Brahman,2.2,SM007,,Conventional,Beef Crossbred,,,,0.0,2025-11,3.0,8.0,
194.0,DZF,DZF,DZF,2025-11-13,DZF,143,Local crossbred,Cow,,left,10.0,CIDR+GnRH+PGF+GnRH,Fresh,,,Ruben,Umer,,7.0,1.0,,7.0,2025-12-12,Open,,,,2025-11-05,609,Grey Brahman,2.3,Mr Karu Manso 800,3.7,Sexed Female,Grey Brahman,,,,0.0,2025-11,3.0,8.0,
195.0,DZF,DZF,DZF,2025-11-13,DZF,141,Local crossbred,Cow,,right,12.35,CIDR+GnRH+PGF+GnRH,Fresh,,,Ruben,Umer,,7.0,1.0,,7.0,2025-12-12,Open,,,,2025-11-05,747,Grey Brahman,1.6,Mr Karu Manso 800,3.7,Sexed Female,Grey Brahman,,,,0.0,2025-11,3.0,8.0,
196.0,DZF,DZF,DZF,2025-11-13,DZF,138,Local crossbred,Cow,,right,14.45,CIDR+GnRH+PGF+GnRH,Fresh,,,Ruben,Umer,,7.0,1.0,,7.0,2025-12-12,Open,,,,2025-11-05,04-04,Beef Master,-0.4,VL Rojo Whiskey 60/1,,Sexed Female,Red Brahman,,,,0.0,2025-11,3.0,8.0,
197.0,DZF,DZF,DZF,2025-11-13,DZF,136,Local crossbred,Cow,,left,12.0,CIDR+GnRH+PGF+GnRH,Fresh,,,Ruben,Umer,,6.0,1.0,,7.0,2025-12-12,Open,,,,2025-11-05,2/4,Red Brahman,2.8,Mr Karu Manso 800,3.7,Sexed Female,Grey Brahman,,,,0.0,2025-11,3.0,8.0,
198.0,DZF,DZF,DZF,2025-11-13,DZF,163,Local crossbred,Cow,,right,17.1,CIDR+GnRH+PGF+GnRH,Fresh,,,Ruben,Umer,,5.0,1.0,,7.0,2025-12-12,Recheck,,,,2025-11-05,SM006,Beef crossbred,,SM007,,Conventional,Beef Crossbred,,,,,2025-11,3.0,8.0,
199.0,DZF,DZF,DZF,2025-11-13,DZF,167,Local crossbred,Cow,,left,14.0,CIDR+GnRH+PGF+GnRH,Fresh,,,Ruben,Umer,,7.0,1.0,,7.0,2025-12-12,Open,,,,2025-11-05,909,Grey Brahman,2.1,Mr Karu Manso 800,3.7,Sexed Female,Grey Brahman,,,,0.0,2025-11,3.0,8.0,
200.0,DZF,DZF,DZF,2025-11-13,DZF,31459,Local crossbred,Cow,,left,13.5,CIDR+GnRH+PGF+GnRH,Fresh,,,Ruben,Umer,,7.0,1.0,,7.0,2025-12-12,Recheck,,,,2025-11-05,984,Grey Brahman,2.2,SM007,,Conventional,Beef Crossbred,,,,,2025-11,3.0,8.0,
201.0,DZF,DZF,DZF,2025-11-13,DZF,31525,Local crossbred,Cow,,left,12.0,CIDR+GnRH+PGF+GnRH,Fresh,,,Ruben,Umer,,5.0,1.0,,7.0,2025-12-12,Open,,,,2025-11-05,747,Grey Brahman,1.6,Mr Karu Manso 800,3.7,Sexed Female,Grey Brahman,,,,0.0,2025-11,3.0,8.0,
202.0,DZF,DZF,DZF,2025-11-13,DZF,31824,Local crossbred,Cow,,right,11.0,CIDR+GnRH+PGF+GnRH,Fresh,,,Ruben,Umer,,7.0,1.0,,7.0,2025-12-12,Open,,,,2025-11-05,BrafordBBQ,Braford,,JDH Janos Manso 709,2.0,Conventional,Grey Brahman,,,,0.0,2025-11,3.0,8.0,
203.0,DZF,DZF,DZF,2025-11-13,DZF,59,Local crossbred,Cow,,right,15.4,CIDR+GnRH+PGF+GnRH,Fresh,,,Ruben,Umer,,7.0,1.0,,7.0,2025-12-12,Pregnant,,,,2025-11-05,984,Grey Brahman,2.2,SM007,,Conventional,Beef Crossbred,,,97.0,1.0,2025-11,3.0,8.0,
204.0,DZF,DZF,DZF,2025-11-13,DZF,64,Local crossbred,Cow,,right,12.0,CIDR+GnRH+PGF+GnRH,Fresh,,,Ruben,Umer,,7.0,1.0,,7.0,2025-12-12,Open,,,,2025-11-05,984,Grey Brahman,2.2,SM007,,Conventional,Beef Crossbred,,,,0.0,2025-11,3.0,8.0,
205.0,DZF,DZF,DZF,2025-11-13,DZF,119,Local crossbred,Cow,,left,17.0,CIDR+GnRH+PGF+GnRH,Fresh,,,Ruben,Umer,,7.0,1.0,,7.0,2025-12-12,Open,,,,2025-11-05,909,Grey Brahman,2.1,Mr Karu Manso 800,3.7,Sexed Female,Grey Brahman,,,,0.0,2025-11,3.0,8.0,
206.0,DZF,DZF,DZF,2025-11-13,DZF,114,Local crossbred,Cow,,left,13.0,CIDR+GnRH+PGF+GnRH,Fresh,,,Ruben,Umer,,7.0,1.0,,7.0,2025-12-12,Pregnant,,,,2025-11-05,991,Grey Brahman,2.1,SM007,,Conventional,Beef Crossbred,,,97.0,1.0,2025-11,3.0,8.0,
207.0,DZF,DZF,DZF,2025-11-13,DZF,120,Local crossbred,Cow,,left,12.5,CIDR+GnRH+PGF+GnRH,Fresh,,,Ruben,Umer,,7.0,1.0,,7.0,2025-12-12,Open,,,,2025-11-05,909,Grey Brahman,2.1,Mr Karu Manso 800,3.7,Sexed Female,Grey Brahman,,,,0.0,2025-11,3.0,8.0,
208.0,DZF,DZF,DZF,2025-11-13,DZF,151,Local crossbred,Cow,,right,11.0,CIDR+GnRH+PGF+GnRH,Fresh,,,Ruben,Umer,,5.0,1.0,,7.0,2025-12-12,Open,,,,2025-11-05,NK1,Beef crossbred,,SM007,,Conventional,Beef Crossbred,,,,0.0,2025-11,3.0,8.0,
209.0,DZF,DZF,DZF,2025-11-13,DZF,170,Local crossbred,Cow,,right,14.2,CIDR+GnRH+PGF+GnRH,Fresh,,,Ruben,Umer,,7.0,1.0,,7.0,2025-12-12,Pregnant,,,,2025-11-05,984,Grey Brahman,2.2,SM007,,Conventional,Beef Crossbred,,,97.0,1.0,2025-11,3.0,8.0,
210.0,DZF,DZF,DZF,2025-11-13,DZF,177,Local crossbred,Cow,,right,13.0,CIDR+GnRH+PGF+GnRH,Fresh,,,Ruben,Umer,,7.0,1.0,,7.0,2025-12-12,Open,,,,2025-11-05,BrafordBBQ,Braford,,JDH Janos Manso 709,2.0,Conventional,Grey Brahman,,,,0.0,2025-11,3.0,8.0,
211.0,DZF,DZF,DZF,2025-11-13,DZF,184,Local crossbred,Cow,,right,12.0,CIDR+GnRH+PGF+GnRH,Fresh,,,Ruben,Umer,,7.0,1.0,,7.0,2025-12-12,Open,,,,2025-11-05,984,Grey Brahman,2.2,SM007,,Conventional,Beef Crossbred,,,,0.0,2025-11,3.0,8.0,
212.0,DZF,DZF,DZF,2025-11-13,DZF,192,Local crossbred,Cow,,right,14.0,CIDR+GnRH+PGF+GnRH,Fresh,,,Ruben,Umer,,6.0,1.0,,7.0,2025-12-12,Open,,,,2025-11-05,NK1,Beef crossbred,,SM007,,Conventional,Beef Crossbred,,,,0.0,2025-11,3.0,8.0,
213.0,DZF,DZF,DZF,2025-11-13,DZF,204,Local crossbred,Cow,,right,14.0,CIDR+GnRH+PGF+GnRH,Fresh,,,Ruben,Umer,,7.0,1.0,,7.0,2025-12-12,Open,,,,2025-11-05,991,Grey Brahman,2.1,SM007,,Conventional,Beef Crossbred,,,,0.0,2025-11,3.0,8.0,
214.0,DZF,DZF,DZF,2025-11-13,DZF,205,Local crossbred,Cow,,left,12.0,CIDR+GnRH+PGF+GnRH,Fresh,,,Ruben,Umer,,7.0,1.0,,7.0,2025-12-12,Open,,,,2025-11-05,NK1,Beef crossbred,,SM007,,Conventional,Beef Crossbred,,,,0.0,2025-11,3.0,8.0,
215.0,DZF,DZF,DZF,2025-11-13,DZF,213,Local crossbred,Cow,,left,12.5,CIDR+GnRH+PGF+GnRH,Fresh,,,Ruben,Umer,,7.0,1.0,,7.0,2025-12-12,Pregnant,,,,2025-11-05,BrafordBBQ,Braford,,JDH Janos Manso 709,2.0,Conventional,Grey Brahman,,,97.0,1.0,2025-11,3.0,8.0,
216.0,DZF,DZF,DZF,2025-11-13,DZF,231,Local crossbred,Cow,,right,14.0,CIDR+GnRH+PGF+GnRH,Fresh,,,Ruben,Umer,,7.0,1.0,,7.0,2025-12-12,Pregnant,,,,2025-11-05,SM006,Beef crossbred,,SM007,,Conventional,Beef Crossbred,,,97.0,1.0,2025-11,3.0,8.0,
217.0,DZF,DZF,DZF,2025-11-13,DZF,238,Local crossbred,Cow,,right,12.0,CIDR+GnRH+PGF+GnRH,Fresh,,,Ruben,Umer,,7.0,1.0,,7.0,2025-12-12,Open,,,,2025-11-05,BrafordBBQ,Braford,,JDH Janos Manso 709,2.0,Conventional,Grey Brahman,,,,0.0,2025-11,3.0,8.0,
218.0,DZF,DZF,DZF,2025-11-13,DZF,266,Local crossbred,Cow,,left,14.2,CIDR+GnRH+PGF+GnRH,Fresh,,,Ruben,Umer,,7.0,1.0,,7.0,2025-12-12,Open,,,,2025-11-05,BrafordBBQ,Braford,,JDH Janos Manso 709,2.0,Conventional,Grey Brahman,,,,0.0,2025-11,3.0,8.0,
219.0,DZF,DZF,DZF,2025-11-13,DZF,32210,Local crossbred,Cow,,left,14.5,CIDR+Estradiol+PGF+GnRH,Fresh,,,Ruben,Umer,,7.0,1.0,,7.0,2025-12-12,Open,,,,2025-11-05,991,Grey Brahman,2.1,SM007,,Conventional,Beef Crossbred,,,,0.0,2025-11,3.0,8.0,
220.0,DZF,DZF,DZF,2025-11-13,DZF,32794,Local crossbred,Cow,,right,13.5,CIDR+Estradiol+PGF+GnRH,Fresh,,,Ruben,Umer,,5.0,1.0,,7.0,2025-12-12,Open,,,,2025-11-05,NK1,Beef crossbred,,SM007,,Conventional,Beef Crossbred,,,,0.0,2025-11,3.0,8.0,
221.0,DZF,DZF,DZF,2025-11-13,DZF,99,Local crossbred,Cow,,right,13.0,CIDR+Estradiol+PGF+GnRH,Fresh,,,Ruben,Umer,,6.0,1.0,,7.0,2025-12-12,Open,,,,2025-11-05,612+2/4,Grey Brahman,,Mr Karu Manso 800,3.7,Sexed Female,Grey Brahman,,,,0.0,2025-11,3.0,8.0,
222.0,DZF,DZF,DZF,2025-11-13,DZF,57,Local crossbred,Cow,,left,9.9,CIDR+Estradiol+PGF+GnRH,Fresh,,,Ruben,Umer,,7.0,1.0,,7.0,2025-12-12,Open,,,,2025-11-05,984,Grey Brahman,2.2,SM007,,Conventional,Beef Crossbred,,,,0.0,2025-11,3.0,8.0,
223.0,DZF,DZF,DZF,2025-11-13,DZF,74,Local crossbred,Cow,,right,12.0,CIDR+Estradiol+PGF+GnRH,Fresh,,,Ruben,Umer,,7.0,1.0,,7.0,2025-12-12,Open,,,,2025-11-05,991,Grey Brahman,2.1,SM007,,Conventional,Beef Crossbred,,,,0.0,2025-11,3.0,8.0,
224.0,DZF,DZF,DZF,2025-11-13,DZF,69,Local crossbred,Cow,,right,10.0,CIDR+Estradiol+PGF+GnRH,Fresh,,,Ruben,Umer,,8.0,1.0,,7.0,2025-12-12,Open,,,,2025-11-05,609,Grey Brahman,2.3,Mr Karu Manso 800,3.7,Sexed Female,Grey Brahman,,,,0.0,2025-11,3.0,8.0,
225.0,DZF,DZF,DZF,2025-11-13,DZF,107,Local crossbred,Cow,,right,14.0,CIDR+Estradiol+PGF+GnRH,Fresh,,,Ruben,Umer,,7.0,1.0,,7.0,2025-12-12,Open,,,,2025-11-05,N,Grey Brahman,2.1,Mr Karu Manso 800,3.7,Sexed Female,Grey Brahman,,,,0.0,2025-11,3.0,8.0,
226.0,DZF,DZF,DZF,2025-11-13,DZF,125,Local crossbred,Cow,,left,11.5,CIDR+Estradiol+PGF+GnRH,Fresh,,,Ruben,Umer,,7.0,1.0,,7.0,2025-12-12,Pregnant,,,,2025-11-05,909,Grey Brahman,2.1,Mr Karu Manso 800,3.7,Sexed Female,Grey Brahman,,,97.0,1.0,2025-11,3.0,8.0,
227.0,DZF,DZF,DZF,2025-11-13,DZF,118,Local crossbred,Cow,,left,13.0,CIDR+Estradiol+PGF+GnRH,Fresh,,,Ruben,Umer,,6.0,1.0,,7.0,2025-12-12,Open,,,,2025-11-05,649,Grey Brahman,1.5,Mr Karu Manso 800,3.7,Sexed Female,Grey Brahman,,,,0.0,2025-11,3.0,8.0,
228.0,DZF,DZF,DZF,2025-11-13,DZF,150,Local crossbred,Cow,,left,12.0,CIDR+Estradiol+PGF+GnRH,Fresh,,,Ruben,Umer,,7.0,1.0,,7.0,2025-12-12,Open,,,,2025-11-05,984,Grey Brahman,2.2,SM007,,Conventional,Beef Crossbred,,,,0.0,2025-11,3.0,8.0,
229.0,DZF,DZF,DZF,2025-11-13,DZF,139,Local crossbred,Cow,,right,14.0,CIDR+Estradiol+PGF+GnRH,Fresh,,,Ruben,Umer,,7.0,1.0,,7.0,2025-12-12,Pregnant,,,,2025-11-05,2/4,Red Brahman,2.8,Mr Karu Manso 800,3.7,Sexed Female,Grey Brahman,,,97.0,1.0,2025-11,3.0,8.0,
230.0,DZF,DZF,DZF,2025-11-13,DZF,171,Local crossbred,Cow,,right,13.0,CIDR+Estradiol+PGF+GnRH,Fresh,,,Ruben,Umer,,5.0,1.0,,7.0,2025-12-12,Pregnant,,,,2025-11-05,SM006,Beef crossbred,,SM007,,Conventional,Beef Crossbred,,,97.0,1.0,2025-11,3.0,8.0,
231.0,DZF,DZF,DZF,2025-11-13,DZF,206,Local crossbred,Cow,,right,14.5,CIDR+Estradiol+PGF+GnRH,Fresh,,,Ruben,Umer,,7.0,1.0,,7.0,2025-12-12,Pregnant,,,,2025-11-05,BrafordBBQ,Braford,,JDH Janos Manso 709,2.0,Conventional,Grey Brahman,,,97.0,1.0,2025-11,3.0,8.0,
232.0,DZF,DZF,DZF,2025-11-13,DZF,207,Local crossbred,Cow,,right,12.0,CIDR+Estradiol+PGF+GnRH,Fresh,,,Ruben,Umer,,5.0,1.0,,7.0,2025-12-12,Open,,,,2025-11-05,NK1,Beef crossbred,,SM007,,Conventional,Beef Crossbred,,,,0.0,2025-11,3.0,8.0,
233.0,DZF,DZF,DZF,2025-11-13,DZF,216,Local crossbred,Cow,,right,18.0,CIDR+Estradiol+PGF+GnRH,Fresh,,,Ruben,Umer,,5.0,1.0,,7.0,2025-12-12,Open,,,,2025-11-05,NK1,Beef crossbred,,SM007,,Conventional,Beef Crossbred,,,,0.0,2025-11,3.0,8.0,
234.0,DZF,DZF,DZF,2025-11-13,DZF,220,Local crossbred,Cow,,right,13.0,CIDR+Estradiol+PGF+GnRH,Fresh,,,Ruben,Umer,,7.0,1.0,,7.0,2025-12-12,Open,,,,2025-11-05,991,Grey Brahman,2.1,SM007,,Conventional,Beef Crossbred,,,,0.0,2025-11,3.0,8.0,
235.0,DZF,DZF,DZF,2025-11-13,DZF,221,Local crossbred,Cow,,left,18.0,CIDR+Estradiol+PGF+GnRH,Fresh,,,Ruben,Umer,,7.0,1.0,,7.0,2025-12-12,Pregnant,,,,2025-11-05,984,Grey Brahman,2.2,SM007,,Conventional,Beef Crossbred,,,97.0,1.0,2025-11,3.0,8.0,
236.0,DZF,DZF,DZF,2025-11-13,DZF,248,Local crossbred,Cow,,left,12.0,CIDR+Estradiol+PGF+GnRH,Fresh,,,Ruben,Umer,,5.0,1.0,,7.0,2025-12-12,Open,,,,2025-11-05,NK1,Beef crossbred,,SM007,,Conventional,Beef Crossbred,,,,0.0,2025-11,3.0,8.0,
237.0,DZF,DZF,DZF,2025-11-13,DZF,252,Local crossbred,Cow,,left,13.0,CIDR+Estradiol+PGF+GnRH,Fresh,,,Ruben,Umer,,7.0,1.0,,7.0,2025-12-12,Pregnant,,,,2025-11-05,BrafordBBQ,Braford,,JDH Janos Manso 709,2.0,Conventional,Grey Brahman,,,97.0,1.0,2025-11,3.0,8.0,
238.0,DZF,DZF,DZF,2025-11-13,DZF,253,Local crossbred,Cow,,right,14.0,CIDR+Estradiol+PGF+GnRH,Fresh,,,Ruben,Umer,,7.0,1.0,,7.0,2025-12-12,Open,,,,2025-11-05,991,Grey Brahman,2.1,SM007,,Conventional,Beef Crossbred,,,,0.0,2025-11,3.0,8.0,
239.0,DZF,DZF,DZF,2025-11-13,DZF,254,Local crossbred,Cow,,right,14.0,CIDR+Estradiol+PGF+GnRH,Fresh,,,Ruben,Umer,,7.0,1.0,,7.0,2025-12-12,Pregnant,,,,2025-11-05,BrafordBBQ,Braford,,JDH Janos Manso 709,2.0,Conventional,Grey Brahman,,,97.0,1.0,2025-11,3.0,8.0,
240.0,DZF,DZF,DZF,2025-11-13,DZF,259,Local crossbred,Cow,,right,13.0,CIDR+Estradiol+PGF+GnRH,Fresh,,,Ruben,Umer,,6.0,1.0,,7.0,2025-12-12,Open,,,,2025-11-05,NK1,Beef crossbred,,SM007,,Conventional,Beef Crossbred,,,,0.0,2025-11,3.0,8.0,
241.0,DZF,DZF,DZF,2025-11-13,DZF,261,Local crossbred,Cow,,right,15.5,CIDR+Estradiol+PGF+GnRH,Fresh,,,Ruben,Umer,,7.0,1.0,,7.0,2025-12-12,Open,,,,2025-11-05,BrafordBBQ,Braford,,JDH Janos Manso 709,2.0,Conventional,Grey Brahman,,,,0.0,2025-11,3.0,8.0,
242.0,DZF,DZF,DZF,2025-11-13,DZF,264,Local crossbred,Cow,,left,10.5,CIDR+Estradiol+PGF+GnRH,Fresh,,,Ruben,Umer,,7.0,1.0,,7.0,2025-12-12,Open,,,,2025-11-05,991,Grey Brahman,2.1,SM007,,Conventional,Beef Crossbred,,,,0.0,2025-11,3.0,8.0,
243.0,DZF,DZF,DZF,2025-11-14,DZF,134,Local crossbred,Cow,,right,13.0,CIDR+GnRH+PGF+GnRH,Fresh,,,Ruben,Javeria,,7.0,1.0,,7.0,2025-12-12,Open,,,,2025-11-06,85M,Angus,-6.1,Reconquista 413 Eterno GC Bartolome,,Conventional,Angus,,,,0.0,2025-11,4.0,8.0,
244.0,DZF,DZF,DZF,2025-11-14,DZF,172,Local crossbred,Cow,,right,10.5,CIDR+GnRH+PGF+GnRH,Fresh,,,Ruben,Javeria,,6.0,1.0,,7.0,2025-12-12,Open,,,,2025-11-06,D2,Nukra,,BRC MR. JUMANJI 67,2.1,Conventional,Grey Brahman,,,,0.0,2025-11,4.0,8.0,
245.0,DZF,DZF,DZF,2025-11-14,DZF,186,Local crossbred,Cow,,right,13.0,CIDR+GnRH+PGF+GnRH,Fresh,,,Ruben,Javeria,,6.0,1.0,,7.0,2025-12-12,Open,,,,2025-11-06,29M,Angus,-7.6,Reconquista 413 Eterno GC Bartolome,,Conventional,Angus,,,,0.0,2025-11,4.0,8.0,
246.0,DZF,DZF,DZF,2025-11-14,DZF,189,Local crossbred,Cow,,right,19.5,CIDR+GnRH+PGF+GnRH,Fresh,,,Ruben,Javeria,,4.0,1.0,,7.0,2025-12-12,Open,,,,2025-11-06,600,Grey Brahman,1.6,JDH Janos Manso 709,2.0,Conventional,Grey Brahman,,,,0.0,2025-11,4.0,8.0,
247.0,DZF,DZF,DZF,2025-11-14,DZF,214,Local crossbred,Cow,,left,19.0,CIDR+GnRH+PGF+GnRH,Fresh,,,Ruben,Javeria,,5.0,1.0,,7.0,2025-12-12,Open,,,,2025-11-06,233M,Angus,-2.6,Reconquista 413 Eterno GC Bartolome,,Conventional,Angus,,,,0.0,2025-11,4.0,8.0,
248.0,DZF,DZF,DZF,2025-11-14,DZF,225,Local crossbred,Cow,,right,10.0,CIDR+GnRH+PGF+GnRH,Fresh,,,Ruben,Javeria,,7.0,1.0,,7.0,2025-12-12,Open,,,,2025-11-06,608,Grey Brahman,1.9,JDH Janos Manso 709,2.0,Conventional,Grey Brahman,,,,0.0,2025-11,4.0,8.0,
249.0,DZF,DZF,DZF,2025-11-14,DZF,234,Local crossbred,Cow,,right,9.5,CIDR+GnRH+PGF+GnRH,Fresh,,,Ruben,Javeria,,7.0,1.0,,7.0,2025-12-12,Open,,,,2025-11-06,608,Grey Brahman,1.9,JDH Janos Manso 709,2.0,Conventional,Grey Brahman,,,,0.0,2025-11,4.0,8.0,
250.0,DZF,DZF,DZF,2025-11-14,DZF,241,Local crossbred,Cow,,left,10.0,CIDR+GnRH+PGF+GnRH,Fresh,,,Ruben,Javeria,,7.0,1.0,,7.0,2025-12-12,Pregnant,,,,2025-11-06,29M,Angus,-7.6,Reconquista 413 Eterno GC Bartolome,,Conventional,Angus,,,96.0,1.0,2025-11,4.0,8.0,
251.0,DZF,DZF,DZF,2025-11-14,DZF,242,Local crossbred,Cow,,left,12.0,CIDR+GnRH+PGF+GnRH,Fresh,,,Ruben,Javeria,,4.0,1.0,,7.0,2025-12-12,Open,,,,2025-11-06,600,Grey Brahman,1.6,JDH Janos Manso 709,2.0,Conventional,Grey Brahman,,,,0.0,2025-11,4.0,8.0,
252.0,DZF,DZF,DZF,2025-11-14,DZF,243,Local crossbred,Cow,,left,12.5,CIDR+GnRH+PGF+GnRH,Fresh,,,Ruben,Javeria,,7.0,1.0,,7.0,2025-12-12,Pregnant,,,,2025-11-06,608,Grey Brahman,1.9,JDH Janos Manso 709,2.0,Conventional,Grey Brahman,,,96.0,1.0,2025-11,4.0,8.0,
253.0,DZF,DZF,DZF,2025-11-14,DZF,244,Local crossbred,Cow,,right,10.0,CIDR+GnRH+PGF+GnRH,Fresh,,,Ruben,Javeria,,7.0,1.0,,7.0,2025-12-12,Pregnant,,,,2025-11-06,29M,Angus,-7.6,Reconquista 413 Eterno GC Bartolome,,Conventional,Angus,,,96.0,1.0,2025-11,4.0,8.0,
254.0,DZF,DZF,DZF,2025-11-14,DZF,255,Local crossbred,Cow,,right,18.0,CIDR+GnRH+PGF+GnRH,Fresh,,,Ruben,Javeria,,6.0,1.0,,7.0,2025-12-12,Open,,,,2025-11-06,29M,Angus,-7.6,Reconquista 413 Eterno GC Bartolome,,Conventional,Angus,,,,0.0,2025-11,4.0,8.0,
255.0,DZF,DZF,DZF,2025-11-14,DZF,256,Local crossbred,Cow,,right,10.5,CIDR+GnRH+PGF+GnRH,Fresh,,,Ruben,Javeria,,7.0,1.0,,7.0,2025-12-12,Open,,,,2025-11-06,608,Grey Brahman,1.9,JDH Janos Manso 709,2.0,Conventional,Grey Brahman,,,,0.0,2025-11,4.0,8.0,
256.0,DZF,DZF,DZF,2025-11-14,DZF,271,Local crossbred,Cow,,right,10.0,CIDR+GnRH+PGF+GnRH,Fresh,,,Ruben,Javeria,,6.0,1.0,,7.0,2025-12-12,Open,,,,2025-11-06,608,Grey Brahman,1.9,JDH Janos Manso 709,2.0,Conventional,Grey Brahman,,,,0.0,2025-11,4.0,8.0,
257.0,DZF,DZF,DZF,2025-11-14,DZF,272,Local crossbred,Cow,,right,10.0,CIDR+GnRH+PGF+GnRH,Fresh,,,Ruben,Javeria,,6.0,1.0,,7.0,2025-12-12,Pregnant,,,,2025-11-06,D3,Nukra,,BRC MR. JUMANJI 67,2.1,Conventional,Grey Brahman,Dawood,-96.0,96.0,1.0,2025-11,4.0,8.0,
258.0,DZF,DZF,DZF,2025-11-14,DZF,273,Local crossbred,Cow,,right,14.0,CIDR+GnRH+PGF+GnRH,Fresh,,,Ruben,Javeria,,6.0,1.0,,7.0,2025-12-12,Open,,,,2025-11-06,85M,Angus,-6.1,Reconquista 413 Eterno GC Bartolome,,Conventional,Angus,,,,0.0,2025-11,4.0,8.0,
259.0,DZF,DZF,DZF,2025-11-14,DZF,277,Local crossbred,Cow,,right,13.0,CIDR+GnRH+PGF+GnRH,Fresh,,,Ruben,Javeria,,6.0,1.0,,7.0,2025-12-12,Pregnant,,,,2025-11-06,D3,Nukra,,BRC MR. JUMANJI 67,2.1,Conventional,Grey Brahman,Dawood,-96.0,96.0,1.0,2025-11,4.0,8.0,
260.0,DZF,DZF,DZF,2025-11-14,DZF,278,Local crossbred,Cow,,right,12.0,CIDR+GnRH+PGF+GnRH,Fresh,,,Ruben,Javeria,,4.0,1.0,,7.0,2025-12-12,Open,,,,2025-11-06,600,Grey Brahman,1.6,JDH Janos Manso 709,2.0,Conventional,Grey Brahman,,,,0.0,2025-11,4.0,8.0,
261.0,DZF,DZF,DZF,2025-11-14,DZF,280,Local crossbred,Cow,,right,10.0,CIDR+GnRH+PGF+GnRH,Fresh,,,Ruben,Javeria,,5.0,1.0,,7.0,2025-12-12,Open,,,,2025-11-06,233M,Angus,-2.6,Reconquista 413 Eterno GC Bartolome,,Conventional,Angus,,,,0.0,2025-11,4.0,8.0,
262.0,DZF,DZF,DZF,2025-11-14,DZF,282,Local crossbred,Cow,,right,11.5,CIDR+GnRH+PGF+GnRH,Fresh,,,Ruben,Javeria,,6.0,1.0,,7.0,2025-12-12,Open,,,,2025-11-06,D2,Nukra,,BRC MR. JUMANJI 67,2.1,Conventional,Grey Brahman,,,,0.0,2025-11,4.0,8.0,
263.0,DZF,DZF,DZF,2025-11-14,DZF,283,Local crossbred,Cow,,right,13.0,CIDR+GnRH+PGF+GnRH,Fresh,,,Ruben,Javeria,,7.0,1.0,,7.0,2025-12-12,Open,,,,2025-11-06,D2,Nukra,,BRC MR. JUMANJI 67,2.1,Conventional,Grey Brahman,,,,0.0,2025-11,4.0,8.0,
264.0,DZF,DZF,DZF,2025-11-14,DZF,285,Local crossbred,Cow,,right,13.25,CIDR+GnRH+PGF+GnRH,Fresh,,,Ruben,Javeria,,5.0,1.0,,7.0,2025-12-12,Open,,,,2025-11-06,608,Grey Brahman,1.9,JDH Janos Manso 709,2.0,Conventional,Grey Brahman,,,,0.0,2025-11,4.0,8.0,
265.0,DZF,DZF,DZF,2025-11-14,DZF,289,Local crossbred,Cow,,left,15.0,CIDR+GnRH+PGF+GnRH,Fresh,,,Ruben,Javeria,,7.0,1.0,,7.0,2025-12-12,Open,,,,2025-11-06,608,Grey Brahman,1.9,JDH Janos Manso 709,2.0,Conventional,Grey Brahman,,,,0.0,2025-11,4.0,8.0,
266.0,DZF,DZF,DZF,2025-11-14,DZF,291,Local crossbred,Cow,,left,12.5,CIDR+GnRH+PGF+GnRH,Fresh,,,Ruben,Javeria,,7.0,1.0,,7.0,2025-12-12,Open,,,,2025-11-06,85M,Angus,-6.1,Reconquista 413 Eterno GC Bartolome,,Conventional,Angus,,,,0.0,2025-11,4.0,8.0,
267.0,DZF,DZF,DZF,2025-11-14,DZF,156,Local crossbred,Cow,,right,14.0,CIDR+GnRH+PGF+GnRH,Frozen,,2025-11-13,Ruben,Javeria,,6.0,1.0,,7.0,2025-12-12,Open,,,,2025-11-05,984,Grey Brahman,2.2,SM007,,Conventional,Beef Crossbred,,,,0.0,2025-11,4.0,9.0,1.0
268.0,DZF,DZF,DZF,2025-11-14,DZF,249,Local crossbred,Cow,,left,9.0,CIDR+GnRH+PGF+GnRH,Frozen,,2025-11-13,Ruben,Javeria,,7.0,1.0,,7.0,2025-12-12,Open,,,,2025-11-05,984,Grey Brahman,2.2,SM007,,Conventional,Beef Crossbred,,,,0.0,2025-11,4.0,9.0,1.0
269.0,DZF,DZF,DZF,2025-11-14,DZF,284,Local crossbred,Cow,,left,10.0,CIDR+GnRH+PGF+GnRH,Frozen,,2025-11-13,Ruben,Javeria,,6.0,1.0,,7.0,2025-12-12,Open,,,,2025-11-05,991,Grey Brahman,2.1,SM007,,Conventional,Beef Crossbred,,,,0.0,2025-11,4.0,9.0,1.0
270.0,DZF,DZF,DZF,2025-11-14,DZF,293,Local crossbred,Cow,,left,12.0,CIDR+GnRH+PGF+GnRH,Frozen,,2025-11-13,Ruben,Javeria,,6.0,1.0,,7.0,2025-12-12,Open,,,,2025-11-05,402,Grey Brahman,,JDH Janos Manso 709,2.0,Conventional,Grey Brahman,,,,0.0,2025-11,4.0,9.0,1.0
271.0,DZF,DZF,DZF,2025-11-14,DZF,294,Local crossbred,Cow,,right,19.0,CIDR+GnRH+PGF+GnRH,Fresh,,,Ruben,Javeria,,4.0,1.0,,7.0,2025-12-12,Open,,,,2025-11-06,D3,Nukra,,BRC MR. JUMANJI 67,2.1,Conventional,Grey Brahman,,,,0.0,2025-11,4.0,8.0,
272.0,DZF,DZF,DZF,2025-11-14,DZF,295,Local crossbred,Cow,,left,13.0,CIDR+GnRH+PGF+GnRH,Frozen,,2025-11-13,Ruben,Javeria,,6.0,1.0,,7.0,2025-12-12,Open,,,,2025-11-05,2/4,Red Brahman,2.8,Mr Karu Manso 800,3.7,Sexed Female,Grey Brahman,,,,0.0,2025-11,4.0,9.0,1.0
273.0,DZF,DZF,DZF,2025-11-14,DZF,296,Local crossbred,Cow,,left,13.0,CIDR+GnRH+PGF+GnRH,Frozen,,2025-11-13,Ruben,Javeria,,6.0,1.0,,7.0,2025-12-12,Open,,,,2025-11-05,984,Grey Brahman,2.2,SM007,,Conventional,Beef Crossbred,,,,0.0,2025-11,4.0,9.0,1.0
274.0,DZF,DZF,DZF,2025-11-14,DZF,297,Local crossbred,Cow,,right,10.0,CIDR+GnRH+PGF+GnRH,Frozen,,2025-11-13,Ruben,Javeria,,7.0,1.0,,7.0,2025-12-12,Open,,,,2025-11-05,BrafordBBQ,Braford,,JDH Janos Manso 709,2.0,Conventional,Grey Brahman,,,,0.0,2025-11,4.0,9.0,1.0
275.0,DZF,DZF,DZF,2025-11-14,DZF,298,Local crossbred,Cow,,right,9.0,CIDR+GnRH+PGF+GnRH,Fresh,,,Ruben,Javeria,,5.0,1.0,,7.0,2025-12-12,Open,,,,2025-11-06,D3,Nukra,,BRC MR. JUMANJI 67,2.1,Conventional,Grey Brahman,,,,0.0,2025-11,4.0,8.0,
276.0,DZF,DZF,DZF,2025-11-14,DZF,299,Local crossbred,Cow,,right,14.0,CIDR+GnRH+PGF+GnRH,Frozen,,2025-11-13,Ruben,Javeria,,6.0,1.0,,7.0,2025-12-12,Pregnant,,,,2025-11-05,984,Grey Brahman,2.2,SM007,,Conventional,Beef Crossbred,,,96.0,1.0,2025-11,4.0,9.0,1.0
277.0,DZF,DZF,DZF,2025-11-14,DZF,302,Local crossbred,Cow,,left,17.0,CIDR+GnRH+PGF+GnRH,Frozen,,2025-11-13,Ruben,Javeria,,6.0,1.0,,7.0,2025-12-12,Pregnant,,,,2025-11-05,2/4,Red Brahman,2.8,Mr Karu Manso 800,3.7,Sexed Female,Grey Brahman,,,96.0,1.0,2025-11,4.0,9.0,1.0
278.0,DZF,DZF,DZF,2025-11-14,DZF,329,Local crossbred,Cow,,left,13.0,CIDR+GnRH+PGF+GnRH,Frozen,,2025-11-13,Ruben,Javeria,,7.0,1.0,,7.0,2025-12-12,Pregnant,,,,2025-11-05,609,Grey Brahman,2.3,Mr Karu Manso 800,3.7,Sexed Female,Grey Brahman,,,96.0,1.0,2025-11,4.0,9.0,1.0
279.0,DZF,DZF,DZF,2025-11-14,DZF,343,Local crossbred,Cow,,left,17.0,CIDR+GnRH+PGF+GnRH,Frozen,,2025-11-13,Ruben,Javeria,,6.0,1.0,,7.0,2025-12-12,Pregnant,,,,2025-11-05,747,Grey Brahman,1.6,Mr Karu Manso 800,3.7,Sexed Female,Grey Brahman,,,96.0,1.0,2025-11,4.0,9.0,1.0
280.0,DZF,DZF,DZF,2025-11-14,DZF,344,Local crossbred,Cow,,right,10.0,CIDR+GnRH+PGF+GnRH,Frozen,,2025-11-13,Ruben,Javeria,,6.0,1.0,,7.0,2025-12-12,Open,,,,2025-11-05,2/4,Red Brahman,2.8,Mr Karu Manso 800,3.7,Sexed Female,Grey Brahman,,,,0.0,2025-11,4.0,9.0,1.0
281.0,DZF,DZF,DZF,2025-11-14,DZF,348,Local crossbred,Cow,,right,15.5,CIDR+GnRH+PGF+GnRH,Frozen,,2025-11-13,Ruben,Javeria,,6.0,1.0,,7.0,2025-12-12,Open,,,,2025-11-05,984,Grey Brahman,2.2,SM007,,Conventional,Beef Crossbred,,,,0.0,2025-11,4.0,9.0,1.0
282.0,DZF,DZF,DZF,2025-11-14,DZF,349,Local crossbred,Cow,,left,10.0,CIDR+GnRH+PGF+GnRH,Frozen,,2025-11-13,Ruben,Javeria,,7.0,1.0,,7.0,2025-12-12,Pregnant,,,,2025-11-05,609,Grey Brahman,2.3,Mr Karu Manso 800,3.7,Sexed Female,Grey Brahman,,,96.0,1.0,2025-11,4.0,9.0,1.0
283.0,DZF,DZF,DZF,2025-11-14,DZF,351,Local crossbred,Cow,,left,9.0,CIDR+GnRH+PGF+GnRH,Frozen,,2025-11-13,Ruben,Javeria,,6.0,1.0,,7.0,2025-12-12,Open,,,,2025-11-05,991,Grey Brahman,2.1,SM007,,Conventional,Beef Crossbred,,,,0.0,2025-11,4.0,9.0,1.0
284.0,DZF,DZF,DZF,2025-11-14,DZF,353,Local crossbred,Cow,,left,13.0,CIDR+GnRH+PGF+GnRH,Frozen,,2025-11-13,Ruben,Javeria,,6.0,1.0,,7.0,2025-12-12,Open,,,,2025-11-05,984,Grey Brahman,2.2,SM007,,Conventional,Beef Crossbred,,,,0.0,2025-11,4.0,9.0,1.0
285.0,DZF,DZF,DZF,2025-11-14,DZF,357,Local crossbred,Cow,,left,10.0,CIDR+GnRH+PGF+GnRH,Frozen,,2025-11-13,Ruben,Javeria,,7.0,1.0,,7.0,2025-12-12,Open,,,,2025-11-05,2/4,Red Brahman,2.8,Mr Karu Manso 800,3.7,Sexed Female,Grey Brahman,,,,0.0,2025-11,4.0,9.0,1.0
286.0,DZF,DZF,DZF,2025-11-14,DZF,358,Local crossbred,Cow,,left,13.0,CIDR+GnRH+PGF+GnRH,Frozen,,2025-11-13,Ruben,Javeria,,7.0,1.0,,7.0,2025-12-12,Open,,,,2025-11-05,2/4,Red Brahman,2.8,Mr Karu Manso 800,3.7,Sexed Female,Grey Brahman,,,,0.0,2025-11,4.0,9.0,1.0
287.0,DZF,DZF,DZF,2025-11-14,DZF,361,Local crossbred,Cow,,left,8.0,CIDR+GnRH+PGF+GnRH,Frozen,,2025-11-13,Ruben,Javeria,,6.0,1.0,,7.0,2025-12-12,Open,,,,2025-11-05,609,Grey Brahman,2.3,Mr Karu Manso 800,3.7,Sexed Female,Grey Brahman,,,,0.0,2025-11,4.0,9.0,1.0
288.0,DZF,DZF,DZF,2025-11-14,DZF,362,Local crossbred,Cow,,right,11.5,CIDR+GnRH+PGF+GnRH,Frozen,,2025-11-13,Ruben,Javeria,,7.0,1.0,,7.0,2025-12-12,Pregnant,,,,2025-11-05,402,Grey Brahman,,JDH Janos Manso 709,2.0,Conventional,Grey Brahman,,,96.0,1.0,2025-11,4.0,9.0,1.0
289.0,DZF,DZF,DZF,2025-11-14,DZF,363,Local crossbred,Cow,,right,10.0,CIDR+GnRH+PGF+GnRH,Frozen,,2025-11-13,Ruben,Javeria,,7.0,1.0,,7.0,2025-12-12,Open,,,,2025-11-05,BrafordBBQ,Braford,,JDH Janos Manso 709,2.0,Conventional,Grey Brahman,,,,0.0,2025-11,4.0,9.0,1.0
290.0,DZF,DZF,DZF,2025-11-14,DZF,366,Local crossbred,Cow,,right,9.0,CIDR+GnRH+PGF+GnRH,Frozen,,2025-11-13,Ruben,Javeria,,6.0,1.0,,7.0,2025-12-12,Open,,,,2025-11-05,2/4,Red Brahman,2.8,Mr Karu Manso 800,3.7,Sexed Female,Grey Brahman,,,,0.0,2025-11,4.0,9.0,1.0
291.0,DZF,DZF,Maidan Cattle (Karachi),2025-11-27,Maidan Cattle (Karachi),39,Local crossbred,Cow,,left,21.0,CIDR+GnRH+PGF+GnRH,Frozen,,2025-11-15,Ruben,Umer,,6.0,1.0,,7.0,,Pregnant,,,,2025-11-07,257,Grey Brahman,1.6,JDH Janos Manso 709,2.0,Conventional,Grey Brahman,,,,1.0,2025-11,3.0,20.0,12.0
292.0,DZF,DZF,Maidan Cattle (Karachi),2025-11-27,Maidan Cattle (Karachi),HF No Tag,Local crossbred,Cow,,left,22.0,CIDR+GnRH+PGF+GnRH,Frozen,,2025-11-15,Ruben,Umer,,7.0,1.0,,7.0,,Open,,,,2025-11-07,257,Grey Brahman,1.6,JDH Janos Manso 709,2.0,Conventional,Grey Brahman,,,,0.0,2025-11,3.0,20.0,12.0
293.0,DZF,DZF,Maidan Cattle (Karachi),2025-11-27,Maidan Cattle (Karachi),HF Black,Local crossbred,Cow,,left,20.0,CIDR+GnRH+PGF+GnRH,Frozen,,2025-11-15,Ruben,Umer,,7.0,1.0,,7.0,,Open,,,,2025-11-07,257,Grey Brahman,1.6,JDH Janos Manso 709,2.0,Conventional,Grey Brahman,,,,0.0,2025-11,3.0,20.0,12.0
294.0,DZF,DZF,Maidan Cattle (Karachi),2025-11-27,Maidan Cattle (Karachi),Cholistani,Local crossbred,Cow,,right,17.0,CIDR+GnRH+PGF+GnRH,Frozen,,2025-11-15,Ruben,Umer,,7.0,1.0,,7.0,,Pregnant,,,,2025-11-07,248,Grey Brahman,1.4,JDH Janos Manso 709,2.0,Conventional,Grey Brahman,,,,1.0,2025-11,3.0,20.0,12.0
295.0,DZF,DZF,Maidan Cattle (Karachi),2025-11-27,Maidan Cattle (Karachi),Sahiwal,Local crossbred,Cow,,left,14.0,CIDR+GnRH+PGF+GnRH,Frozen,,2025-11-15,Ruben,Umer,,7.0,1.0,,7.0,,Open,,,,2025-11-07,248,Grey Brahman,1.4,JDH Janos Manso 709,2.0,Conventional,Grey Brahman,,,,0.0,2025-11,3.0,20.0,12.0
296.0,DZF,DZF,Model Cattle (Karachi),2025-11-27,Model Cattle (Karachi),25/1,Local crossbred,Cow,,left,17.5,CIDR+GnRH+PGF+GnRH,Frozen,,2025-11-26,Ruben,Umer,,7.0,1.0,,7.0,,Open,,,,2025-11-18,18/2,Beef crossbred,,Modesto 209,,Conventional,,,,,0.0,2025-11,3.0,9.0,1.0
297.0,DZF,DZF,Model Cattle (Karachi),2025-11-27,Model Cattle (Karachi),17/1,Local crossbred,Cow,,right,17.0,CIDR+GnRH+PGF+GnRH,Frozen,,2025-11-26,Ruben,Umer,,7.0,1.0,,7.0,,Open,,,,2025-11-18,18/2,Beef crossbred,,Modesto 209,,Conventional,,,,,0.0,2025-11,3.0,9.0,1.0
298.0,DZF,DZF,Model Cattle (Karachi),2025-11-27,Model Cattle (Karachi),49,Local crossbred,Cow,,right,21.0,CIDR+GnRH+PGF+GnRH,Frozen,,2025-11-26,Ruben,Umer,,7.0,1.0,,7.0,,Open,,,,2025-11-18,3012,Beef crossbred,,Modesto 209,,Conventional,,,,,0.0,2025-11,3.0,9.0,1.0
299.0,DZF,DZF,Model Cattle (Karachi),2025-11-27,Model Cattle (Karachi),46,Local crossbred,Cow,,right,21.5,CIDR+GnRH+PGF+GnRH,Frozen,,2025-11-26,Ruben,Umer,,7.0,1.0,,7.0,,Open,,,,2025-11-18,18/2,Beef crossbred,,Modesto 209,,Conventional,,,,,0.0,2025-11,3.0,9.0,1.0
300.0,DZF,DZF,Model Cattle (Karachi),2025-11-27,Model Cattle (Karachi),24/1,Local crossbred,Cow,,right,19.5,CIDR+GnRH+PGF+GnRH,Frozen,,2025-11-26,Ruben,Umer,,7.0,1.0,,7.0,,Open,,,,2025-11-18,18/2,Beef crossbred,,Modesto 209,,Conventional,,,,,0.0,2025-11,3.0,9.0,1.0
301.0,DZF,DZF,Model Cattle (Karachi),2025-11-27,Model Cattle (Karachi),32/2,Local crossbred,Cow,,right,13.5,CIDR+GnRH+PGF+GnRH,Frozen,,2025-11-26,Ruben,Umer,,7.0,1.0,,7.0,,Open,,,,2025-11-18,18/2,Beef crossbred,,Modesto 209,,Conventional,,,,,0.0,2025-11,3.0,9.0,1.0
302.0,DZF,DZF,Model Cattle (Karachi),2025-11-27,Model Cattle (Karachi),22/1,Local crossbred,Cow,,left,15.0,CIDR+GnRH+PGF+GnRH,Frozen,,2025-11-26,Ruben,Umer,,6.0,1.0,,7.0,,Pregnant,,,,2025-11-18,18/2,Beef crossbred,,Modesto 209,,Conventional,,,,,1.0,2025-11,3.0,9.0,1.0
303.0,DZF,DZF,Model Cattle (Karachi),2025-11-27,Model Cattle (Karachi),58,Local crossbred,Cow,,left,14.5,CIDR+GnRH+PGF+GnRH,Frozen,,2025-11-26,Ruben,Umer,,6.0,1.0,,7.0,,Open,,,,2025-11-18,18/2,Beef crossbred,,Modesto 209,,Conventional,,,,,0.0,2025-11,3.0,9.0,1.0
304.0,DZF,DZF,DZF,2025-11-30,DZF,276,Local crossbred,Cow,,right,13.5,CIDR+GnRH+PGF+GnRH,Fresh,,,Ruben,Javeria,,7.0,1.0,,6.0,2026-01-03,Pregnant,,,,2025-11-23,909,Grey Brahman,2.1,Mr H Pride of Maddox Manso 684/8,2.7,Conventional,Grey Brahman,,,80.0,1.0,2025-11,6.0,7.0,
305.0,DZF,DZF,DZF,2025-11-30,DZF,279,Local crossbred,Cow,,right,12.0,CIDR+GnRH+PGF+GnRH,Fresh,,,Ruben,Javeria,,7.0,1.0,,6.0,2026-01-03,Open,,,,2025-11-23,909,Grey Brahman,2.1,Mr H Pride of Maddox Manso 684/8,2.7,Conventional,Grey Brahman,,,,0.0,2025-11,6.0,7.0,
306.0,DZF,DZF,DZF,2025-11-30,DZF,290,Local crossbred,Cow,,right,15.0,CIDR+GnRH+PGF+GnRH,Fresh,,,Ruben,Javeria,,7.0,1.0,,6.0,2026-01-03,Open,,,,2025-11-23,909,Grey Brahman,2.1,Mr H Pride of Maddox Manso 684/8,2.7,Conventional,Grey Brahman,,,,0.0,2025-11,6.0,7.0,
307.0,DZF,DZF,DZF,2025-11-30,DZF,32165,Local crossbred,Cow,,right,15.0,CIDR+GnRH+PGF+GnRH,Fresh,,,Ruben,Javeria,,7.0,1.0,,6.0,2026-01-03,Pregnant,,,,2025-11-23,909,Grey Brahman,2.1,Mr H Pride of Maddox Manso 684/8,2.7,Conventional,Grey Brahman,,,80.0,1.0,2025-11,6.0,7.0,
308.0,DZF,DZF,DZF,2025-11-30,DZF,80,Local crossbred,Cow,,left,13.0,CIDR+GnRH+PGF+GnRH,Fresh,,,Ruben,Javeria,,7.0,1.0,,6.0,2026-01-03,Open,,,,2025-11-23,909,Grey Brahman,2.1,Mr H Pride of Maddox Manso 684/8,2.7,Conventional,Grey Brahman,,,,0.0,2025-11,6.0,7.0,
309.0,DZF,DZF,DZF,2025-11-30,DZF,82,Local crossbred,Cow,,right,17.0,CIDR+GnRH+PGF+GnRH,Fresh,,,Ruben,Javeria,,7.0,1.0,,6.0,2026-01-03,Pregnant,,,,2025-11-23,909,Grey Brahman,2.1,Mr H Pride of Maddox Manso 684/8,2.7,Conventional,Grey Brahman,,,80.0,1.0,2025-11,6.0,7.0,
310.0,DZF,DZF,DZF,2025-11-30,DZF,86,Local crossbred,Cow,,left,13.0,CIDR+GnRH+PGF+GnRH,Fresh,,,Ruben,Javeria,,7.0,1.0,,6.0,2026-01-03,Open,,,,2025-11-23,909,Grey Brahman,2.1,Mr H Pride of Maddox Manso 684/8,2.7,Conventional,Grey Brahman,,,,0.0,2025-11,6.0,7.0,
311.0,DZF,DZF,DZF,2025-11-30,DZF,180,Local crossbred,Cow,,left,13.5,CIDR+GnRH+PGF+GnRH,Fresh,,,Ruben,Javeria,,7.0,1.0,,6.0,2026-01-03,Pregnant,,,,2025-11-23,909,Grey Brahman,2.1,Mr H Pride of Maddox Manso 684/8,2.7,Conventional,Grey Brahman,,,80.0,1.0,2025-11,6.0,7.0,
312.0,DZF,DZF,DZF,2025-11-30,DZF,203,Local crossbred,Cow,,right,10.0,CIDR+GnRH+PGF+GnRH,Fresh,,,Ruben,Javeria,,7.0,1.0,,6.0,2026-01-03,Open,,,,2025-11-23,909,Grey Brahman,2.1,Mr H Pride of Maddox Manso 684/8,2.7,Conventional,Grey Brahman,,,,0.0,2025-11,6.0,7.0,
313.0,DZF,DZF,DZF,2025-11-30,DZF,326,Local crossbred,Cow,,left,11.0,CIDR+GnRH+PGF+GnRH,Fresh,,,Ruben,Javeria,,7.0,1.0,,6.0,2026-01-03,Pregnant,,,,2025-11-23,909,Grey Brahman,2.1,Mr H Pride of Maddox Manso 684/8,2.7,Conventional,Grey Brahman,,,80.0,1.0,2025-11,6.0,7.0,
314.0,DZF,DZF,DZF,2025-12-01,DZF,224,Local crossbred,Cow,,right,11.0,CIDR+GnRH+PGF+GnRH,Fresh,,,Ruben,Javeria,,6.0,1.0,,7.0,2026-01-04,Open,,,,2025-11-23,204,Red Brahman,3.7,VL Rojo Whiskey 1/48,,Conventional,Red Brahman,,,,0.0,2025-12,0.0,8.0,
315.0,DZF,DZF,DZF,2025-12-01,DZF,263,Local crossbred,Cow,,right,13.0,CIDR+GnRH+PGF+GnRH,Fresh,,,Ruben,Javeria,,6.0,1.0,,7.0,2026-01-04,Pregnant,,,,2025-11-23,909,Grey Brahman,2.1,Mr H Pride of Maddox Manso 684/8,2.7,Conventional,Grey Brahman,,,79.0,1.0,2025-12,0.0,8.0,
316.0,DZF,DZF,DZF,2025-12-01,DZF,269,Local crossbred,Cow,,right,15.0,CIDR+GnRH+PGF+GnRH,Fresh,,,Ruben,Javeria,,7.0,1.0,,7.0,2026-01-04,Pregnant,,,,2025-11-23,602,Grey Brahman,2.5,Mr H Pride of Maddox Manso 684/8,2.7,Conventional,Grey Brahman,,,79.0,1.0,2025-12,0.0,8.0,
317.0,DZF,DZF,DZF,2025-12-01,DZF,364,Local crossbred,Cow,,right,16.0,CIDR+GnRH+PGF+GnRH,Fresh,,,Ruben,Javeria,,6.0,1.0,,7.0,2026-01-04,Pregnant,,,,2025-11-23,2/4,Red Brahman,2.8,VL Rojo Whiskey 1/48,,Conventional,Red Brahman,,,79.0,1.0,2025-12,0.0,8.0,
318.0,DZF,DZF,DZF,2025-12-01,DZF,88,Local crossbred,Cow,,right,12.0,CIDR+GnRH+PGF+GnRH,Fresh,,,Ruben,Javeria,,7.0,1.0,,7.0,2026-01-04,Open,,,,2025-11-23,984,Grey Brahman,2.2,Mr H Pride of Maddox Manso 684/8,2.7,Conventional,Grey Brahman,,,,0.0,2025-12,0.0,8.0,
319.0,DZF,DZF,DZF,2025-12-01,DZF,60,Local crossbred,Cow,,left,15.0,CIDR+GnRH+PGF+GnRH,Fresh,,,Ruben,Javeria,,7.0,1.0,,7.0,2026-01-04,Pregnant,,,,2025-11-23,991,Grey Brahman,2.1,Mr H Pride of Maddox Manso 684/8,2.7,Conventional,Grey Brahman,,,79.0,1.0,2025-12,0.0,8.0,
320.0,DZF,DZF,DZF,2025-12-01,DZF,106,Local crossbred,Cow,,right,13.0,CIDR+GnRH+PGF+GnRH,Fresh,,,Ruben,Javeria,,6.0,1.0,,7.0,2026-01-04,Pregnant,,,,2025-11-23,2/4,Red Brahman,2.8,VL Rojo Whiskey 1/48,,Conventional,Red Brahman,,,79.0,1.0,2025-12,0.0,8.0,
321.0,DZF,DZF,DZF,2025-12-01,DZF,124,Local crossbred,Cow,,left,12.0,CIDR+GnRH+PGF+GnRH,Fresh,,,Ruben,Javeria,,7.0,1.0,,7.0,2026-01-04,Open,,,,2025-11-23,600,Grey Brahman,1.6,Mr H Pride of Maddox Manso 684/8,2.7,Conventional,Grey Brahman,,,,0.0,2025-12,0.0,8.0,
322.0,DZF,DZF,DZF,2025-12-01,DZF,304,Local crossbred,Cow,,left,13.0,CIDR+GnRH+PGF+GnRH,Fresh,,,Ruben,Javeria,,6.0,1.0,,7.0,2026-01-04,Pregnant,,,,2025-11-23,984,Grey Brahman,2.2,Mr H Pride of Maddox Manso 684/8,2.7,Conventional,Grey Brahman,,,79.0,1.0,2025-12,0.0,8.0,
323.0,DZF,DZF,DZF,2025-12-01,DZF,308,Local crossbred,Cow,,left,18.0,CIDR+GnRH+PGF+GnRH,Fresh,,,Ruben,Javeria,,7.0,1.0,,7.0,2026-01-04,Pregnant,,,,2025-11-23,3/4,Red Brahman,2.3,VL Rojo Whiskey 1/48,,Conventional,Red Brahman,,,79.0,1.0,2025-12,0.0,8.0,
324.0,DZF,DZF,DZF,2025-12-01,DZF,314,Local crossbred,Cow,,left,13.0,CIDR+GnRH+PGF+GnRH,Fresh,,,Ruben,Javeria,,6.0,1.0,,7.0,2026-01-04,Open,,,,2025-11-23,602,Grey Brahman,2.5,Mr H Pride of Maddox Manso 684/8,2.7,Conventional,Grey Brahman,,,,0.0,2025-12,0.0,8.0,
325.0,DZF,DZF,DZF,2025-12-01,DZF,315,Local crossbred,Cow,,left,15.0,CIDR+GnRH+PGF+GnRH,Fresh,,,Ruben,Javeria,,6.0,1.0,,7.0,2026-01-04,Open,,,,2025-11-23,2/4,Red Brahman,2.8,VL Rojo Whiskey 1/48,,Conventional,Red Brahman,,,,0.0,2025-12,0.0,8.0,
326.0,DZF,DZF,DZF,2025-12-01,DZF,317,Local crossbred,Cow,,right,18.0,CIDR+GnRH+PGF+GnRH,Fresh,,,Ruben,Javeria,,7.0,1.0,,7.0,2026-01-04,Open,,,,2025-11-23,2/4,Red Brahman,2.8,VL Rojo Whiskey 1/48,,Conventional,Red Brahman,,,,0.0,2025-12,0.0,8.0,
327.0,DZF,DZF,DZF,2025-12-01,DZF,321,Local crossbred,Cow,,left,13.5,CIDR+GnRH+PGF+GnRH,Fresh,,,Ruben,Javeria,,8.0,1.0,,7.0,2026-01-04,Open,,,,2025-11-23,984,Grey Brahman,2.2,Mr H Pride of Maddox Manso 684/8,2.7,Conventional,Grey Brahman,,,,0.0,2025-12,0.0,8.0,
328.0,DZF,DZF,DZF,2025-12-01,DZF,325,Local crossbred,Cow,,left,13.0,CIDR+GnRH+PGF+GnRH,Fresh,,,Ruben,Javeria,,7.0,1.0,,7.0,2026-01-04,Open,,,,2025-11-23,909,Grey Brahman,2.1,Mr H Pride of Maddox Manso 684/8,2.7,Conventional,Grey Brahman,,,,0.0,2025-12,0.0,8.0,
329.0,DZF,DZF,DZF,2025-12-01,DZF,333,Local crossbred,Cow,,right,12.0,CIDR+GnRH+PGF+GnRH,Fresh,,,Ruben,Javeria,,8.0,1.0,,7.0,2026-01-04,Open,,,,2025-11-23,984,Grey Brahman,2.2,Mr H Pride of Maddox Manso 684/8,2.7,Conventional,Grey Brahman,,,,0.0,2025-12,0.0,8.0,
330.0,DZF,DZF,DZF,2025-12-01,DZF,336,Local crossbred,Cow,,left,12.0,CIDR+GnRH+PGF+GnRH,Fresh,,,Ruben,Javeria,,7.0,1.0,,7.0,2026-01-04,Pregnant,,,,2025-11-23,984,Grey Brahman,2.2,Mr H Pride of Maddox Manso 684/8,2.7,Conventional,Grey Brahman,,,79.0,1.0,2025-12,0.0,8.0,
331.0,DZF,DZF,DZF,2025-12-01,DZF,338,Local crossbred,Cow,,right,16.0,CIDR+GnRH+PGF+GnRH,Fresh,,,Ruben,Javeria,,6.0,1.0,,7.0,2026-01-04,Pregnant,,,,2025-11-23,2/4,Red Brahman,2.8,VL Rojo Whiskey 1/48,,Conventional,Red Brahman,,,79.0,1.0,2025-12,0.0,8.0,
332.0,DZF,DZF,DZF,2025-12-01,DZF,340,Local crossbred,Cow,,left,12.5,CIDR+GnRH+PGF+GnRH,Fresh,,,Ruben,Javeria,,6.0,1.0,,7.0,2026-01-04,Open,,,,2025-11-23,600,Grey Brahman,1.6,Mr H Pride of Maddox Manso 684/8,2.7,Conventional,Grey Brahman,,,,0.0,2025-12,0.0,8.0,
333.0,DZF,DZF,DZF,2025-12-03,DZF,31773,Local crossbred,Cow,,right,13.0,CIDR+GnRH+PGF+GnRH,Fresh,,,Ruben,Talal,,7.0,1.0,,7.0,2026-01-06,Open,,,,2025-11-25,BrafordBBQ,Braford,,BRC Dutton 376/8,1.7,Conventional,,,,,0.0,2025-12,2.0,8.0,
334.0,DZF,DZF,DZF,2025-12-03,DZF,31799,Local crossbred,Cow,,left,15.0,CIDR+GnRH+PGF+GnRH,Fresh,,,Ruben,Talal,,7.0,1.0,,7.0,2026-01-06,Open,,,,2025-11-25,BrafordBBQ,Braford,,BRC Dutton 376/8,1.7,Conventional,,,,,0.0,2025-12,2.0,8.0,
335.0,DZF,DZF,DZF,2025-12-03,DZF,31903,Local crossbred,Cow,,left,13.0,CIDR+GnRH+PGF+GnRH,Fresh,,,Ruben,Talal,,7.0,1.0,,7.0,2026-01-06,Pregnant,,,,2025-11-25,BrafordBBQ,Braford,,JDH Janos Manso 709,2.0,Conventional,Grey Brahman,,,77.0,1.0,2025-12,2.0,8.0,
336.0,DZF,DZF,DZF,2025-12-03,DZF,31964,Local crossbred,Cow,,right,14.5,CIDR+GnRH+PGF+GnRH,Fresh,,,Ruben,Talal,,7.0,1.0,,7.0,2026-01-06,Pregnant,,,,2025-11-25,BrafordBBQ,Braford,,BRC Dutton 376/8,1.7,Conventional,,,,77.0,1.0,2025-12,2.0,8.0,
337.0,DZF,DZF,DZF,2025-12-03,DZF,32057,Local crossbred,Cow,,right,15.5,CIDR+GnRH+PGF+GnRH,Fresh,,,Ruben,Talal,,7.0,1.0,,7.0,2026-01-06,Pregnant,,,,2025-11-25,D2,Nukra,,BRC Dutton 376/8,1.7,Conventional,,Dawood,-77.0,77.0,1.0,2025-12,2.0,8.0,
338.0,DZF,DZF,DZF,2025-12-03,DZF,32083,Local crossbred,Cow,,left,11.0,CIDR+GnRH+PGF+GnRH,Fresh,,,Ruben,Talal,,7.0,1.0,,7.0,2026-01-06,Open,,,,2025-11-25,BrafordBBQ,Braford,,BRC Dutton 376/8,1.7,Conventional,,,,,0.0,2025-12,2.0,8.0,
339.0,DZF,DZF,DZF,2025-12-03,DZF,32143,Local crossbred,Cow,,left,11.0,CIDR+GnRH+PGF+GnRH,Fresh,,,Ruben,Talal,,7.0,1.0,,7.0,2026-01-06,Open,,,,2025-11-25,BrafordBBQ,Braford,,BRC Dutton 376/8,1.7,Conventional,,,,,0.0,2025-12,2.0,8.0,
340.0,DZF,DZF,DZF,2025-12-03,DZF,32293,Local crossbred,Cow,,left,14.0,CIDR+GnRH+PGF+GnRH,Fresh,,,Ruben,Talal,,7.0,1.0,,7.0,2026-01-06,Pregnant,,,,2025-11-25,D2,Nukra,,BRC Dutton 376/8,1.7,Conventional,,Dawood,-77.0,77.0,1.0,2025-12,2.0,8.0,
341.0,DZF,DZF,DZF,2025-12-03,DZF,32385,Local crossbred,Cow,,left,10.5,CIDR+GnRH+PGF+GnRH,Fresh,,,Ruben,Talal,,7.0,1.0,,7.0,2026-01-06,Open,,,,2025-11-25,BrafordBBQ,Braford,,JDH Janos Manso 709,2.0,Conventional,Grey Brahman,,,,0.0,2025-12,2.0,8.0,
342.0,DZF,DZF,DZF,2025-12-03,DZF,32386,Local crossbred,Cow,,left,15.0,CIDR+GnRH+PGF+GnRH,Fresh,,,Ruben,Talal,,7.0,1.0,,7.0,2026-01-06,Pregnant,,,,2025-11-25,D2,Nukra,,BRC Dutton 376/8,1.7,Conventional,,Dawood,-77.0,77.0,1.0,2025-12,2.0,8.0,
343.0,DZF,DZF,DZF,2025-12-03,DZF,32390,Local crossbred,Cow,,left,11.5,CIDR+GnRH+PGF+GnRH,Fresh,,,Ruben,Talal,,7.0,1.0,,7.0,2026-01-06,Open,,,,2025-11-25,D2,Nukra,,BRC Dutton 376/8,1.7,Conventional,,,,,0.0,2025-12,2.0,8.0,
344.0,DZF,DZF,DZF,2025-12-03,DZF,32839,Local crossbred,Cow,,right,14.0,CIDR+GnRH+PGF+GnRH,Fresh,,,Ruben,Talal,,7.0,1.0,,7.0,2026-01-06,Open,,,,2025-11-25,D2,Nukra,,BRC Dutton 376/8,1.7,Conventional,,,,,0.0,2025-12,2.0,8.0,
345.0,DZF,DZF,DZF,2025-12-03,DZF,33159,Local crossbred,Cow,,right,17.0,CIDR+GnRH+PGF+GnRH,Fresh,,,Ruben,Talal,,7.0,1.0,,7.0,2026-01-06,Open,,,,2025-11-25,BrafordBBQ,Braford,,JDH Janos Manso 709,2.0,Conventional,Grey Brahman,,,,0.0,2025-12,2.0,8.0,
346.0,DZF,DZF,DZF,2025-12-03,DZF,67,Local crossbred,Cow,,right,11.0,CIDR+GnRH+PGF+GnRH,Fresh,,,Ruben,Talal,,7.0,1.0,,7.0,2026-01-06,Pregnant,,,,2025-11-25,BrafordBBQ,Braford,,JDH Janos Manso 709,2.0,Conventional,Grey Brahman,,,77.0,1.0,2025-12,2.0,8.0,
347.0,DZF,DZF,DZF,2025-12-03,DZF,102,Local crossbred,Cow,,left,10.0,CIDR+GnRH+PGF+GnRH,Fresh,,,Ruben,Talal,,7.0,1.0,,7.0,2026-01-06,Open,,,,2025-11-25,BrafordBBQ,Braford,,JDH Janos Manso 709,2.0,Conventional,Grey Brahman,,,,0.0,2025-12,2.0,8.0,
348.0,DZF,DZF,DZF,2025-12-03,DZF,116,Local crossbred,Cow,,left,11.0,CIDR+GnRH+PGF+GnRH,Fresh,,,Ruben,Talal,,7.0,1.0,,7.0,2026-01-06,Open,,,,2025-11-25,BrafordBBQ,Braford,,JDH Janos Manso 709,2.0,Conventional,Grey Brahman,,,,0.0,2025-12,2.0,8.0,
349.0,DZF,DZF,DZF,2025-12-03,DZF,110,Local crossbred,Cow,,right,13.0,CIDR+GnRH+PGF+GnRH,Fresh,,,Ruben,Talal,,7.0,1.0,,7.0,2026-01-06,Open,,,,2025-11-25,BrafordBBQ,Braford,,BRC Dutton 376/8,1.7,Conventional,,,,,0.0,2025-12,2.0,8.0,
350.0,DZF,DZF,DZF,2025-12-03,DZF,113,Local crossbred,Cow,,left,10.0,CIDR+GnRH+PGF+GnRH,Fresh,,,Ruben,Talal,,7.0,1.0,,7.0,2026-01-06,Pregnant,,,,2025-11-25,BrafordBBQ,Braford,,BRC Dutton 376/8,1.7,Conventional,,,,77.0,1.0,2025-12,2.0,8.0,
351.0,DZF,DZF,DZF,2025-12-03,DZF,154,Local crossbred,Cow,,left,10.0,CIDR+GnRH+PGF+GnRH,Fresh,,,Ruben,Talal,,7.0,1.0,,7.0,2026-01-06,Open,,,,2025-11-25,4-Apr,Beef Master,-0.4,VL Rojo Whiskey 1/48,,Conventional,Red Brahman,,,,0.0,2025-12,2.0,8.0,
352.0,DZF,DZF,DZF,2025-12-03,DZF,153,Local crossbred,Cow,,left,15.0,CIDR+GnRH+PGF+GnRH,Fresh,,,Ruben,Talal,,7.0,1.0,,7.0,2026-01-06,Pregnant,,,,2025-11-25,BrafordBBQ,Braford,,JDH Janos Manso 709,2.0,Conventional,Grey Brahman,,,77.0,1.0,2025-12,2.0,8.0,
353.0,DZF,DZF,DZF,2025-12-03,DZF,142,Local crossbred,Cow,,left,14.0,CIDR+GnRH+PGF+GnRH,Fresh,,,Ruben,Talal,,7.0,1.0,,7.0,2026-01-06,Open,,,,2025-11-25,BrafordBBQ,Braford,,JDH Janos Manso 709,2.0,Conventional,Grey Brahman,,,,0.0,2025-12,2.0,8.0,
354.0,DZF,DZF,DZF,2025-12-03,DZF,140,Local crossbred,Cow,,right,11.0,CIDR+GnRH+PGF+GnRH,Fresh,,,Ruben,Talal,,7.0,1.0,,7.0,2026-01-06,Open,,,,2025-11-25,BrafordBBQ,Braford,,JDH Janos Manso 709,2.0,Conventional,Grey Brahman,,,,0.0,2025-12,2.0,8.0,
355.0,DZF,DZF,DZF,2025-12-03,DZF,197,Local crossbred,Cow,,left,15.5,CIDR+GnRH+PGF+GnRH,Fresh,,,Ruben,Talal,,7.0,1.0,,7.0,2026-01-06,Pregnant,,,,2025-11-25,D2,Nukra,,BRC Dutton 376/8,1.7,Conventional,,Dawood,-77.0,77.0,1.0,2025-12,2.0,8.0,
356.0,DZF,DZF,DZF,2025-12-03,DZF,235,Local crossbred,Cow,,right,14.0,CIDR+GnRH+PGF+GnRH,Fresh,,,Ruben,Talal,,7.0,1.0,,7.0,2026-01-06,Open,,,,2025-11-25,BrafordBBQ,Braford,,JDH Janos Manso 709,2.0,Conventional,Grey Brahman,,,,0.0,2025-12,2.0,8.0,
357.0,DZF,DZF,DZF,2025-12-03,DZF,258,Local crossbred,Cow,,right,12.0,CIDR+GnRH+PGF+GnRH,Fresh,,,Ruben,Talal,,7.0,1.0,,7.0,2026-01-06,Open,,,,2025-11-25,BrafordBBQ,Braford,,JDH Janos Manso 709,2.0,Conventional,Grey Brahman,,,,0.0,2025-12,2.0,8.0,
358.0,DZF,DZF,DZF,2025-12-03,DZF,265,Local crossbred,Cow,,right,11.0,CIDR+GnRH+PGF+GnRH,Fresh,,,Ruben,Talal,,7.0,1.0,,7.0,2026-01-06,Open,,,,2025-11-25,BrafordBBQ,Braford,,BRC Dutton 376/8,1.7,Conventional,,,,,0.0,2025-12,2.0,8.0,
359.0,DZF,DZF,DZF,2025-12-03,DZF,305,Local crossbred,Cow,,right,14.0,CIDR+GnRH+PGF+GnRH,Fresh,,,Ruben,Talal,,7.0,1.0,,7.0,2026-01-06,Pregnant,,,,2025-11-25,BrafordBBQ,Braford,,JDH Janos Manso 709,2.0,Conventional,Grey Brahman,,,77.0,1.0,2025-12,2.0,8.0,
360.0,DZF,DZF,DZF,2025-12-03,DZF,292,Local crossbred,Cow,,right,14.0,CIDR+GnRH+PGF+GnRH,Fresh,,,Ruben,Talal,,7.0,1.0,,7.0,2026-01-06,Open,,,,2025-11-25,BrafordBBQ,Braford,,BRC Dutton 376/8,1.7,Conventional,,,,,0.0,2025-12,2.0,8.0,
361.0,DZF,DZF,DZF,2025-12-03,DZF,310,Local crossbred,Cow,,right,10.0,CIDR+GnRH+PGF+GnRH,Fresh,,,Ruben,Talal,,7.0,1.0,,7.0,2026-01-06,Pregnant,,,,2025-11-25,BrafordBBQ,Braford,,BRC Dutton 376/8,1.7,Conventional,,,,77.0,1.0,2025-12,2.0,8.0,
362.0,DZF,DZF,DZF,2025-12-03,DZF,316,Local crossbred,Cow,,right,10.0,CIDR+GnRH+PGF+GnRH,Fresh,,,Ruben,Talal,,7.0,1.0,,7.0,2026-01-06,Pregnant,,,,2025-11-25,BrafordBBQ,Braford,,BRC Dutton 376/8,1.7,Conventional,,,,77.0,1.0,2025-12,2.0,8.0,
363.0,DZF,DZF,DZF,2025-12-03,DZF,327,Local crossbred,Cow,,right,16.0,CIDR+GnRH+PGF+GnRH,Fresh,,,Ruben,Talal,,7.0,1.0,,7.0,2026-01-06,Open,,,,2025-11-25,BrafordBBQ,Braford,,BRC Dutton 376/8,1.7,Conventional,,,,,0.0,2025-12,2.0,8.0,
364.0,DZF,DZF,DZF,2025-12-03,DZF,328,Local crossbred,Cow,,left,11.0,CIDR+GnRH+PGF+GnRH,Fresh,,,Ruben,Talal,,7.0,1.0,,7.0,2026-01-06,Pregnant,,,,2025-11-25,D2,Nukra,,BRC Dutton 376/8,1.7,Conventional,,Dawood,-77.0,77.0,1.0,2025-12,2.0,8.0,
365.0,DZF,DZF,DZF,2025-12-03,DZF,337,Local crossbred,Cow,,right,10.5,CIDR+GnRH+PGF+GnRH,Fresh,,,Ruben,Talal,,7.0,1.0,,7.0,2026-01-06,Open,,,,2025-11-25,BrafordBBQ,Braford,,JDH Janos Manso 709,2.0,Conventional,Grey Brahman,,,,0.0,2025-12,2.0,8.0,
366.0,DZF,DZF,DZF,2025-12-03,DZF,359,Local crossbred,Cow,,right,10.5,CIDR+GnRH+PGF+GnRH,Fresh,,,Ruben,Talal,,7.0,1.0,,7.0,2026-01-06,Pregnant,,,,2025-11-25,BrafordBBQ,Braford,,JDH Janos Manso 709,2.0,Conventional,Grey Brahman,,,77.0,1.0,2025-12,2.0,8.0,
367.0,DZF,DZF,DZF,2025-12-03,DZF,367,Local crossbred,Cow,,left,10.0,CIDR+GnRH+PGF+GnRH,Fresh,,,Ruben,Talal,,7.0,1.0,,7.0,2026-01-06,Open,,,,2025-11-25,BrafordBBQ,Braford,,JDH Janos Manso 709,2.0,Conventional,Grey Brahman,,,,0.0,2025-12,2.0,8.0,
368.0,DZF,DZF,DZF,2025-12-03,DZF,369,Local crossbred,Cow,,right,14.0,CIDR+GnRH+PGF+GnRH,Fresh,,,Ruben,Talal,,7.0,1.0,,7.0,2026-01-06,Open,,,,2025-11-25,BrafordBBQ,Braford,,BRC Dutton 376/8,1.7,Conventional,,,,,0.0,2025-12,2.0,8.0,
369.0,DZF,DZF,DZF,2025-12-03,DZF,370,Local crossbred,Cow,,right,8.0,CIDR+GnRH+PGF+GnRH,Fresh,,,Ruben,Talal,,7.0,1.0,,7.0,2026-01-06,Pregnant,,,,2025-11-25,BrafordBBQ,Braford,,JDH Janos Manso 709,2.0,Conventional,Grey Brahman,,,77.0,1.0,2025-12,2.0,8.0,
370.0,DZF,DZF,DZF,2025-12-03,DZF,372,Local crossbred,Cow,,right,10.5,CIDR+GnRH+PGF+GnRH,Fresh,,,Ruben,Talal,,7.0,1.0,,7.0,2026-01-06,Pregnant,,,,2025-11-25,BrafordBBQ,Braford,,BRC Dutton 376/8,1.7,Conventional,,,,77.0,1.0,2025-12,2.0,8.0,
371.0,DZF,DZF,DZF,2025-12-03,DZF,375,Local crossbred,Cow,,left,15.0,CIDR+GnRH+PGF+GnRH,Fresh,,,Ruben,Talal,,7.0,1.0,,7.0,2026-01-06,Pregnant,,,,2025-11-25,04-04,Beef Master,-0.4,VL Rojo Whiskey 1/48,,Conventional,Red Brahman,,,77.0,1.0,2025-12,2.0,8.0,
372.0,DZF,DZF,DZF,2025-12-03,DZF,376,Local crossbred,Cow,,right,10.0,CIDR+GnRH+PGF+GnRH,Fresh,,,Ruben,Talal,,7.0,1.0,,7.0,2026-01-06,Pregnant,,,,2025-11-25,BrafordBBQ,Braford,,JDH Janos Manso 709,2.0,Conventional,Grey Brahman,,,77.0,1.0,2025-12,2.0,8.0,
373.0,DZF,DZF,DZF,2025-12-03,DZF,378,Local crossbred,Cow,,right,12.0,CIDR+GnRH+PGF+GnRH,Fresh,,,Ruben,Talal,,7.0,1.0,,7.0,2026-01-06,Pregnant,,,,2025-11-25,825/4,Grey Brahman,2.1,VL Rojo Whiskey 1/48,,Conventional,Red Brahman,,,77.0,1.0,2025-12,2.0,8.0,
374.0,DZF,DZF,DZF,2025-12-03,DZF,380,Local crossbred,Cow,,right,8.0,CIDR+GnRH+PGF+GnRH,Fresh,,,Ruben,Talal,,7.0,1.0,,7.0,2026-01-06,Open,,,,2025-11-25,D2,Nukra,,BRC Dutton 376/8,1.7,Conventional,,,,,0.0,2025-12,2.0,8.0,
375.0,DZF,DZF,DZF,2025-12-03,DZF,382,Local crossbred,Cow,,right,13.0,CIDR+GnRH+PGF+GnRH,Fresh,,,Ruben,Talal,,7.0,1.0,,7.0,2026-01-06,Pregnant,,,,2025-11-25,BrafordBBQ,Braford,,JDH Janos Manso 709,2.0,Conventional,Grey Brahman,,,77.0,1.0,2025-12,2.0,8.0,
376.0,DZF,DZF,DZF,2025-12-03,DZF,383,Local crossbred,Cow,,left,13.0,CIDR+GnRH+PGF+GnRH,Fresh,,,Ruben,Talal,,7.0,1.0,,7.0,2026-01-06,Pregnant,,,,2025-11-25,BrafordBBQ,Braford,,BRC Dutton 376/8,1.7,Conventional,,,,77.0,1.0,2025-12,2.0,8.0,
377.0,DZF,DZF,DZF,2025-12-03,DZF,384,Local crossbred,Cow,,left,10.0,CIDR+GnRH+PGF+GnRH,Fresh,,,Ruben,Talal,,7.0,1.0,,7.0,2026-01-06,Open,,,,2025-11-25,BrafordBBQ,Braford,,BRC Dutton 376/8,1.7,Conventional,,,,,0.0,2025-12,2.0,8.0,
378.0,DZF,DZF,DZF,2025-12-03,DZF,385,Local crossbred,Cow,,left,15.0,CIDR+GnRH+PGF+GnRH,Fresh,,,Ruben,Talal,,7.0,1.0,,7.0,2026-01-06,Open,,,,2025-11-25,BrafordBBQ,Braford,,JDH Janos Manso 709,2.0,Conventional,Grey Brahman,,,,0.0,2025-12,2.0,8.0,
379.0,DZF,DZF,DZF,2025-12-12,DZF,239,Local crossbred,Cow,,right,19.5,CIDR+E2+ECG+PGF+GnRH,Fresh,,,Ruben,Talal,3.0,7.0,1.0,,,2026-01-15,Pregnant,,,,2025-12-04,609,Grey Brahman,2.3,MR V8 160/8,6.2,Conventional,Grey Brahman,,,68.0,1.0,2025-12,4.0,8.0,
380.0,DZF,DZF,DZF,2025-12-12,DZF,230,Local crossbred,Cow,,right,14.5,CIDR+E2+ECG+PGF+GnRH,Fresh,,,Ruben,Talal,3.25,7.0,1.0,Yes,7.0,2026-01-15,Open,,,,2025-12-04,609/9,Grey Brahman,2.3,MR V8 160/8,6.2,Conventional,Grey Brahman,,,,0.0,2025-12,4.0,8.0,
381.0,DZF,DZF,DZF,2025-12-12,DZF,31528,Local crossbred,Cow,,right,13.0,CIDR+E2+ECG+PGF+GnRH,Fresh,,,Ruben,Talal,3.75,7.0,1.0,,,2026-01-15,Open,,,,2025-12-04,820/4,Grey Brahman,,MR V8 160/8,6.2,Conventional,Grey Brahman,,,,0.0,2025-12,4.0,8.0,
382.0,DZF,DZF,DZF,2025-12-12,DZF,187,Local crossbred,Cow,,left,12.0,CIDR+E2+ECG+PGF+GnRH,Fresh,,,Ruben,Talal,3.25,7.0,1.0,Yes,7.0,2026-01-15,Pregnant,,,,2025-12-04,820/4,Grey Brahman,,MR V8 160/8,6.2,Conventional,Grey Brahman,,,68.0,1.0,2025-12,4.0,8.0,
383.0,DZF,DZF,DZF,2025-12-12,DZF,215,Local crossbred,Cow,,left,15.0,CIDR+E2+ECG+PGF+GnRH,Fresh,,,Ruben,Talal,3.25,7.0,1.0,Yes,7.0,2026-01-15,Pregnant,,,,2025-12-04,820/4,Grey Brahman,,MR V8 160/8,6.2,Conventional,Grey Brahman,,,68.0,1.0,2025-12,4.0,8.0,
384.0,DZF,DZF,DZF,2025-12-12,DZF,79,Local crossbred,Cow,,right,15.0,CIDR+E2+ECG+PGF+GnRH,Fresh,,,Ruben,Talal,3.5,7.0,1.0,Yes,7.0,2026-01-15,Open,,,,2025-12-04,820/4,Grey Brahman,,MR V8 160/8,6.2,Conventional,Grey Brahman,,,,0.0,2025-12,4.0,8.0,
385.0,DZF,DZF,DZF,2025-12-12,DZF,76,Local crossbred,Cow,,right,14.0,CIDR+E2+ECG+PGF+GnRH,Fresh,,,Ruben,Talal,3.0,7.0,1.0,Yes,7.0,2026-01-15,Pregnant,,,,2025-12-04,820/4,Grey Brahman,,MR V8 160/8,6.2,Conventional,Grey Brahman,,,68.0,1.0,2025-12,4.0,8.0,
386.0,DZF,DZF,DZF,2025-12-12,DZF,226,Local crossbred,Cow,,right,15.5,CIDR+E2+ECG+PGF+GnRH,Fresh,,,Ruben,Talal,3.25,7.0,1.0,,,2026-01-15,Open,,,,2025-12-04,820/4,Grey Brahman,,MR V8 160/8,6.2,Conventional,Grey Brahman,,,,0.0,2025-12,4.0,8.0,
387.0,DZF,DZF,DZF,2025-12-12,DZF,56,Local crossbred,Cow,,left,16.5,CIDR+E2+ECG+PGF+GnRH,Fresh,,,Ruben,Talal,3.0,7.0,1.0,,,2026-01-15,Open,,,,2025-12-04,820/4,Grey Brahman,,MR V8 160/8,6.2,Conventional,Grey Brahman,,,,0.0,2025-12,4.0,8.0,
388.0,DZF,DZF,DZF,2025-12-12,DZF,32835,Local crossbred,Cow,,left,18.0,CIDR+E2+ECG+PGF+GnRH,Fresh,,,Ruben,Talal,3.25,7.0,1.0,Yes,7.0,2026-01-15,Open,,,,2025-12-04,820/4,Grey Brahman,,MR V8 160/8,6.2,Conventional,Grey Brahman,,,,0.0,2025-12,4.0,8.0,
389.0,DZF,DZF,DZF,2025-12-12,DZF,75,Local crossbred,Cow,,left,10.5,CIDR+E2+ECG+PGF+GnRH,Fresh,,,Ruben,Talal,3.0,7.0,1.0,Yes,7.0,2026-01-15,Open,,,,2025-12-04,820/4,Grey Brahman,,MR V8 160/8,6.2,Conventional,Grey Brahman,,,,0.0,2025-12,4.0,8.0,
390.0,DZF,DZF,DZF,2025-12-12,DZF,31947,Local crossbred,Cow,,right,15.0,CIDR+E2+ECG+PGF+GnRH,Fresh,,,Ruben,Talal,3.25,7.0,1.0,Yes,7.0,2026-01-15,Pregnant,,,,2025-12-04,820/4,Grey Brahman,,MR V8 160/8,6.2,Conventional,Grey Brahman,,,68.0,1.0,2025-12,4.0,8.0,
391.0,DZF,DZF,DZF,2025-12-12,DZF,166,Local crossbred,Cow,,left,14.5,CIDR+E2+ECG+PGF+GnRH,Fresh,,,Ruben,Talal,3.25,7.0,1.0,Yes,7.0,2026-01-15,Pregnant,,,,2025-12-04,909/9,Grey Brahman,2.1,SM007,,Conventional,Cross Breed,,,68.0,1.0,2025-12,4.0,8.0,
392.0,DZF,DZF,DZF,2025-12-12,DZF,32093,Local crossbred,Cow,,left,14.5,CIDR+E2+ECG+PGF+GnRH,Fresh,,,Ruben,Talal,3.5,7.0,1.0,,,2026-01-15,Open,,,,2025-12-04,909/9,Grey Brahman,2.1,SM007,,Conventional,Cross Breed,,,,0.0,2025-12,4.0,8.0,
393.0,DZF,DZF,DZF,2025-12-12,DZF,109,Local crossbred,Cow,,left,16.5,CIDR+E2+ECG+PGF+GnRH,Fresh,,,Ruben,Talal,3.5,7.0,1.0,Yes,7.0,2026-01-15,Open,,,,2025-12-04,909/9,Grey Brahman,2.1,SM007,,Conventional,Cross Breed,,,,0.0,2025-12,4.0,8.0,
394.0,DZF,DZF,DZF,2025-12-12,DZF,223,Local crossbred,Cow,,right,20.5,CIDR+E2+ECG+PGF+GnRH,Fresh,,,Ruben,Talal,3.0,7.0,1.0,,,2026-01-15,Open,,,,2025-12-04,909/9,Grey Brahman,2.1,SM007,,Conventional,Cross Breed,,,,0.0,2025-12,4.0,8.0,
395.0,DZF,DZF,DZF,2025-12-12,DZF,202,Local crossbred,Cow,,right,18.0,CIDR+E2+ECG+PGF+GnRH,Fresh,,,Ruben,Talal,3.75,7.0,1.0,Yes,7.0,2026-01-15,Open,,,,2025-12-04,909/9,Grey Brahman,2.1,SM007,,Conventional,Cross Breed,,,,0.0,2025-12,4.0,8.0,
396.0,DZF,DZF,DZF,2025-12-12,DZF,222,Local crossbred,Cow,,left,16.5,CIDR+E2+ECG+PGF+GnRH,Fresh,,,Ruben,Talal,3.5,7.0,1.0,,,2026-01-15,Pregnant,,,,2025-12-04,909/9,Grey Brahman,2.1,SM007,,Conventional,Cross Breed,,,68.0,1.0,2025-12,4.0,8.0,
397.0,DZF,DZF,DZF,2025-12-12,DZF,63,Local crossbred,Cow,,left,13.5,CIDR+E2+ECG+PGF+GnRH,Fresh,,,Ruben,Talal,3.5,7.0,1.0,,,2026-01-15,Open,,,,2025-12-04,Miss Elegant,Cross Breed,,F1 Gulabi,,Conventional,Cross Breed,,,,0.0,2025-12,4.0,8.0,
398.0,DZF,DZF,DZF,2025-12-12,DZF,32005,Local crossbred,Cow,,left,14.0,CIDR+E2+ECG+PGF+GnRH,Fresh,,,Ruben,Talal,3.5,7.0,1.0,,,2026-01-15,Open,,,,2025-12-04,Miss Elegant,Cross Breed,,F1 Gulabi,,Conventional,Cross Breed,,,,0.0,2025-12,4.0,8.0,
399.0,DZF,DZF,DZF,2025-12-12,DZF,246,Local crossbred,Cow,,right,13.5,CIDR+E2+ECG+PGF+GnRH,Fresh,,,Ruben,Talal,3.0,7.0,1.0,,,2026-01-15,Pregnant,,,,2025-12-04,Miss Elegant,Cross Breed,,F1 Gulabi,,Conventional,Cross Breed,,,68.0,1.0,2025-12,4.0,8.0,
400.0,DZF,DZF,DZF,2025-12-12,DZF,210,Local crossbred,Cow,,left,12.0,CIDR+E2+ECG+PGF+GnRH,Fresh,,,Ruben,Talal,3.25,7.0,1.0,,,2026-01-15,Pregnant,,,,2025-12-04,Miss Elegant,Cross Breed,,F1 Gulabi,,Conventional,Cross Breed,,,68.0,1.0,2025-12,4.0,8.0,
401.0,DZF,DZF,DZF,2025-12-12,DZF,32038,Local crossbred,Cow,,right,16.0,CIDR+E2+ECG+PGF+GnRH,Fresh,,,Ruben,Talal,3.25,7.0,1.0,,,2026-01-15,Open,,,,2025-12-04,Miss Elegant,Cross Breed,,F1 Gulabi,,Conventional,Cross Breed,,,,0.0,2025-12,4.0,8.0,
402.0,DZF,DZF,DZF,2025-12-12,DZF,162,Local crossbred,Cow,,left,15.0,CIDR+E2+ECG+PGF+GnRH,Fresh,,,Ruben,Talal,3.25,7.0,1.0,,,2026-01-15,Pregnant,,,,2025-12-04,Miss Elegant,Cross Breed,,F1 Gulabi,,Conventional,Cross Breed,,,68.0,1.0,2025-12,4.0,8.0,
403.0,DZF,DZF,DZF,2025-12-12,DZF,32305,Local crossbred,Cow,,left,11.5,CIDR+E2+ECG+PGF+GnRH,Fresh,,,Ruben,Talal,3.5,7.0,1.0,Yes,7.0,2026-01-15,Open,,,,2025-12-04,Miss Elegant,Cross Breed,,F1 Gulabi,,Conventional,Cross Breed,,,,0.0,2025-12,4.0,8.0,
404.0,DZF,DZF,DZF,2025-12-12,DZF,32391,Local crossbred,Cow,,left,16.0,CIDR+E2+ECG+PGF+GnRH,Fresh,,,Ruben,Talal,3.5,7.0,1.0,,,2026-01-15,Open,,,,2025-12-04,Miss Elegant,Cross Breed,,F1 Gulabi,,Conventional,Cross Breed,,,,0.0,2025-12,4.0,8.0,
405.0,DZF,DZF,DZF,2025-12-12,DZF,135,Local crossbred,Cow,,right,20.0,CIDR+E2+ECG+PGF+GnRH,Fresh,,,Ruben,Talal,3.5,7.0,1.0,Yes,7.0,2026-01-15,Pregnant,,,,2025-12-04,Miss Elegant,Cross Breed,,F1 Gulabi,,Conventional,Cross Breed,,,68.0,1.0,2025-12,4.0,8.0,
406.0,DZF,DZF,DZF,2025-12-12,DZF,100,Local crossbred,Cow,,left,15.0,CIDR+E2+ECG+PGF+GnRH,Fresh,,,Ruben,Talal,3.5,7.0,1.0,,,2026-01-15,Pregnant,,,,2025-12-04,Miss Elegant,Cross Breed,,F1 Gulabi,,Conventional,Cross Breed,,,68.0,1.0,2025-12,4.0,8.0,
407.0,DZF,DZF,DZF,2025-12-12,DZF,105,Local crossbred,Cow,,left,15.0,CIDR+E2+ECG+PGF+GnRH,Fresh,,,Ruben,Talal,3.5,7.0,1.0,Yes,7.0,2026-01-15,Open,,,,2025-12-04,Miss Elegant,Cross Breed,,F1 Gulabi,,Conventional,Cross Breed,,,,0.0,2025-12,4.0,8.0,
408.0,DZF,DZF,DZF,2025-12-12,DZF,91,Local crossbred,Cow,,right,12.5,CIDR+E2+ECG+PGF+GnRH,Fresh,,,Ruben,Talal,3.5,7.0,1.0,,,2026-01-15,Open,,,,2025-12-04,Miss Elegant,Cross Breed,,F1 Gulabi,,Conventional,Cross Breed,,,,0.0,2025-12,4.0,8.0,
409.0,DZF,DZF,DZF,2025-12-12,DZF,168,Local crossbred,Cow,,left,14.0,CIDR+E2+ECG+PGF+GnRH,Fresh,,,Ruben,Talal,3.25,7.0,1.0,,,2026-01-15,Open,,,,2025-12-04,Miss Elegant,Cross Breed,,F1 Gulabi,,Conventional,Cross Breed,,,,0.0,2025-12,4.0,8.0,
410.0,DZF,DZF,DZF,2025-12-12,DZF,132,Local crossbred,Cow,,left,20.5,CIDR+E2+ECG+PGF+GnRH,Fresh,,,Ruben,Talal,3.25,7.0,1.0,Yes,7.0,2026-01-15,Pregnant,,,,2025-12-04,Miss Elegant,Cross Breed,,F1 Gulabi,,Conventional,Cross Breed,,,68.0,1.0,2025-12,4.0,8.0,
411.0,DZF,DZF,DZF,2025-12-12,DZF,164,Local crossbred,Cow,,left,11.0,CIDR+E2+ECG+PGF+GnRH,Fresh,,,Ruben,Talal,3.5,7.0,1.0,,,2026-01-15,Open,,,,2025-12-04,D2,Cross Breed,,JDH Janos Manso 709,2.0,Conventional,Grey Brahman,,,,0.0,2025-12,4.0,8.0,
412.0,DZF,DZF,DZF,2025-12-12,DZF,31518,Local crossbred,Cow,,left,15.0,CIDR+E2+ECG+PGF+GnRH,Fresh,,,Ruben,Talal,3.25,7.0,1.0,Yes,7.0,2026-01-15,Pregnant,,,,2025-12-04,SM006,Beef crossbred,,SM007,,Conventional,Cross Breed,,,68.0,1.0,2025-12,4.0,8.0,
413.0,DZF,DZF,DZF,2025-12-12,DZF,209,Local crossbred,Cow,,left,13.0,CIDR+E2+ECG+PGF+GnRH,Fresh,,,Ruben,Talal,3.25,7.0,1.0,,,2026-01-15,Open,,,,2025-12-04,SM006 Nukra,Cross Breed,,SM007,,Conventional,Cross Breed,,,,0.0,2025-12,4.0,8.0,
414.0,DZF,DZF,DZF,2025-12-12,DZF,32115,Local crossbred,Cow,,left,13.0,CIDR+E2+ECG+PGF+GnRH,Fresh,,,Ruben,Talal,3.5,7.0,1.0,Yes,7.0,2026-01-15,Pregnant,,,,2025-12-04,SM006,Beef crossbred,,SM007,,Conventional,Cross Breed,,,68.0,1.0,2025-12,4.0,8.0,
415.0,DZF,DZF,DZF,2025-12-12,DZF,32395,Local crossbred,Cow,,right,16.0,CIDR+E2+ECG+PGF+GnRH,Fresh,,,Ruben,Talal,3.5,7.0,1.0,Yes,7.0,2026-01-15,Open,,,,2025-12-04,SM006 Nukra,Cross Breed,,SM007,,Conventional,Cross Breed,,,,0.0,2025-12,4.0,8.0,
416.0,DZF,DZF,DZF,2025-12-12,DZF,72,Local crossbred,Cow,,right,16.5,CIDR+E2+ECG+PGF+GnRH,Fresh,,,Ruben,Talal,3.25,7.0,1.0,Yes,7.0,2026-01-15,Open,,,,2025-12-04,SM006 Nukra,Cross Breed,,SM007,,Conventional,Cross Breed,,,,0.0,2025-12,4.0,8.0,
417.0,DZF,DZF,DZF,2025-12-12,DZF,31499,Local crossbred,Cow,,left,15.0,CIDR+E2+ECG+PGF+GnRH,Fresh,,,Ruben,Talal,3.5,7.0,1.0,Yes,7.0,2026-01-15,Pregnant,,,,2025-12-04,SM006,Beef crossbred,,SM007,,Conventional,Cross Breed,,,68.0,1.0,2025-12,4.0,8.0,
418.0,DZF,DZF,DZF,2025-12-12,DZF,77,Local crossbred,Cow,,left,19.0,CIDR+E2+ECG+PGF+GnRH,Fresh,,,Ruben,Talal,3.5,7.0,1.0,Yes,7.0,2026-01-15,Open,,,,2025-12-04,SM006 Nukra,Cross Breed,,SM007,,Conventional,Cross Breed,,,,0.0,2025-12,4.0,8.0,
419.0,DZF,DZF,DZF,2025-12-12,DZF,303,Local crossbred,Cow,,left,16.0,CIDR+E2+ECG+PGF+GnRH,Fresh,,,Ruben,Talal,3.5,7.0,1.0,Yes,7.0,2026-01-15,Open,,,,2025-12-04,SM006 Nukra,Cross Breed,,SM007,,Conventional,Cross Breed,,,,0.0,2025-12,4.0,8.0,
420.0,DZF,DZF,DZF,2025-12-12,DZF,62,Local crossbred,Cow,,right,14.0,CIDR+E2+ECG+PGF+GnRH,Frozen,,,Ruben,Talal,3.25,6.0,1.0,Yes,7.0,2026-01-15,Pregnant,,,,,597,Grey Brahman,,Mr Karu Manso 800,3.7,Conventional,Grey Brahman,,,68.0,1.0,2025-12,4.0,,
421.0,DZF,DZF,DZF,2025-12-12,DZF,32240,Local crossbred,Cow,,left,13.5,CIDR+E2+ECG+PGF+GnRH,Frozen,,,Ruben,Talal,3.25,6.0,1.0,Yes,7.0,2026-01-15,Open,,,,,597/9,Grey Brahman,,Mr Karu Manso 800,3.7,Conventional,Grey Brahman,,,,0.0,2025-12,4.0,,
422.0,DZF,DZF,DZF,2025-12-12,DZF,268,Local crossbred,Cow,,right,18.0,CIDR+E2+ECG+PGF+GnRH,Frozen,,,Ruben,Talal,3.25,6.0,1.0,,,2026-01-15,Pregnant,,,,,967/9,Grey Brahman,,Mr Karu Manso 800,3.7,Conventional,Grey Brahman,,,68.0,1.0,2025-12,4.0,,
423.0,DZF,DZF,DZF,2025-12-12,DZF,165,Local crossbred,Cow,,right,16.5,CIDR+E2+ECG+PGF+GnRH,Frozen,,,Ruben,Talal,3.0,6.0,1.0,,,2026-01-15,Open,,,,,23035,Grey Brahman,,JDH Janos Manso 709,2.0,Conventional,Grey Brahman,,,,0.0,2025-12,4.0,,
424.0,DZF,DZF,DZF,2025-12-12,DZF,228,Local crossbred,Cow,,left,11.5,CIDR+E2+ECG+PGF+GnRH,Frozen,,,Ruben,Talal,3.5,7.0,1.0,,,2026-01-15,Open,,,,,23035,Grey Brahman,,JDH Janos Manso 709,2.0,Conventional,Grey Brahman,,,,0.0,2025-12,4.0,,
425.0,DZF,DZF,DZF,2025-12-12,DZF,173,Local crossbred,Cow,,right,15.5,CIDR+E2+ECG+PGF+GnRH,Frozen,,,Ruben,Talal,3.25,7.0,1.0,Yes,7.0,2026-01-15,Pregnant,,,,,23035,Grey Brahman,,JDH Janos Manso 709,2.0,Conventional,Grey Brahman,,,68.0,1.0,2025-12,4.0,,
426.0,DZF,DZF,DZF,2025-12-12,DZF,169,Local crossbred,Cow,,right,16.0,CIDR+E2+ECG+PGF+GnRH,Frozen,,,Ruben,Talal,3.25,6.0,1.0,Yes,7.0,2026-01-15,Open,,,,,612+2/4,,,Mr Karu Manso 800,3.7,Conventional,Grey Brahman,,,,0.0,2025-12,4.0,,
427.0,DZF,DZF,DZF,2025-12-12,DZF,188,Local crossbred,Cow,,left,15.0,CIDR+E2+ECG+PGF+GnRH,Frozen,,,Ruben,Talal,3.25,6.0,1.0,,,2026-01-15,Open,,,,,612+2/4,,,Mr Karu Manso 800,3.7,Conventional,Grey Brahman,,,,0.0,2025-12,4.0,,
428.0,DZF,DZF,DZF,2025-12-12,DZF,195,Local crossbred,Cow,,right,11.0,CIDR+E2+ECG+PGF+GnRH,Frozen,,,Ruben,Talal,3.5,7.0,1.0,,,2026-01-15,Pregnant,,,,,04-04,Beef Master,-0.4,VL Rojo Whiskey 1/48,,Conventional,Red Brahman,,,68.0,1.0,2025-12,4.0,,
429.0,DZF,DZF,DZF,2025-12-17,DZF,352,Local crossbred,Cow,,right,12.0,CIDR+E2+ECG+PGF+GnRH,Frozen,DZF-1043-1,,Ruben,Talal,3.5,7.0,1.0,,,2026-01-20,Open,,,,,649/9,Grey Brahman,1.5,BRC Dutton 376/8,1.7,Conventional,Grey Brahman,,,,0.0,2025-12,2.0,,
430.0,DZF,DZF,DZF,2025-12-17,DZF,377,Local crossbred,Cow,,right,13.0,CIDR+E2+ECG+PGF+GnRH,Frozen,DZF-1043-1,,Ruben,Talal,3.25,7.0,1.0,Yes,7.0,2026-01-20,Open,,,,,649/9,Grey Brahman,1.5,BRC Dutton 376/8,1.7,Conventional,Grey Brahman,,,,0.0,2025-12,2.0,,
431.0,DZF,DZF,DZF,2025-12-17,DZF,320,Local crossbred,Cow,,right,15.0,CIDR+E2+ECG+PGF+GnRH,Frozen,DZF-1043-1,,Ruben,Talal,2.75,7.0,1.0,Yes,7.0,2026-01-20,Pregnant,,,,,649/9,Grey Brahman,1.5,BRC Dutton 376/8,1.7,Conventional,Grey Brahman,,,63.0,1.0,2025-12,2.0,,
432.0,DZF,DZF,DZF,2025-12-17,DZF,240,Local crossbred,Cow,,right,13.0,CIDR+E2+ECG+PGF+GnRH,Frozen,DZF-1043-1,,Ruben,Talal,3.0,7.0,1.0,,,2026-01-20,Open,,,,,649/9,Grey Brahman,1.5,BRC Dutton 376/8,1.7,Conventional,Grey Brahman,,,,0.0,2025-12,2.0,,
433.0,DZF,DZF,DZF,2025-12-17,DZF,117,Local crossbred,Cow,,left,10.0,CIDR+E2+ECG+PGF+GnRH,Frozen,DZF-1043-1,,Ruben,Talal,2.75,7.0,1.0,Yes,7.0,2026-01-20,Open,,,,,649/9,Grey Brahman,1.5,BRC Dutton 376/8,1.7,Conventional,Grey Brahman,,,,0.0,2025-12,2.0,,
434.0,DZF,DZF,DZF,2025-12-17,DZF,32020,Local crossbred,Cow,,left,12.0,CIDR+E2+ECG+PGF+GnRH,Frozen,DZF-1010-1,,Ruben,Talal,3.25,7.0,1.0,Yes,7.0,2026-01-20,Open,,,,,29M,Angus,,Reconquista 413 Eterno GC Bartolome,,Conventional,Angus,,,,0.0,2025-12,2.0,,
435.0,DZF,DZF,DZF,2025-12-17,DZF,262,Local crossbred,Cow,,left,12.0,CIDR+E2+ECG+PGF+GnRH,Frozen,DZF-1000-1,,Ruben,Talal,3.0,7.0,1.0,,,2026-01-20,Pregnant,,,,,609,Grey Brahman,2.3,Mr Karu Manso 800,3.7,Pre-Sorted for Female,Grey Brahman,,,63.0,1.0,2025-12,2.0,,
436.0,DZF,DZF,DZF,2025-12-17,DZF,31874,Local crossbred,Cow,,right,16.0,CIDR+E2+ECG+PGF+GnRH,Frozen,DZF-1045-1,,Ruben,Talal,3.5,7.0,1.0,Yes,7.0,2026-01-20,Pregnant,,,,,609/9,Grey Brahman,2.3,BRC Dutton 376/8,1.7,Conventional,Grey Brahman,,,63.0,1.0,2025-12,2.0,,
437.0,DZF,DZF,DZF,2025-12-17,DZF,300,Local crossbred,Cow,,right,14.0,CIDR+E2+ECG+PGF+GnRH,Frozen,DZF-1045-1,,Ruben,Talal,3.75,7.0,1.0,,,2026-01-20,Pregnant,,,,,609/9,Grey Brahman,2.3,BRC Dutton 376/8,1.7,Conventional,Grey Brahman,,,63.0,1.0,2025-12,2.0,,
438.0,DZF,DZF,DZF,2025-12-17,DZF,58,Local crossbred,Cow,,right,13.0,CIDR+E2+ECG+PGF+GnRH,Frozen,DZF-1045-1,,Ruben,Talal,3.25,7.0,1.0,Yes,7.0,2026-01-20,Open,,,,,609/9,Grey Brahman,2.3,BRC Dutton 376/8,1.7,Conventional,Grey Brahman,,,,0.0,2025-12,2.0,,
439.0,DZF,DZF,DZF,2025-12-17,DZF,250,Local crossbred,Cow,,right,17.0,CIDR+E2+ECG+PGF+GnRH,Frozen,DZF-1045-1,,Ruben,Talal,3.0,7.0,1.0,,,2026-01-20,Pregnant,,,,,609/9,Grey Brahman,2.3,BRC Dutton 376/8,1.7,Conventional,Grey Brahman,,,63.0,1.0,2025-12,2.0,,
440.0,DZF,DZF,DZF,2025-12-17,DZF,270,Local crossbred,Cow,,right,12.0,CIDR+E2+ECG+PGF+GnRH,Frozen,DZF-1045-1,,Ruben,Talal,3.25,7.0,1.0,Yes,7.0,2026-01-20,Open,,,,,609/9,Grey Brahman,2.3,BRC Dutton 376/8,1.7,Conventional,Grey Brahman,,,,0.0,2025-12,2.0,,
441.0,DZF,DZF,DZF,2025-12-17,DZF,312,Local crossbred,Cow,,left,15.0,CIDR+E2+ECG+PGF+GnRH,Frozen,DZF-1040-1,,Ruben,Talal,3.0,7.0,1.0,Yes,7.0,2026-01-20,Open,,,,,765/4,Grey Brahman,,VL Rojo Whiskey 1/48,,Conventional,Red Brahman,,,,0.0,2025-12,2.0,,
442.0,DZF,DZF,DZF,2025-12-17,DZF,323,Local crossbred,Cow,,right,13.0,CIDR+E2+ECG+PGF+GnRH,Frozen,DZF-1042-1,,Ruben,Talal,3.25,6.0,1.0,Yes,7.0,2026-01-20,Pregnant,,,,,602,Grey Brahman,2.5,Mr H Pride of Maddox Manso 684/8,2.7,Conventional,Grey Brahman,,,63.0,1.0,2025-12,2.0,,
443.0,DZF,DZF,DZF,2025-12-17,DZF,61,Local crossbred,Cow,,right,13.0,CIDR+E2+ECG+PGF+GnRH,Frozen,DZF-1056-1,,Ruben,Talal,3.0,7.0,1.0,,,2026-01-20,Pregnant,,,,,820/4,Grey Brahman,,MR V8 160/8,6.2,Conventional,Grey Brahman,,,63.0,1.0,2025-12,2.0,,
444.0,DZF,DZF,DZF,2025-12-17,DZF,126,Local crossbred,Cow,,right,14.0,CIDR+E2+ECG+PGF+GnRH,Frozen,DZF-1056-1,,Ruben,Talal,3.5,7.0,1.0,,,2026-01-20,Open,,,,,820/4,Grey Brahman,,MR V8 160/8,6.2,Conventional,Grey Brahman,,,,0.0,2025-12,2.0,,
445.0,DZF,DZF,DZF,2025-12-17,DZF,31890,Local crossbred,Cow,,right,12.0,CIDR+E2+ECG+PGF+GnRH,Frozen,DZF-1056-1,,Ruben,Talal,3.5,7.0,1.0,Yes,7.0,2026-01-20,Open,,,,,820/4,Grey Brahman,,MR V8 160/8,6.2,Conventional,Grey Brahman,,,,0.0,2025-12,2.0,,
446.0,DZF,DZF,DZF,2025-12-17,DZF,281,Local crossbred,Cow,,right,14.0,CIDR+E2+ECG+PGF+GnRH,Frozen,DZF-1056-1,,Ruben,Talal,3.25,7.0,1.0,,,2026-01-20,Open,,,,,820/4,Grey Brahman,,MR V8 160/8,6.2,Conventional,Grey Brahman,,,,0.0,2025-12,2.0,,
447.0,DZF,DZF,DZF,2025-12-17,DZF,237,Local crossbred,Cow,,left,14.0,CIDR+E2+ECG+PGF+GnRH,Frozen,DZF-1056-1,,Ruben,Talal,3.25,7.0,1.0,,,2026-01-20,Open,,,,,820/4,Grey Brahman,,MR V8 160/8,6.2,Conventional,Grey Brahman,,,,0.0,2025-12,2.0,,
448.0,DZF,DZF,DZF,2025-12-17,DZF,31996,Local crossbred,Cow,,left,14.0,CIDR+E2+ECG+PGF+GnRH,Frozen,DZF-1053-1,,Ruben,Talal,3.25,7.0,1.0,Yes,7.0,2026-01-20,Pregnant,,,,,609,Grey Brahman,2.3,MR V8 160/8,6.2,Conventional,Grey Brahman,,,63.0,1.0,2025-12,2.0,,
449.0,DZF,DZF,DZF,2025-12-17,DZF,95,Local crossbred,Cow,,left,12.0,CIDR+E2+ECG+PGF+GnRH,Frozen,DZF-1053-1,,Ruben,Talal,3.5,7.0,1.0,,,2026-01-20,Open,,,,,609/9,Grey Brahman,2.3,MR V8 160/8,6.2,Conventional,Grey Brahman,,,,0.0,2025-12,2.0,,
450.0,DZF,DZF,DZF,2025-12-17,DZF,31922,Local crossbred,Cow,,left,15.0,CIDR+E2+ECG+PGF+GnRH,Frozen,DZF-1060-1,,Ruben,Talal,3.5,7.0,1.0,Yes,7.0,2026-01-20,Pregnant,,,,,12691,Fresian,,Genosource Captain-ET,-0.89,Pre-Sorted for Female,Holstein Friesian,,,63.0,1.0,2025-12,2.0,,
451.0,DZF,DZF,DZF,2025-12-17,DZF,32826,Local crossbred,Cow,,left,20.0,CIDR+E2+ECG+PGF+GnRH,Frozen,DZF-1060-1,,Ruben,Talal,3.5,7.0,1.0,Yes,7.0,2026-01-20,Pregnant,,,,,12691,Fresian,,Genosource Captain-ET,-0.89,Pre-Sorted for Female,Holstein Friesian,,,63.0,1.0,2025-12,2.0,,
452.0,DZF,DZF,DZF,2025-12-17,DZF,31786,Local crossbred,Cow,,left,13.0,CIDR+E2+ECG+PGF+GnRH,Frozen,DZF-1060-1,,Ruben,Talal,3.5,7.0,1.0,Yes,7.0,2026-01-20,Pregnant,,,,,12691,Fresian,,Genosource Captain-ET,-0.89,Pre-Sorted for Female,Holstein Friesian,,,63.0,1.0,2025-12,2.0,,
453.0,DZF,DZF,DZF,2025-12-17,DZF,319,Local crossbred,Cow,,right,12.0,CIDR+E2+ECG+PGF+GnRH,Frozen,DZF-1060-1,,Ruben,Talal,3.25,7.0,1.0,Yes,7.0,2026-01-20,Open,,,,,12691,Fresian,,Genosource Captain-ET,-0.89,Pre-Sorted for Female,Holstein Friesian,,,,0.0,2025-12,2.0,,
454.0,DZF,DZF,DZF,2025-12-17,DZF,287,Local crossbred,Cow,,right,15.0,CIDR+E2+ECG+PGF+GnRH,Frozen,DZF-1060-1,,Ruben,Talal,3.25,7.0,1.0,,,2026-01-20,Pregnant,,,,,12691,Fresian,,Genosource Captain-ET,-0.89,Pre-Sorted for Female,Holstein Friesian,,,63.0,1.0,2025-12,2.0,,
455.0,DZF,DZF,DZF,2025-12-17,DZF,31591,Local crossbred,Cow,,left,18.0,CIDR+E2+ECG+PGF+GnRH,Frozen,DZF-1044-1,,Ruben,Talal,3.25,7.0,1.0,Yes,7.0,2026-01-20,Open,,,,,612,Fresian,2.2,BRC Dutton 376/8,1.7,Conventional,Grey Brahman,,,,0.0,2025-12,2.0,,
456.0,DZF,DZF,DZF,2025-12-17,DZF,32171,Local crossbred,Cow,,right,14.0,CIDR+E2+ECG+PGF+GnRH,Frozen,DZF-1045-1,,Ruben,Talal,3.25,7.0,1.0,Yes,7.0,2026-01-20,Pregnant,,,,,609/9,Grey Brahman,2.3,BRC Dutton 376/8,1.7,Conventional,Grey Brahman,,,63.0,1.0,2025-12,2.0,,
457.0,DZF,DZF,DZF,2025-12-17,DZF,32216,Local crossbred,Cow,,right,17.0,CIDR+E2+ECG+PGF+GnRH,Frozen,DZF-1045-1,,Ruben,Talal,3.25,7.0,1.0,,,2026-01-20,Pregnant,,,,,609/9,Grey Brahman,2.3,BRC Dutton 376/8,1.7,Conventional,Grey Brahman,,,63.0,1.0,2025-12,2.0,,
458.0,DZF,DZF,DZF,2025-12-17,DZF,85,Local crossbred,Cow,,right,15.0,CIDR+E2+ECG+PGF+GnRH,Frozen,DZF-1045-1,,Ruben,Talal,3.25,6.0,1.0,Yes,7.0,2026-01-20,Open,,,,,609/9,Grey Brahman,2.3,BRC Dutton 376/8,1.7,Conventional,Grey Brahman,,,,0.0,2025-12,2.0,,
459.0,DZF,DZF,DZF,2025-12-17,DZF,31828,Local crossbred,Cow,,left,17.0,CIDR+E2+ECG+PGF+GnRH,Frozen,DZF-1018-1,,Ruben,Talal,3.25,6.0,1.0,Yes,7.0,2026-01-20,Pregnant,,,,,820/4,Grey Brahman,,JDH Janos Manso 709,2.0,Conventional,Grey Brahman,,,63.0,1.0,2025-12,2.0,,
460.0,DZF,DZF,DZF,2025-12-17,DZF,32062,Local crossbred,Cow,,left,14.0,CIDR+E2+ECG+PGF+GnRH,Frozen,DZF-1018-1,,Ruben,Talal,3.25,7.0,1.0,Yes,7.0,2026-01-20,Open,,,,,820/4,Grey Brahman,,JDH Janos Manso 709,2.0,Conventional,Grey Brahman,,,,0.0,2025-12,2.0,,
461.0,DZF,DZF,DZF,2025-12-17,DZF,174,Local crossbred,Cow,,right,15.0,CIDR+E2+ECG+PGF+GnRH,Frozen,DZF-1018-1,,Ruben,Talal,3.25,7.0,1.0,Yes,7.0,2026-01-20,Pregnant,,,,,820/4,Grey Brahman,,JDH Janos Manso 709,2.0,Conventional,Grey Brahman,,,63.0,1.0,2025-12,2.0,,
462.0,DZF,DZF,DZF,2025-12-17,DZF,334,Local crossbred,Cow,,right,15.0,CIDR+E2+ECG+PGF+GnRH,Frozen,DZF-1018-1,,Ruben,Talal,3.25,7.0,1.0,,,2026-01-20,Open,,,,,820/4,Grey Brahman,,JDH Janos Manso 709,2.0,Conventional,Grey Brahman,,,,0.0,2025-12,2.0,,
463.0,DZF,DZF,DZF,2025-12-17,DZF,155,Local crossbred,Cow,,right,18.0,CIDR+E2+ECG+PGF+GnRH,Frozen,DZF-1018-1,,Ruben,Talal,3.25,7.0,1.0,Yes,7.0,2026-01-20,Open,,,,,820/4,Grey Brahman,,JDH Janos Manso 709,2.0,Conventional,Grey Brahman,,,,0.0,2025-12,2.0,,
464.0,DZF,DZF,DZF,2025-12-17,DZF,324,Local crossbred,Cow,,right,12.0,CIDR+E2+ECG+PGF+GnRH,Frozen,DZF-1018-3,,Ruben,Talal,3.25,7.0,1.0,Yes,7.0,2026-01-20,Open,,,,,820/4,Grey Brahman,,JDH Janos Manso 709,2.0,Conventional,Grey Brahman,,,,0.0,2025-12,2.0,,
465.0,DZF,DZF,DZF,2025-12-17,DZF,354,Local crossbred,Cow,,left,14.0,CIDR+E2+ECG+PGF+GnRH,Frozen,DZF-1018-3,,Ruben,Talal,3.25,7.0,1.0,Yes,7.0,2026-01-20,Pregnant,,,,,820/4,Grey Brahman,,JDH Janos Manso 709,2.0,Conventional,Grey Brahman,,,63.0,1.0,2025-12,2.0,,
466.0,DZF,DZF,DZF,2025-12-17,DZF,301,Local crossbred,Cow,,right,15.0,CIDR+E2+ECG+PGF+GnRH,Frozen,DZF-1018-3,,Ruben,Talal,3.25,7.0,1.0,Yes,7.0,2026-01-20,Pregnant,,,,,820/4,Grey Brahman,,JDH Janos Manso 709,2.0,Conventional,Grey Brahman,,,63.0,1.0,2025-12,2.0,,
467.0,DZF,DZF,DZF,2025-12-17,DZF,318,Local crossbred,Cow,,left,15.0,CIDR+E2+ECG+PGF+GnRH,Frozen,DZF-1018-3,,Ruben,Talal,3.25,7.0,1.0,Yes,7.0,2026-01-20,Open,,,,,820/4,Grey Brahman,,JDH Janos Manso 709,2.0,Conventional,Grey Brahman,,,,0.0,2025-12,2.0,,
468.0,DZF,DZF,DZF,2025-12-17,DZF,286,Local crossbred,Cow,,right,14.0,CIDR+E2+ECG+PGF+GnRH,Frozen,DZF-1014-1,,Ruben,Talal,3.25,7.0,1.0,Yes,7.0,2026-01-20,Pregnant,,,,,204,Red Brahman,3.7,MR H AUBURN ROJO 706,1.4,Conventional,Red Brahman,,,63.0,1.0,2025-12,2.0,,
469.0,DZF,DZF,DZF,2025-12-17,DZF,342,Local crossbred,Cow,,right,14.0,CIDR+E2+ECG+PGF+GnRH,Frozen,DZF-1055-1,,Ruben,Talal,3.25,6.0,1.0,Yes,7.0,2026-01-20,Pregnant,,,,,602,Grey Brahman,2.5,MR V8 160/8,6.2,Conventional,Grey Brahman,,,63.0,1.0,2025-12,2.0,,
470.0,DZF,DZF,DZF,2025-12-17,DZF,371,Local crossbred,Cow,,right,12.0,CIDR+E2+ECG+PGF+GnRH,Frozen,DZF-1018-3,,Ruben,Talal,3.25,7.0,1.0,Yes,7.0,2026-01-20,Open,,,,,820/4,Grey Brahman,,JDH Janos Manso 709,2.0,Conventional,Grey Brahman,,,,0.0,2025-12,2.0,,
471.0,DZF,DZF,DZF,2025-12-17,DZF,350,Local crossbred,Cow,,right,16.0,CIDR+E2+ECG+PGF+GnRH,Frozen,DZF-1018-2,,Ruben,Talal,3.25,6.0,1.0,Yes,7.0,2026-01-20,Open,,,,,820/4,Grey Brahman,,JDH Janos Manso 709,2.0,Conventional,Grey Brahman,,,,0.0,2025-12,2.0,,
472.0,DZF,DZF,DZF,2025-12-17,DZF,356,Local crossbred,Cow,,left,12.5,CIDR+E2+ECG+PGF+GnRH,Frozen,DZF-1018-2,,Ruben,Talal,3.25,6.0,1.0,,,2026-01-20,Open,,,,,820/4,Grey Brahman,,JDH Janos Manso 709,2.0,Conventional,Grey Brahman,,,,0.0,2025-12,2.0,,
473.0,DZF,DZF,DZF,2025-12-17,DZF,32291,Local crossbred,Cow,,right,16.5,CIDR+E2+ECG+PGF+GnRH,Frozen,DZF-1018-2,,Ruben,Talal,3.25,6.0,1.0,Yes,7.0,2026-01-20,Open,,,,,820/4,Grey Brahman,,JDH Janos Manso 709,2.0,Conventional,Grey Brahman,,,,0.0,2025-12,2.0,,
474.0,DZF,DZF,DZF,2025-12-17,DZF,32159,Local crossbred,Cow,,right,14.0,CIDR+E2+ECG+PGF+GnRH,Frozen,DZF-1018-2,,Ruben,Talal,3.25,6.0,1.0,,,2026-01-20,Pregnant,,,,,820/4,Grey Brahman,,JDH Janos Manso 709,2.0,Conventional,Grey Brahman,,,63.0,1.0,2025-12,2.0,,
475.0,DZF,DZF,DZF,2025-12-17,DZF,345,Local crossbred,Cow,,left,14.0,CIDR+E2+ECG+PGF+GnRH,Frozen,DZF-1018-2,,Ruben,Talal,3.25,6.0,1.0,,,2026-01-20,Open,,,,,820/4,Grey Brahman,,JDH Janos Manso 709,2.0,Conventional,Grey Brahman,,,,0.0,2025-12,2.0,,
476.0,DZF,DZF,DZF,2025-12-17,DZF,32141,Local crossbred,Cow,,right,12.0,CIDR+E2+ECG+PGF+GnRH,Frozen,DZF-1014-1,,Ruben,Talal,3.25,6.0,1.0,Yes,7.0,2026-01-20,Open,,,,,204,Red Brahman,3.7,MR H AUBURN ROJO 706,1.4,Conventional,Red Brahman,,,,0.0,2025-12,2.0,,
477.0,DZF,DZF,DZF,2025-12-17,DZF,87,Local crossbred,Cow,,right,12.0,CIDR+E2+ECG+PGF+GnRH,Frozen,DZF-1014-1,,Ruben,Talal,3.25,6.0,1.0,Yes,7.0,2026-01-20,Open,,,,,204,Red Brahman,3.7,MR H AUBURN ROJO 706,1.4,Conventional,Red Brahman,,,,0.0,2025-12,2.0,,
478.0,DZF,DZF,DZF,2025-12-17,DZF,307,Local crossbred,Cow,,right,15.5,CIDR+E2+ECG+PGF+GnRH,Frozen,DZF-1014-1,,Ruben,Talal,3.25,7.0,1.0,,,2026-01-20,Pregnant,,,,,204,Red Brahman,3.7,MR H AUBURN ROJO 706,1.4,Conventional,Red Brahman,,,63.0,1.0,2025-12,2.0,,
479.0,DZF,DZF,DZF,2026-02-04,DZF,355,Local crossbred,Cow,Yes,left,15.0,CIDR+E2+ECG+PGF+GnRH,Frozen,DZF-1016-6,,Masroor,Talal,3.25,6.0,1.0,Yes,7.0,,,,,,,246,Grey Brahman,,JDH Janos Manso 709,2.0,Conventional,Grey Brahman,,,,,2026-02,2.0,,
480.0,DZF,DZF,DZF,2026-02-04,DZF,264,Local crossbred,Cow,Yes,left,15.0,CIDR+E2+ECG+PGF+GnRH,Frozen,DZF-1016-1,,Masroor,Talal,3.25,7.0,1.0,Yes,7.0,,,,,,,246,Grey Brahman,,JDH Janos Manso 709,2.0,Conventional,Grey Brahman,,,,,2026-02,2.0,,
481.0,DZF,DZF,DZF,2026-02-04,DZF,289,Local crossbred,Cow,,right,14.5,CIDR+E2+ECG+PGF+GnRH,Frozen,DZF-1016-1,,Masroor,Talal,3.25,7.0,1.0,,,,,,,,,246,Grey Brahman,,JDH Janos Manso 709,2.0,Conventional,Grey Brahman,,,,,2026-02,2.0,,
482.0,DZF,DZF,DZF,2026-02-04,DZF,143,Local crossbred,Cow,Yes,right,14.0,CIDR+E2+ECG+PGF+GnRH,Frozen,DZF-1016-1,,Masroor,Talal,3.25,7.0,1.0,Yes,7.0,,,,,,,246,Grey Brahman,,JDH Janos Manso 709,2.0,Conventional,Grey Brahman,,,,,2026-02,2.0,,
483.0,DZF,DZF,DZF,2026-02-04,DZF,172,Local crossbred,Cow,Yes,left,12.5,CIDR+E2+ECG+PGF+GnRH,Frozen,DZF-1016-1,,Masroor,Talal,3.25,7.0,1.0,Yes,7.0,,,,,,,246,Grey Brahman,,JDH Janos Manso 709,2.0,Conventional,Grey Brahman,,,,,2026-02,2.0,,
484.0,DZF,DZF,DZF,2026-02-04,DZF,104,Local crossbred,Cow,,right,15.0,CIDR+E2+ECG+PGF+GnRH,Frozen,DZF-1016-1,,Masroor,Talal,3.25,7.0,1.0,,,,,,,,,246,Grey Brahman,,JDH Janos Manso 709,2.0,Conventional,Grey Brahman,,,,,2026-02,2.0,,
485.0,DZF,DZF,DZF,2026-02-04,DZF,184,Local crossbred,Cow,Yes,right,16.5,CIDR+E2+ECG+PGF+GnRH,Frozen,DZF-1016-1,,Masroor,Talal,3.25,6.0,1.0,Yes,7.0,,,,,,,257,Grey Brahman,,JDH Janos Manso 709,2.0,Conventional,Grey Brahman,,,,,2026-02,2.0,,
486.0,DZF,DZF,DZF,2026-02-04,DZF,189,Local crossbred,Cow,,right,16.5,CIDR+E2+ECG+PGF+GnRH,Frozen,DZF-1016-1,,Masroor,Talal,3.25,7.0,1.0,,,,,,,,,257,Grey Brahman,,JDH Janos Manso 709,2.0,Conventional,Grey Brahman,,,,,2026-02,2.0,,
487.0,DZF,DZF,DZF,2026-02-04,DZF,348,Local crossbred,Cow,Yes,right,16.5,CIDR+E2+ECG+PGF+GnRH,Frozen,DZF-1016-1,,Masroor,Talal,3.25,7.0,1.0,Yes,7.0,,,,,,,257,Grey Brahman,,JDH Janos Manso 709,2.0,Conventional,Grey Brahman,,,,,2026-02,2.0,,
488.0,DZF,DZF,DZF,2026-02-04,DZF,205,Local crossbred,Cow,,right,15.5,CIDR+E2+ECG+PGF+GnRH,Frozen,DZF-1016-1,,Masroor,Talal,3.25,6.0,1.0,,,,,,,,,257,Grey Brahman,,JDH Janos Manso 709,2.0,Conventional,Grey Brahman,,,,,2026-02,2.0,,
